headword,pos,CEFR
a,determiner,A1
a.m.,adverb,A1
A.M.,adverb,A1
abandon,verb,B1
abandoned,adjective,B2
ability,noun,A2
able,adjective,B1
abnormal,adjective,B1
abnormally,adverb,B2
aboard,adverb,B1
abolish,verb,B2
aboriginal,adjective,B2
aborigine,noun,B1
about,adverb,A1
about,preposition,A1
above,adjective,B1
above,adverb,A1
above,preposition,A1
abroad,adverb,A2
abruptly,adverb,B2
absence,noun,B1
absent,adjective,B1
absentee,noun,B2
absolute,adjective,B1
absolutely,adverb,B1
absorb,verb,B1
abstract,adjective,B1
absurd,adjective,B2
abundance,noun,B1
abundant,adjective,B1
abuse,noun,B2
academic,adjective,B1
academy,noun,B1
accent,noun,B1
accept,verb,A2
acceptable,adjective,A2
acceptance,noun,B1
access,noun,B1
access,verb,B2
accessibility,noun,B2
accessible,adjective,B1
accessory,noun,B1
accident,noun,A2
accidental,adjective,B1
accidentally,adverb,B1
accommodation,noun,B2
accompany,verb,B1
accomplish,verb,B1
according to,preposition,B1
accordingly,adverb,B2
account,noun,A2
account,verb,B1
accountant,noun,B1
accumulate,verb,B2
accuracy,noun,B1
accurate,adjective,B1
accurately,adverb,B1
accusation,noun,B2
accuse,verb,B1
accustom,verb,B1
ache,noun,B1
ache,verb,B2
achievable,adjective,B2
achieve,verb,A2
achievement,noun,B1
acid,noun,B2
acknowledge,verb,B1
acknowledgement,noun,B1
acknowledgment,noun,B1
acquaintance,noun,B1
acquire,verb,B1
acquisition,noun,B2
across,adverb,A2
across,preposition,A2
act,noun,A2
act,verb,B1
action,noun,A1
active,adjective,B1
actively,adverb,B2
activity,noun,A1
actor,noun,A1
actress,noun,B1
actual,adjective,B2
actually,adverb,A2
acute,adjective,B2
ad,noun,B1
adapt,verb,B1
adaptable,adjective,B2
add,verb,A1
addict,noun,B2
addicted,adjective,B2
addiction,noun,B2
addition,noun,A2
additional,adjective,A2
additionally,adverb,B2
address,noun,A1
address,verb,B1
addressee,noun,B1
adequate,adjective,B2
adequately,adverb,B2
adjective,noun,A2
adjust,verb,A2
adjustment,noun,B2
administration,noun,B1
administrative,adjective,B2
admirable,adjective,B2
admiration,noun,B1
admire,verb,A2
admiringly,adverb,B2
admission,noun,B1
admit,verb,A2
admittedly,adverb,B2
adopt,verb,B1
adopted,adjective,B2
adoption,noun,B2
adorable,adjective,B1
adore,verb,B2
adorn,verb,B2
adult,adjective,A2
adult,noun,A2
advance,noun,B2
advance,verb,B1
advanced,adjective,A2
advancement,noun,B2
advantage,noun,A2
advent,noun,B2
adventure,noun,A2
adventurous,adjective,B2
adverb,noun,B1
adverbial,adjective,B1
adverse,adjective,B2
adversely,adverb,B2
adversity,noun,B2
advert,noun,B1
advertise,verb,B1
advertisement,noun,A2
advertising,noun,A2
advice,noun,A2
advise,verb,A2
adviser,noun,B1
advisor,noun,B1
aerobics,noun,B1
aeroplane,noun,A1
affair,noun,A2
affect,verb,B1
affection,noun,B1
affectionate,adjective,B2
affectionately,adverb,B2
afford,verb,B1
affordable,adjective,B2
afraid,adjective,A1
after,adverb,A2
after,conjunction,B1
after,preposition,A1
afternoon,noun,A1
afterward,adverb,B1
afterwards,adverb,B1
again,adverb,A1
against,preposition,A2
age,noun,A1
aged,adjective,A2
ageless,adjective,B2
agency,noun,A2
agenda,noun,B1
agent,noun,A2
aggressive,adjective,B1
aggressively,adverb,B2
ago,adverb,A1
agonise,verb,B2
agonize,verb,B2
agony,noun,B2
agree,verb,A1
agreement,noun,B1
agricultural,adjective,B1
agriculture,noun,B1
ahead,adverb,A2
aid,noun,B1
aid,verb,B1
aim,noun,B1
aim,verb,B2
air,noun,A2
air conditioning,noun,B1
air force,noun,B1
aircraft,noun,B2
aircrew,noun,B2
airline,noun,B1
airplane,noun,A1
airport,noun,A1
aisle,noun,A2
alarm,noun,A2
alarm,verb,B1
alarm clock,noun,A2
album,noun,A1
alcohol,noun,B1
alcoholic,adjective,B1
alcoholic,noun,B2
alcoholism,noun,B2
alert,verb,B2
alike,adjective,B1
alike,adverb,B1
alive,adjective,A2
all,adverb,A2
all,determiner,A1
all,pronoun,A1
all right,adjective,A1
all right,adverb,A1
allegation,noun,B2
allergic,adjective,B1
alliance,noun,B2
allow,verb,A2
allowance,noun,B1
ally,noun,B2
almost,adverb,A1
alone,adjective,A2
alone,adverb,A1
along,adverb,A1
along,preposition,A2
alongside,preposition,B2
aloud,adverb,B1
alphabet,noun,B1
alphabetical,adjective,B2
already,adverb,A1
alright,adjective,A2
alright,adverb,A2
also,adverb,A1
altar,noun,B2
alter,verb,B2
alternate,verb,B2
alternative,adjective,B1
alternative,noun,B1
alternatively,adverb,B2
although,conjunction,A2
altitude,noun,B2
altogether,adverb,B1
aluminium,noun,B2
aluminum,noun,B2
always,adverb,A1
am,adverb,A1
AM,adverb,A1
am,be-verb,A1
amaze,verb,B2
amazed,adjective,B1
amazement,noun,B2
amazing,adjective,B1
amazingly,adverb,B2
ambassador,noun,B2
ambiguity,noun,B2
ambiguous,adjective,B2
ambition,noun,A2
ambitious,adjective,B1
ambulance,noun,B1
ammonia,noun,B2
among,preposition,A2
amongst,preposition,B2
amount,noun,B1
ample,adjective,B2
amplifier,noun,B2
amplify,verb,B2
amuse,verb,B2
amused,adjective,A2
amusement,noun,A2
amusing,adjective,B1
an,determiner,A1
analogy,noun,B2
analyse,verb,B1
analysis,noun,B1
analyst,noun,B2
analyze,verb,B1
ancestor,noun,A2
anchor,noun,B2
anchorage,noun,B2
anchorman,noun,B2
anchorperson,noun,B2
ancient,adjective,A2
and,conjunction,A1
angel,noun,A2
anger,noun,B1
angle,noun,B1
angrily,adverb,A2
angry,adjective,A1
anguish,noun,B2
animal,noun,A1
animate,verb,B2
animated,adjective,B1
animation,noun,B1
ankle,noun,A2
anniversary,noun,A2
announce,verb,B1
announcement,noun,B1
annoy,verb,A2
annoyance,noun,B1
annoyed,adjective,B1
annoying,adjective,A2
annual,adjective,B1
annually,adverb,B1
anonymous,adjective,B2
another,determiner,A1
another,pronoun,A2
answer,noun,A1
answer,verb,A1
ant,noun,B1
anti,adjective,B1
antiaircraft,adjective,B2
antibacterial,adjective,B2
anticancer,noun,B2
anticipate,verb,B2
anticipation,noun,B2
antipollution,noun,B2
antique,adjective,B2
antique,noun,B1
antistatic,adjective,B2
antivirus,noun,B2
antonym,noun,B1
anxiety,noun,B1
anxious,adjective,A2
anxiously,adverb,B1
any,determiner,A1
any,pronoun,A1
anybody,pronoun,A1
anyhow,adverb,B1
anymore,adverb,A2
anyone,pronoun,A1
anything,pronoun,A1
anyway,adverb,A2
anywhere,adverb,A2
apart,adverb,A2
apartment,noun,A2
ape,noun,B1
apologise,verb,A2
apologize,verb,A2
apology,noun,B1
apostrophe,noun,B2
apparent,adjective,B1
apparently,adverb,A2
appeal,noun,B1
appeal,verb,B2
appear,verb,A2
appearance,noun,A2
appetite,noun,B1
applaud,verb,B1
applause,noun,B1
apple,noun,A1
applicant,noun,B2
application,noun,B1
apply,verb,A2
appoint,verb,B1
appointment,noun,A2
appreciate,verb,A2
appreciation,noun,B1
appreciative,adjective,B2
approach,noun,B1
approach,verb,B2
appropriate,adjective,A2
appropriately,adverb,B2
approval,noun,B1
approve,verb,B1
approximate,adjective,B2
approximately,adverb,B1
April,noun,A1
apron,noun,A1
arch,noun,B2
archaeologist,noun,B2
archeologist,noun,B2
architect,noun,B1
architecture,noun,A2
arctic,adjective,B2
are,be-verb,A1
area,noun,A2
arena,noun,B2
argue,verb,A2
argument,noun,A2
arise,verb,B1
aristocracy,noun,B2
arithmetic,noun,B1
arm,noun,A1
arm,verb,B1
armchair,noun,A2
armed,adjective,A2
armful,noun,B2
army,noun,B1
around,adverb,A2
around,preposition,A1
arouse,verb,B2
arrange,verb,B1
arrangement,noun,B1
arrest,noun,B1
arrest,verb,B1
arrival,noun,B1
arrive,verb,A1
arrogant,adjective,B2
arrow,noun,B1
art,noun,A1
artery,noun,B2
article,noun,A1
articulate,verb,B2
artificial,adjective,A2
artificially,adverb,B2
artist,noun,B1
artistic,adjective,B1
artistry,noun,B2
as,conjunction,A2
as,preposition,A1
ash,noun,B2
ashamed,adjective,B1
aside,adverb,B1
ask,verb,A1
asleep,adjective,A2
aspect,noun,B1
aspiration,noun,B2
aspire,verb,B2
aspirin,noun,B1
assault,noun,B2
assemble,verb,B2
assembly,noun,B2
assert,verb,B2
assess,verb,B2
assessment,noun,B2
assign,verb,B1
assignment,noun,B1
assist,verb,B1
assistance,noun,B1
assistant,adjective,A2
assistant,noun,B1
associate,verb,B1
association,noun,A2
assume,verb,B1
assumption,noun,B2
assurance,noun,B2
assure,verb,B2
astonish,verb,B2
astonished,adjective,B2
astonishing,adjective,B2
astonishment,noun,B2
astronaut,noun,A2
astronomer,noun,B1
astronomy,noun,B2
at,preposition,A1
athlete,noun,A2
athletic,adjective,B1
athletics,noun,B2
Atlantic,adjective,B1
atmosphere,noun,B1
atom,noun,A2
atomic,adjective,B1
attach,verb,B1
attached,adjective,B2
attachment,noun,B1
attack,noun,A2
attack,verb,A2
attain,verb,B1
attainable,adjective,B2
attainment,noun,B2
attempt,noun,A2
attempt,verb,B1
attend,verb,B1
attendance,noun,B2
attention,noun,A2
attentive,adjective,B2
attentively,adverb,B2
attitude,noun,A2
attract,verb,B1
attraction,noun,B1
attractive,adjective,A2
attractiveness,noun,B2
attribute,noun,B2
attribute,verb,B2
atypical,adjective,B2
aubergine,noun,B2
audience,noun,A2
audio,adjective,A2
audit,noun,B2
audition,noun,B2
August,noun,A1
aunt,noun,A1
author,noun,A2
authorise,verb,B2
authoritative,adjective,B2
authority,noun,B1
authorize,verb,B2
automatic,adjective,A2
automatically,adverb,A2
autumn,noun,A1
auxiliary,adjective,B1
availability,noun,B2
available,adjective,B1
avenue,noun,B1
average,adjective,A2
average,noun,A2
avoid,verb,A2
await,verb,B2
awake,adjective,A1
award,noun,A2
award,verb,B1
aware,adjective,B1
awareness,noun,B1
away,adverb,A1
awe,noun,B2
awesome,adjective,B1
awful,adjective,A2
awkward,adjective,B1
ax,noun,B2
axe,noun,B2
axis,noun,B2
baby,noun,A1
babysit,verb,B1
babysitter,noun,B1
back,adjective,A2
back,adverb,A1
back,noun,A1
back,verb,B1
backache,noun,B1
background,noun,A2
backpack,noun,B1
backpacker,noun,B1
backpacking,noun,B1
backup,noun,B2
backward,adverb,B2
backwards,adverb,B2
backyard,noun,B2
bacon,noun,B1
bad,adjective,A1
badge,noun,B2
badly,adverb,A2
badminton,noun,A2
bad-tempered,adjective,B2
bag,noun,A1
baggage,noun,B1
bake,verb,A2
baker,noun,B1
bakery,noun,B1
balance,noun,B1
balance,verb,B2
balanced,adjective,B2
balcony,noun,A2
bald,adjective,B1
balky,adjective,B2
ball,noun,A1
ballad,noun,B2
ballet,noun,B2
balloon,noun,A2
ballot,noun,B2
ban,noun,B2
ban,verb,B2
banana,noun,A1
band,noun,A1
bandage,noun,B1
bang,noun,B1
bang,verb,B1
bank,noun,A1
bank,verb,A2
bank account,noun,B1
banker,noun,B2
banking,noun,A2
bankrupt,verb,B2
bankruptcy,noun,B2
bar,noun,A1
bar,verb,B1
barbecue,noun,A2
barbecue,verb,B1
barber,noun,A2
barbershop,noun,B2
bare,adjective,B1
bare,verb,B2
barely,adverb,B1
bargain,noun,A2
bargain,verb,B2
bark,noun,B1
bark,verb,B2
barley,noun,B2
barman,noun,B1
barn,noun,B2
barometer,noun,B2
barrel,noun,B1
barren,adjective,B2
barrier,noun,B2
bartender,noun,B2
base,noun,A2
base,verb,B1
baseball,noun,A1
basement,noun,B1
basic,adjective,A2
basically,adverb,A2
basin,noun,B1
basis,noun,B1
basket,noun,A2
basketball,noun,A1
bat,noun,A1
bat,verb,B1
batch,noun,A2
bath,noun,A1
bathe,verb,B1
bathhouse,noun,B2
bathroom,noun,A1
battery,noun,A2
battle,noun,B1
battlefield,noun,B2
bay,noun,A2
be,be-verb,A1
beach,noun,A1
beagle,noun,B2
beak,noun,B2
beam,noun,B2
bean,noun,A1
bear,noun,A1
bear,verb,A2
beard,noun,B1
bearing,noun,B2
beast,noun,B1
beat,noun,B2
beat,verb,B1
beautiful,adjective,A1
beautifully,adverb,B1
beautify,verb,B2
beauty,noun,A2
beaver,noun,B1
because,conjunction,A1
because of,preposition,B1
become,verb,A1
bed,noun,A1
bedroom,noun,A1
bedside,noun,B1
bee,noun,A1
beef,noun,A1
been,be-verb,A2
beer,noun,A2
before,adverb,A1
before,conjunction,A2
before,preposition,A1
beg,verb,A2
begin,verb,A1
beginner,noun,A2
beginning,noun,A2
behalf,noun,B1
behave,verb,B1
behavior,noun,A2
behaviour,noun,A2
behind,adverb,A1
behind,preposition,A1
being,be-verb,A1
being,noun,A2
belief,noun,B1
believe,verb,A1
bell,noun,A1
bellow,verb,B2
belly,noun,A2
belong,verb,A2
belongings,noun,B2
beloved,adjective,B1
below,adverb,A1
below,preposition,A1
belt,noun,A2
bench,noun,A2
bend,noun,B2
bend,verb,A2
beneath,preposition,B1
beneficial,adjective,B2
benefit,noun,B1
benefit,verb,B2
benevolence,noun,B2
benevolent,adjective,B2
bent,adjective,B1
berry,noun,B2
beside,preposition,A1
besides,adverb,A2
besides,preposition,B1
best,adjective,A1
best,adverb,A1
bestow,verb,B2
bestseller,noun,B2
bet,verb,B1
betray,verb,B2
better,adjective,A1
better,adverb,A2
between,preposition,A1
bewilder,verb,B2
bewilderment,noun,B2
beyond,preposition,A2
bicycle,noun,A1
bid,verb,B2
bidding,noun,B2
big,adjective,A1
bike,noun,A1
bikini,noun,B2
bilingual,adjective,B1
bill,noun,A2
bill,verb,B1
billion,noun,B2
bin,noun,B1
bind,verb,B2
bio,noun,B2
biochemistry,noun,B1
biography,noun,B1
biological,adjective,B2
biology,noun,B1
biotechnology,noun,B2
bird,noun,A1
birdcage,noun,B2
birth,noun,A1
birthday,noun,A1
birthplace,noun,B2
biscuit,noun,A1
bishop,noun,B1
bit,noun,A2
bite,noun,A2
bite,verb,B1
bitter,adjective,B1
bitterly,adverb,B2
bizarre,adjective,B2
black,adjective,A1
black,noun,A1
blackboard,noun,A2
blade,noun,B2
blame,noun,B1
blame,verb,A2
blank,adjective,A1
blanket,noun,A2
blast,noun,B2
blast,verb,B2
blaze,noun,B2
blaze,verb,B2
bleed,verb,B1
blend,noun,B2
blend,verb,B1
bless,verb,B1
blessing,noun,B1
blind,adjective,B1
blindly,adverb,B2
blindness,noun,B2
blink,verb,B2
block,noun,A1
block,verb,B1
blog,noun,B1
blogger,noun,B1
blonde,adjective,A2
blood,noun,A2
bloodstream,noun,B2
bloody,adjective,B2
bloody,adverb,B2
bloom,noun,A2
blooming,adjective,B2
blossom,noun,B2
blow,noun,A2
blow,verb,A1
blue,adjective,A1
blue,noun,A1
blur,verb,B2
blurt,noun,B2
blush,noun,B1
blush,verb,B2
board,noun,A1
board,verb,B1
board game,noun,A2
boast,verb,B1
boat,noun,A1
body,noun,A1
boil,verb,A2
boiled,adjective,A2
boiling,adjective,B2
bold,adjective,B1
bold,noun,B2
boldly,adverb,B1
bolt,noun,B2
bolt,verb,B2
bomb,noun,B1
bomb,verb,B1
bombard,noun,B2
bomber,noun,B2
bombing,noun,B2
bond,noun,B1
bone,noun,A1
bonus,noun,A2
bony,adjective,B2
book,noun,A1
book,verb,B1
bookcase,noun,A2
booking,noun,B1
bookish,adjective,B2
booklet,noun,B2
bookmark,noun,B2
bookmark,verb,B2
bookshelf,noun,A2
bookshop,noun,A2
bookstore,noun,A1
boom,noun,B1
boost,noun,B2
boost,verb,B2
boot,noun,B1
booth,noun,B2
border,noun,B1
bore,verb,B1
bored,adjective,A2
boredom,noun,B1
boring,adjective,A1
borrow,verb,A1
boss,noun,A2
bossy,adjective,B2
botany,noun,B2
both,adverb,A1
both,determiner,A1
both,pronoun,A1
bother,noun,B1
bother,verb,A2
bothered,adjective,B2
bothersome,adjective,B2
bottle,noun,A1
bottle,verb,B2
bottom,noun,A1
bounce,noun,B2
bounce,verb,B1
bound,adjective,B1
bourbon,noun,B2
bow,noun,B1
bow,verb,B2
bowl,noun,A1
bowl,verb,B1
box,noun,A1
boxer,noun,B2
boxing,noun,B1
boy,noun,A1
boyfriend,noun,A1
bra,noun,A2
bracelet,noun,B1
bracket,noun,B2
brag,noun,B2
brain,noun,A1
brainstorm,noun,A2
brainstorming,noun,B1
brake,noun,A2
brake,verb,B2
branch,noun,A2
branch,verb,B1
brand,noun,A2
brand-new,adjective,B1
brass,noun,B1
brave,adjective,A2
bravely,adverb,B1
bravery,noun,B2
bread,noun,A1
break,noun,A2
break,verb,A1
breakable,adjective,B2
breakdown,noun,B2
breakfast,noun,A1
breakthrough,noun,B1
breakup,noun,B2
breast,noun,B1
breath,noun,B1
breathe,verb,A1
breathless,adjective,B1
breathtaking,adjective,B2
breed,noun,B2
breed,verb,B1
breeding,noun,B1
breeze,noun,A2
breezy,adjective,B2
brewery,noun,B2
brick,noun,B1
bride,noun,A2
bridge,noun,A1
brief,adjective,B1
briefly,adverb,B1
bright,adjective,A1
brightly,adverb,B1
brilliant,adjective,A2
brilliantly,adverb,B2
bring,verb,A1
broad,adjective,B1
broadband,noun,B2
broadcast,noun,B1
broadcast,verb,B2
broadcaster,noun,B2
broaden,verb,B2
broadly,adverb,B2
broccoli,noun,B1
brochure,noun,B2
broken,adjective,A1
bronze,noun,B1
brother,noun,A1
brotherhood,noun,B1
brother-in-law,noun,B2
brown,adjective,A1
brown,noun,A2
browse,verb,B2
browser,noun,B2
bruise,noun,B2
brush,noun,A1
brush,verb,A1
bubble,noun,B1
bucket,noun,A1
bud,noun,B2
buddy,noun,B1
budget,adjective,B2
budget,noun,A2
bug,noun,A2
build,verb,A1
builder,noun,B1
building,noun,A1
bulb,noun,A2
bulimia,noun,B2
bull,noun,B1
bullet,noun,B1
bulletin,noun,B1
bully,verb,B2
bum,noun,B2
bump,verb,B1
bumper,noun,B2
bun,noun,B2
bunch,noun,B1
burden,noun,B1
burden,verb,B2
burdensome,adjective,B2
bureau,noun,B1
bureaucracy,noun,B2
burger,noun,A1
burglar,noun,B1
burglary,noun,B2
burgle,verb,B2
burial,noun,B2
burn,noun,A2
burn,verb,B1
burning,adjective,B1
burst,verb,B1
bury,verb,A2
bus,noun,A1
bus station,noun,A2
bus stop,noun,A2
bush,noun,A2
business,noun,A1
businessman,noun,A2
businesswoman,noun,A2
bust,verb,B1
bustle,verb,B2
bustling,adjective,B2
busy,adjective,A1
but,conjunction,A1
but,preposition,B1
butcher,noun,B1
butcher,verb,B2
butter,noun,A1
butterfly,noun,A1
button,noun,A1
buy,verb,A1
buyer,noun,B1
buzz,noun,B2
buzz,verb,B2
by,preposition,A1
bye,noun,A1
cab,noun,A2
cabbage,noun,B1
cabin,noun,B1
cabinet,noun,B2
cable,noun,B2
cafe,noun,A1
café,noun,A1
cafeteria,noun,A2
cage,noun,B1
cake,noun,A1
calculate,verb,B1
calculation,noun,B1
calculator,noun,B1
calendar,noun,A2
calf,noun,B1
call,noun,A1
call,verb,A2
caller,noun,B1
calm,adjective,B1
calmly,adverb,B2
calmness,noun,B1
camel,noun,B1
camera,noun,A1
camp,noun,A1
camp,verb,A2
campaign,noun,B2
camping,noun,A2
campsite,noun,B1
campus,noun,A2
can,modal auxiliary,A1
can,noun,A2
canal,noun,B1
cancel,verb,B1
cancer,noun,B1
candidate,noun,B2
candle,noun,B1
candy,noun,A1
cane,noun,B2
canned,adjective,B1
cannonball,noun,B2
canon,noun,B2
canteen,noun,B1
cap,noun,A1
capability,noun,B2
capable,adjective,B1
capacity,noun,B1
capital,noun,A2
capital letter,noun,A2
capsule,noun,B1
captain,noun,A2
caption,noun,B2
captive,noun,B2
capture,noun,B1
capture,verb,B1
car,noun,A1
car park,noun,A2
caravan,noun,B2
carbon,noun,B2
carbon dioxide,noun,B2
carbon footprint,noun,B2
carbon monoxide,noun,B2
card,noun,A1
cardboard,noun,B2
cardigan,noun,B2
care,noun,A1
care,verb,B1
career,noun,B1
carefree,adjective,B2
careful,adjective,A1
carefully,adverb,A1
careless,adjective,B1
carelessly,adverb,B1
carelessness,noun,B1
caring,adjective,B2
carnival,noun,B2
carpet,noun,B1
carpool,noun,B2
carriage,noun,B1
carrot,noun,A2
carry,verb,A1
carton,noun,B1
cartoon,noun,A1
carve,verb,B2
cascade,noun,B2
case,noun,A1
cash,noun,A2
cashpoint,noun,B1
cassette,noun,A2
cast,noun,B2
cast,verb,B2
castle,noun,A2
casual,adjective,B1
casually,adverb,B2
cat,noun,A1
catalog,noun,B2
catalogue,noun,B2
catalyst,noun,B2
catastrophe,noun,B2
catastrophic,adjective,B2
catch,noun,A1
catch,verb,A1
catchy,adjective,B2
categorisation,noun,B2
categorise,verb,B1
categorization,noun,B2
categorize,verb,B1
category,noun,B1
catering,noun,B2
cathedral,noun,B2
cattle,noun,B1
cause,noun,B2
cause,verb,A2
caution,noun,B1
cautious,adjective,B1
cave,noun,B1
CD,noun,A1
CD player,noun,A1
CD-ROM,noun,B1
cease,verb,B2
ceiling,noun,B2
celebrate,verb,A1
celebration,noun,A1
celebrity,noun,B1
cell,noun,B1
cellar,noun,B2
cellist,noun,B2
cello,noun,B2
cemetery,noun,B2
cent,noun,A2
center,noun,A2
centigrade,noun,B2
centimeter,noun,A2
centimetre,noun,A2
central,adjective,B1
central heating,noun,B1
centre,noun,A2
century,noun,A2
cereal,noun,A2
ceremony,noun,B1
certain,adjective,A2
certainly,adverb,A2
certainty,noun,B1
certificate,noun,B2
certification,noun,B2
certify,verb,B2
chain,noun,A2
chair,noun,A1
chairman,noun,A2
challenge,noun,A2
challenge,verb,B2
challenging,adjective,B1
champagne,noun,A2
champion,noun,B1
championship,noun,A2
chance,noun,A2
chancellor,noun,B2
change,noun,A1
change,verb,A1
channel,noun,B1
chaos,noun,B1
chaotic,adjective,B2
chapter,noun,A2
character,noun,A1
characterise,verb,B1
characteristic,adjective,B2
characteristic,noun,B1
characterize,verb,B1
charge,noun,B1
charge,verb,B1
chariot,noun,B1
charity,noun,B1
charm,noun,B1
charming,adjective,B2
chart,noun,A2
chase,noun,B1
chase,verb,B2
chat,noun,B1
chat,verb,A2
chat show,noun,B1
cheap,adjective,A2
cheat,verb,B2
check,noun,A1
check,verb,A2
check-in,noun,B1
check-in counter,noun,B1
check-in desk,noun,B1
checkout,noun,B1
checkpoint,noun,B2
cheek,noun,A2
cheeky,adjective,B2
cheer,verb,A2
cheerful,adjective,B1
cheerfully,adverb,B2
cheerfulness,noun,B2
cheese,noun,A1
chef,noun,A2
chemical,adjective,A2
chemical,noun,B1
chemist,noun,B1
chemistry,noun,B1
chemotherapy,noun,B2
cheque,noun,A2
cherish,verb,B1
cherished,adjective,B2
cherry,noun,B2
chess,noun,A2
chest,noun,A2
chest of drawers,noun,B1
chew,verb,B2
chewing gum,noun,B1
chicken,noun,A1
chief,adjective,B1
chief,noun,B2
child,noun,A1
childhood,noun,A2
childish,adjective,B2
chili,noun,A2
chilli,noun,A2
chimney,noun,B2
chimpanzee,noun,A2
chin,noun,A2
chip,noun,B2
chirp,noun,A2
chocolate,noun,A1
choice,noun,A2
choir,noun,B1
choke,verb,B1
choose,verb,A1
chop,verb,B2
Christian,adjective,B1
chronological,adjective,B1
chuckle,noun,B1
chunk,noun,B2
church,noun,A1
cigarette,noun,A2
cinema,noun,A1
circle,noun,A1
circle,verb,B1
circuit,noun,B2
circuitry,noun,B2
circular,adjective,B1
circumstance,noun,B2
circus,noun,B1
citizen,noun,A2
citizenship,noun,B1
city,noun,A1
citywide,adjective,B2
civil,adjective,B1
civilisation,noun,B1
civilization,noun,B1
claim,noun,B1
claim,verb,A2
clam,noun,B2
clap,verb,B2
clarify,verb,B2
class,noun,A1
classic,adjective,A2
classic,noun,B2
classical,adjective,B1
classical music,noun,A2
classification,noun,B2
classify,verb,B1
classmate,noun,A1
classroom,noun,A1
clause,noun,B2
clean,adjective,A1
clean,verb,A1
cleaner,noun,A2
clear,adjective,A2
clear,verb,B1
clearly,adverb,A2
clearness,noun,B2
clerical,adjective,B2
clerk,noun,A2
clever,adjective,A1
click,noun,B1
click,verb,A2
client,noun,B2
cliff,noun,B1
climate,noun,B1
climate change,noun,B2
climb,noun,A1
climb,verb,A2
climber,noun,B1
climbing,noun,A2
clinic,noun,B1
clip,noun,B1
clock,noun,A1
clog,verb,B2
clone,verb,A2
close,adjective,A1
close,verb,A1
closed,adjective,A1
closely,adverb,B1
closure,noun,B2
cloth,noun,A1
clothes,noun,A1
clothing,noun,B2
cloud,noun,A1
cloudy,adjective,A1
clown,noun,A2
club,noun,A1
clue,noun,A2
clumsy,adjective,B2
coach,noun,A1
coach,verb,B2
coaching,noun,B2
coal,noun,B1
coalition,noun,B2
coarse,adjective,B2
coast,noun,A2
coast,verb,B1
coastal,adjective,B1
coastline,noun,B2
coat,noun,A1
cocktail,noun,B2
cocoa,noun,B2
coconut,noun,B2
cod,noun,B1
code,noun,A1
coffee,noun,A1
coffin,noun,B1
coherence,noun,B2
coherent,adjective,B2
coin,noun,A2
coincide,verb,B2
coincidence,noun,B2
coke,noun,A1
cola,noun,A2
cold,adjective,A1
cold,noun,A1
collapse,noun,B1
collapse,verb,B2
collar,noun,B1
colleague,noun,B2
collect,verb,A1
collection,noun,A1
collector,noun,B2
college,noun,A1
collocation,noun,B2
colon,noun,B2
colonial,adjective,B2
color,noun,A1
color,verb,A1
colorful,adjective,A2
colour,noun,A1
colour,verb,A1
colourful,adjective,A2
column,noun,A2
columnist,noun,B1
coma,noun,B2
comb,noun,A2
comb,verb,B2
combination,noun,B1
combine,verb,B1
come,verb,A1
comedian,noun,B1
comedy,noun,B1
comet,noun,B1
comfort,noun,B1
comfortable,adjective,A2
comfortably,adverb,B2
comic,adjective,A2
comic,noun,A2
comma,noun,B1
command,noun,B1
commander,noun,B2
commemorate,verb,B2
comment,noun,B1
comment,verb,B2
commerce,noun,B2
commercial,adjective,B1
commercial,noun,B2
commission,noun,B2
commit,verb,B1
commitment,noun,A2
committee,noun,A2
common,adjective,A2
common sense,noun,B1
commonly,adverb,B1
commonwealth,noun,B2
communicate,verb,A2
communication,noun,A2
communicative,adjective,B2
community,noun,B2
commute,verb,B2
companion,noun,B1
company,noun,A2
comparative,noun,A2
compare,verb,A2
comparison,noun,B1
compassion,noun,B2
compassionate,adjective,B2
compatible,adjective,B2
compensate,verb,B2
compensation,noun,B2
compete,verb,B1
competence,noun,B2
competent,adjective,B2
competition,noun,A2
competitive,adjective,B1
competitor,noun,B1
compile,verb,B2
complain,verb,A2
complaint,noun,A2
complement,noun,B1
complete,adjective,A2
complete,verb,B1
completely,adverb,B1
completion,noun,B2
complex,adjective,B1
complexion,noun,B2
complexity,noun,B2
complicate,verb,B1
complicated,adjective,B1
compliment,noun,B1
component,noun,B2
compose,verb,B1
composer,noun,A2
composition,noun,B1
compound,noun,B1
comprehension,noun,B2
comprehensive,adjective,B2
compress,noun,B2
compression,noun,B2
compromise,noun,B1
compromise,verb,B2
compulsory,adjective,B2
compute,verb,B2
computer,noun,A1
conceal,verb,B2
concede,verb,B2
conceit,noun,B2
conceivable,adjective,B2
conceive,verb,B2
concentrate,verb,A2
concentration,noun,B1
concept,noun,B1
conception,noun,B2
concern,noun,A2
concern,verb,B2
concerned,adjective,B1
concerning,preposition,B2
concert,noun,A1
concession,noun,B2
conclude,verb,B1
conclusion,noun,B1
concrete,adjective,B2
concrete,noun,B2
condemn,verb,B2
condition,noun,A2
conduct,noun,B1
conduct,verb,B2
conductor,noun,B2
cone,noun,B2
conference,noun,B2
conferencing,noun,B2
confess,verb,B2
confession,noun,B2
confidence,noun,B1
confident,adjective,A2
confidently,adverb,B2
confine,verb,B2
confirm,verb,B1
confirmation,noun,B1
conflict,noun,B1
confront,verb,B2
confuse,verb,A2
confused,adjective,A2
confusing,adjective,B1
confusion,noun,B1
congratulate,verb,B1
conjunction,noun,B2
connect,verb,B1
connection,noun,B1
connexion,noun,B1
conquer,verb,B1
conquest,noun,B2
conscience,noun,B2
conscious,adjective,B1
consciousness,noun,B2
consensus,noun,B2
consent,noun,B2
consequence,noun,A2
consequently,adverb,B1
conservation,noun,B1
conservative,adjective,B1
consider,verb,A2
considerable,adjective,B1
considerably,adverb,B2
consideration,noun,B1
considering,conjunction,B2
considering,preposition,B2
consist,verb,A2
consistent,adjective,B2
consolation,noun,B2
console,verb,B2
consonant,noun,B1
constant,adjective,B2
constantly,adverb,B1
constitute,verb,B1
constitution,noun,B1
construct,verb,B1
construction,noun,B1
consult,verb,B2
consultant,noun,B2
consume,verb,B1
consumer,noun,B1
consumption,noun,B1
contact,noun,A2
contact,verb,A2
contain,verb,B1
container,noun,A2
contaminate,verb,B2
contemporary,adjective,B2
contempt,noun,B2
content,adjective,B2
content,noun,B1
contest,noun,A1
context,noun,A2
continent,noun,A2
continual,adjective,B1
continually,adverb,B1
continue,verb,A2
continuous,adjective,B1
continuously,adverb,B1
contract,noun,B2
contradict,verb,B2
contradiction,noun,B2
contradictory,adjective,B2
contrary,adjective,B1
contrast,noun,A2
contribute,verb,B1
contribution,noun,B1
control,noun,A2
control,verb,B1
controversial,adjective,B1
controversy,noun,B2
convenience,noun,A2
convenient,adjective,A2
conveniently,adverb,B2
convention,noun,B2
conventional,adjective,B2
conversation,noun,A1
converse,noun,B2
conversely,adverb,B2
conversion,noun,B2
convert,verb,B2
convey,verb,B1
convince,verb,B1
convinced,adjective,B2
cook,noun,A1
cook,verb,A1
cooker,noun,A2
cookie,noun,A1
cooking,noun,A2
cool,adjective,A1
cool,verb,B2
cooler,noun,A2
cooperate,verb,B2
cooperation,noun,B2
cooperative,adjective,B2
cop,noun,A1
cope,verb,B2
copper,noun,B2
copy,noun,A1
copy,verb,A2
copyright,noun,B1
coral,noun,B2
core,noun,B2
corn,noun,A1
corner,noun,A1
cornerstone,noun,B2
cornet,noun,B2
corona,noun,B2
corporal,adjective,B2
corporate,adjective,B2
corporation,noun,B2
correct,adjective,A1
correct,verb,B2
correction,noun,B1
correctly,adverb,A2
correctness,noun,B2
correspond,verb,B2
correspondence,noun,B2
correspondent,noun,B2
corresponding,adjective,B2
corridor,noun,B2
corrupt,adjective,B2
corruption,noun,B2
cosiness,noun,B2
cost,noun,A2
cost,verb,A2
costly,adjective,B2
costume,noun,B2
cosy,adjective,B2
cottage,noun,B2
cotton,noun,B1
couch,noun,A1
cough,noun,B2
cough,verb,B1
could,modal auxiliary,A1
council,noun,B1
counseling,noun,B1
counselling,noun,B1
count,noun,B1
count,verb,A2
counter,noun,B2
counter,verb,B1
countless,adjective,B1
country,noun,A2
countryman,noun,B2
countryside,noun,A2
countrywide,adjective,B2
county,noun,B1
couple,noun,A2
courage,noun,B1
courageous,adjective,B1
courgette,noun,B1
course,noun,A1
court,noun,A2
courtesy,noun,B2
cousin,noun,A1
cover,noun,A1
cover,verb,A2
cow,noun,A1
coward,noun,B2
cowardly,adjective,B2
coziness,noun,B2
cozy,adjective,B2
crab,noun,B2
crack,noun,B2
crack,verb,B2
craft,noun,B1
craftsman,noun,B2
crash,noun,B1
crash,verb,B1
crater,noun,B2
crawl,verb,B2
crazy,adjective,A2
cream,adjective,A2
cream,noun,A1
crease,noun,B2
create,verb,A2
creation,noun,B2
creative,adjective,A2
creatively,adverb,B2
creativity,noun,A2
creator,noun,B1
creature,noun,A2
credit,noun,A2
credit card,noun,A1
creek,noun,B2
creepy,adjective,B2
crew,noun,B2
cricket,noun,A2
crime,noun,A2
criminal,adjective,B2
criminal,noun,B1
cripple,noun,B2
crisis,noun,B1
crisp,noun,A2
critic,noun,B1
critical,adjective,B1
critically,adverb,B2
criticise,verb,A2
criticism,noun,B2
criticize,verb,A2
crocodile,noun,B2
crop,noun,B1
cross,noun,A2
cross,verb,A2
crossing,noun,B1
crossly,adverb,B2
crossroads,noun,B1
crow,noun,B1
crowd,noun,A2
crowded,adjective,A2
crown,noun,A2
crucial,adjective,B2
cruel,adjective,B1
cruelly,adverb,B2
cruelty,noun,B2
cruise,noun,A2
cruise,verb,B2
crush,noun,B1
cry,noun,A1
cry,verb,A2
crystallise,verb,B2
crystallize,verb,B2
cube,noun,B2
cubism,noun,B2
cucumber,noun,B1
cuff,noun,B2
culmination,noun,B2
cultivate,verb,B1
cultural,adjective,B1
culturally,adverb,B2
culture,noun,A1
cup,noun,A1
cupboard,noun,A2
cure,noun,B1
cure,verb,B2
curiosity,noun,B1
curious,adjective,B1
curiously,adverb,B1
curl,noun,B2
curly,adjective,B1
currency,noun,B1
current,adjective,B1
currently,adverb,B1
curriculum,noun,B1
curry,noun,A2
curse,noun,A2
cursor,noun,B2
curtain,noun,B1
curve,noun,B1
cushion,noun,B1
custom,noun,A2
customer,noun,A2
customs,noun,B1
cut,noun,B1
cut,verb,A1
cute,adjective,A1
CV,noun,B1
cyberaddict,noun,B2
cybercafe,noun,B2
cybercafé,noun,B2
cybercrime,noun,B2
cyberpet,noun,B2
cyberschool,noun,B2
cyberspace,noun,B2
cycle,noun,B1
cycle,verb,B1
cycling,noun,A2
cyclist,noun,B2
dad,noun,A1
daddy,noun,A1
daft,adjective,B2
daily,adjective,A2
daily,adverb,A2
daisy,noun,B1
dam,noun,A2
damage,noun,B1
damage,verb,B1
damaged,adjective,B1
damn,adjective,B2
damn,adverb,B2
damn,interjection,B2
damp,adjective,B1
dance,noun,A1
dance,verb,A1
dancer,noun,A2
dancing,noun,A1
dandelion,noun,B2
danger,noun,A2
dangerous,adjective,A2
dangerously,adverb,B1
dare,verb,B1
dark,adjective,A1
darkness,noun,B1
darling,adjective,B2
darling,noun,B2
dash,noun,B2
dash,verb,B2
data,noun,B2
database,noun,B2
date,noun,A1
date,verb,B1
dated,adjective,B2
dating,noun,B1
daughter,noun,A1
daughter-in-law,noun,B2
dawn,noun,B2
day,noun,A1
daylight,noun,A2
daytime,noun,B2
daze,noun,B1
dazzle,noun,B1
de facto,adjective,B2
dead,adjective,A2
deadline,noun,B1
deadly,adjective,B1
deaf,adjective,B1
deal,noun,A2
deal,verb,B1
dealer,noun,B1
dear,adjective,A1
dear,noun,B2
dearly,adverb,B2
death,noun,A2
debate,noun,A2
debit,noun,B2
debit,verb,B2
debit card,noun,B2
debris,noun,B1
debt,noun,B1
decade,noun,B2
decay,verb,B2
deceive,verb,B2
December,noun,A1
decent,adjective,B2
deceptive,adjective,B2
decide,verb,A2
decision,noun,B1
decisive,adjective,B2
deck,noun,B2
declaration,noun,B1
declare,verb,B1
decline,noun,B1
decline,verb,B2
decomposition,noun,B2
decorate,verb,B2
decoration,noun,B2
decorative,adjective,B2
decrease,noun,B1
decrease,verb,B1
dedicate,verb,B1
dedication,noun,B2
deduce,verb,B2
deduction,noun,B2
deed,noun,B1
deem,verb,B2
deep,adjective,B2
deep,adverb,A2
deeply,adverb,A2
deer,noun,B2
defeat,noun,B2
defeat,verb,B1
defence,noun,B1
defend,verb,B1
defender,noun,B1
defense,noun,B1
deficiency,noun,B1
deficit,noun,B2
define,verb,B1
definite,adjective,B1
definite article,noun,B1
definitely,adverb,B1
definition,noun,B1
deforestation,noun,B2
defy,verb,B2
degree,noun,A2
dehumanise,verb,B2
dehumanize,verb,B2
delay,noun,A2
delay,verb,B1
delegate,noun,B2
delete,verb,B1
deliberate,adjective,B2
deliberately,adverb,B2
delicacy,noun,B2
delicate,adjective,B1
delicately,adverb,B2
delicious,adjective,A1
delight,noun,B1
delight,verb,B2
delighted,adjective,B1
delightful,adjective,B1
deliver,verb,B1
delivery,noun,B1
demand,noun,B1
demand,verb,B1
demanding,adjective,B2
democracy,noun,B1
democratic,adjective,B1
demolish,verb,B2
demonstrate,verb,B1
demonstration,noun,B1
denim,noun,B2
dense,adjective,B2
densely,adverb,B2
dental,adjective,B2
dentist,noun,A2
deny,verb,B1
depart,verb,B1
department,noun,B1
department store,noun,A2
departure,noun,B1
depend,verb,A2
dependable,adjective,B2
dependent,adjective,B1
deposit,noun,B1
deposit,verb,B2
depressed,adjective,B1
depressing,adjective,B1
depression,noun,B1
deprive,verb,B1
depth,noun,B1
deputy,noun,B2
derive,verb,B1
descend,verb,B2
describe,verb,A1
description,noun,A2
descriptive,adjective,B2
desert,noun,A2
deserve,verb,B1
design,noun,A1
design,verb,B1
designer,adjective,B2
designer,noun,B1
desirable,adjective,B2
desire,noun,B1
desire,verb,B2
desk,noun,A1
desktop,noun,B2
desolation,noun,B2
despair,noun,B1
desperate,adjective,B1
desperately,adverb,B2
desperation,noun,B2
despise,verb,B2
despite,preposition,B1
dessert,noun,A2
destination,noun,B1
destiny,noun,B2
destroy,verb,A2
destruction,noun,B1
destructive,adjective,B1
detach,verb,B2
detachment,noun,B2
detail,noun,A2
detailed,adjective,B2
detect,verb,B2
detective,noun,B1
determination,noun,B1
determine,verb,B1
determined,adjective,B2
determiner,noun,B2
devastate,verb,B1
devastating,adjective,B1
develop,verb,A2
developed,adjective,A2
developing,adjective,B2
development,noun,B1
device,noun,B1
devil,noun,B2
devote,verb,B2
devoted,adjective,B2
devotion,noun,B1
diagram,noun,B1
dial,noun,B1
dial,verb,B1
dialog,noun,B1
dialogue,noun,B1
diameter,noun,B1
diamond,noun,A2
diaper,noun,B1
diarrhea,noun,B2
diarrhoea,noun,B2
diary,noun,A2
dictator,noun,B2
dictionary,noun,A1
did,do-verb,A1
die,verb,A2
diet,noun,A2
differ,verb,B1
difference,noun,A1
different,adjective,A1
differently,adverb,A2
difficult,adjective,A1
difficulty,noun,A2
dig,noun,A1
dig,verb,B1
digest,noun,B2
digital,adjective,B1
digital camera,noun,A2
dignify,verb,B2
dignity,noun,B2
dilemma,noun,B2
diligence,noun,B1
diligent,adjective,B1
dim,adjective,B2
dime,noun,B2
dimension,noun,B2
dining room,noun,A1
dinner,noun,A1
dinosaur,noun,A2
dioxide,noun,B1
dip,verb,B2
diphtheria,noun,B2
diploma,noun,B2
diplomat,noun,B2
direct,adjective,A2
direct,verb,B1
direction,noun,A2
directly,adverb,B1
director,noun,A2
dirt,noun,B1
dirty,adjective,A1
disability,noun,B1
disable,verb,B1
disabled,adjective,B1
disadvantage,noun,A2
disagree,verb,A2
disagreement,noun,B1
disappear,verb,A2
disappearance,noun,B2
disappoint,verb,B1
disappointed,adjective,A2
disappointing,adjective,A2
disappointment,noun,B1
disapproval,noun,B2
disapprove,verb,B2
disaster,noun,B1
disastrous,adjective,B1
disc,noun,B1
disc jockey,noun,B1
discharge,noun,B2
disciple,noun,B2
discipline,noun,B2
disco,noun,A2
discomfort,noun,B1
disconnect,verb,B2
discount,noun,B1
discourage,verb,B1
discover,verb,A2
discovery,noun,B1
discredit,verb,B2
discriminate,verb,B2
discrimination,noun,B1
discuss,verb,A1
discussion,noun,A2
disease,noun,B1
disgrace,noun,B2
disguise,noun,B2
disguise,verb,B2
disgusting,adjective,B1
dish,noun,A1
dishonest,adjective,A2
dishonesty,noun,B2
dishwasher,noun,B1
disillusion,verb,B2
disk,noun,B1
disk jockey,noun,B1
dislike,noun,A2
dislike,verb,B1
dismiss,verb,B2
disorder,noun,B2
disorderly,adjective,B2
disorganised,adjective,B2
disorganized,adjective,B2
dispensable,adjective,B2
displace,verb,B2
display,noun,A2
display,verb,B1
displeasure,noun,B2
disposal,noun,B2
disposition,noun,B2
dispute,noun,B2
disqualify,verb,B2
disregard,noun,B2
disrupt,verb,B2
dissatisfaction,noun,B2
dissatisfied,adjective,B2
dissident,noun,B2
dissolve,verb,B1
distance,noun,B1
distant,adjective,B1
distinction,noun,B1
distinctly,adverb,B1
distinguish,verb,B1
distinguished,adjective,B2
distortion,noun,B2
distract,verb,B2
distraction,noun,B2
distressing,adjective,B2
distribute,verb,B1
distribution,noun,B1
distributor,noun,B2
district,noun,B1
disturb,verb,A2
disturbance,noun,B1
dive,noun,B1
dive,verb,B1
diver,noun,B1
diverse,adjective,B1
diversion,noun,B2
divert,verb,B2
divide,noun,B1
divide,verb,A2
divided,adjective,B2
divine,adjective,B1
diving,noun,B1
division,noun,B2
divorce,noun,B2
divorce,verb,B2
divorced,adjective,B1
dizzy,adjective,A2
DJ,noun,B1
DNA,noun,B2
do,do-verb,A1
doc,noun,B1
dock,noun,B2
doctor,noun,A1
document,noun,B1
documentary,noun,B1
does,do-verb,A1
dog,noun,A1
doing,do-verb,A1
doll,noun,A1
dollar,noun,A1
dolphin,noun,B1
domestic,adjective,B2
dominate,verb,B2
donate,verb,B2
donation,noun,B2
done,do-verb,A2
donkey,noun,B2
doom,noun,B2
door,noun,A1
doorkeeper,noun,B2
doorway,noun,B2
dorm,noun,B2
dormitory,noun,B2
dose,noun,B2
dot,noun,B1
double,adjective,A2
double,noun,B2
double,verb,B2
doubly,adverb,B2
doubt,noun,A2
doubt,verb,B2
doubtful,adjective,B2
dove,noun,B2
down,adjective,B2
down,adverb,A1
down,preposition,A2
downfall,noun,B2
download,noun,B2
download,verb,A2
downsize,verb,B2
downstairs,adjective,B1
downstairs,adverb,A2
downtown,adverb,A2
downward,adjective,B1
dowry,noun,B2
doze,noun,B1
dozen,determiner,B1
dozen,noun,B1
Dr,noun,A1
Dr.,noun,A1
draft,noun,B2
drag,verb,B1
drain,noun,B2
drain,verb,B2
drama,noun,A1
dramatic,adjective,B1
dramatically,adverb,B2
drapery,noun,B2
draught,noun,B2
draw,noun,A2
draw,verb,A1
drawer,noun,A2
drawing,noun,A2
dread,verb,B2
dreadful,adjective,B2
dream,noun,A1
dream,verb,A2
dreamy,adjective,B2
dress,noun,A1
dress,verb,A2
dressed,adjective,A2
drill,noun,A2
drink,noun,A1
drink,verb,A1
drinkable,adjective,B2
drive,noun,A1
drive,verb,A2
driver,noun,A1
driver's license,noun,A2
driving licence,noun,A2
droop,noun,B2
drop,noun,A2
drop,verb,A1
dropout,noun,B2
drought,noun,B2
drown,verb,B1
drug,noun,A2
drugstore,noun,A2
drum,noun,A1
drunk,adjective,B1
dry,adjective,A1
dry,verb,A2
duck,noun,A2
dude,noun,B1
due,adjective,A1
duel,noun,B2
dull,adjective,B1
dumb,adjective,B2
dump,noun,B1
dump,verb,B1
duplicate,noun,B2
duplication,noun,B2
during,preposition,A2
dust,noun,A2
dustbin,noun,B1
dusty,adjective,B1
duty,noun,B1
duty-free,adjective,B1
duvet,noun,B1
DVD,noun,A1
dwarf,noun,B2
dye,noun,B2
dynamic,adjective,B2
dynasty,noun,B1
each,determiner,A1
each,pronoun,A1
each other,pronoun,A1
eager,adjective,B1
eagerly,adverb,B2
eagerness,noun,B1
eagle,noun,B2
ear,noun,A1
earache,noun,B1
early,adjective,A2
early,adverb,A1
earn,verb,A2
earnest,adjective,B1
earnings,noun,B2
earring,noun,A2
earth,noun,A2
earthquake,noun,A2
ease,noun,B2
ease,verb,B2
easily,adverb,A2
east,adjective,A2
east,adverb,A2
east,noun,A2
eastern,adjective,B1
eastward,adverb,B2
eastwards,adverb,B2
easy,adjective,A1
easygoing,adjective,B1
easy-going,adjective,B1
eat,verb,A1
eco,noun,B1
ecological,adjective,B1
ecologically,adverb,B2
ecologist,noun,B2
ecology,noun,B1
economic,adjective,B1
economical,adjective,B2
economics,noun,B1
economist,noun,B2
economy,noun,B1
ecosystem,noun,B1
ecstasy,noun,B1
ecstatic,adjective,B2
edge,noun,B1
edit,noun,B2
edit,verb,B2
edition,noun,B1
editor,noun,A2
editorial,noun,B2
educate,verb,B1
educated,adjective,B2
education,noun,A2
educational,adjective,A2
educator,noun,B2
effect,noun,A2
effective,adjective,B1
effectively,adverb,B2
effectiveness,noun,B2
efficiency,noun,B1
efficient,adjective,B1
effort,noun,A2
egg,noun,A1
eight,number,A1
eighteen,number,A1
eighty,number,A1
either,adverb,A1
either,conjunction,A2
either,determiner,B1
either,pronoun,B1
elbow,noun,B1
elderly,adjective,A2
elect,verb,B2
election,noun,B1
elective,adjective,B2
electric,adjective,A2
electrical,adjective,B1
electrician,noun,B2
electricity,noun,B1
electron,noun,B1
electronic,adjective,B1
electronically,adverb,B2
electronics,noun,B2
elegance,noun,B2
elegant,adjective,B2
elegantly,adverb,B2
element,noun,B1
elemental,adjective,B2
elementary,adjective,A1
elephant,noun,A2
elevator,noun,A2
eleven,number,A1
eligible,adjective,B2
eliminate,verb,B1
elite,noun,B2
eloquence,noun,B2
eloquent,adjective,B2
else,adverb,A1
elsewhere,adverb,A2
email,verb,A2
email,noun,A1
e-mail,noun,A1
E-mail,noun,A1
embarrass,verb,B1
embarrassed,adjective,B1
embarrassing,adjective,A2
embarrassment,noun,B1
embassy,noun,B2
embrace,noun,B2
emerge,verb,B1
emergence,noun,B2
emergency,noun,A2
emotion,noun,B1
emotional,adjective,B1
emotionally,adverb,B1
emperor,noun,B1
emphasis,noun,B1
emphasise,verb,B1
emphasize,verb,B1
emphatically,adverb,B2
empire,noun,B1
employ,verb,B2
employee,noun,B2
employer,noun,B2
employment,noun,B1
empty,adjective,A2
enable,verb,B1
enclose,verb,B1
encounter,noun,B1
encounter,verb,B2
encourage,verb,A2
encouragement,noun,B1
encouraging,adjective,B1
encyclopaedia,noun,B1
encyclopedia,noun,B1
end,noun,A1
end,verb,A2
endanger,verb,B1
endangered,adjective,A2
endeavor,noun,B2
endeavour,noun,B2
ending,noun,A2
endless,adjective,B1
endlessly,adverb,B2
endorse,verb,B2
endurance,noun,B2
endure,verb,B1
enduring,adjective,B2
enemy,noun,B1
energetic,adjective,A2
energy,noun,B2
enforce,verb,B2
engage,verb,B1
engaged,adjective,B1
engagement,noun,B2
engine,noun,B1
engineer,noun,A1
engineering,noun,B1
Englishman,noun,B1
engulf,verb,B2
enhance,verb,B2
enjoy,verb,A1
enjoyable,adjective,B1
enjoyment,noun,B1
enormous,adjective,A2
enough,adverb,A2
enough,determiner,A2
enough,pronoun,A2
enquire,verb,B2
enquiry,noun,B1
enrich,verb,B1
enrol,verb,B2
enroll,verb,B2
ensure,verb,B1
enter,verb,A2
enterprise,noun,B2
entertain,verb,B1
entertainer,noun,B1
entertaining,adjective,B2
entertainment,noun,A2
enthusiasm,noun,B1
enthusiast,noun,B1
enthusiastic,adjective,B1
enthusiastically,adverb,B2
entire,adjective,B1
entirely,adverb,B1
entitle,verb,B2
entrance,noun,A2
entrepreneur,noun,B2
entry,noun,B1
envelope,noun,A2
environment,noun,B2
environmental,adjective,B1
environmentalist,noun,B1
environmentally,adverb,B2
environmentally friendly,adjective,B2
envy,noun,A2
envy,verb,B2
episode,noun,A2
equal,adjective,B1
equal,noun,B2
equal,verb,B2
equality,noun,B1
equally,adverb,B1
equation,noun,B2
equip,verb,B2
equipment,noun,B1
equity,noun,B2
era,noun,B1
erect,adjective,B2
error,noun,A2
erupt,verb,B2
eruption,noun,B2
escalator,noun,A2
escape,noun,A2
escape,verb,B1
especially,adverb,A2
essay,noun,A2
essayist,noun,B2
essence,noun,B1
essential,adjective,B1
essentially,adverb,B2
establish,verb,A2
establishment,noun,B1
estate,noun,B2
estimate,noun,B2
estimate,verb,B1
estimated,adjective,B2
eternal,adjective,B1
eternally,adverb,B2
eternity,noun,B1
ethic,noun,B2
ethnic,adjective,B2
euro,noun,A2
evacuate,verb,B2
evacuation,noun,B2
evaluate,verb,B2
evaluation,noun,B2
even,adjective,B1
even,adverb,A2
evening,noun,A1
evenly,adverb,B1
event,noun,A1
eventually,adverb,B1
ever,adverb,A2
everlasting,adjective,B2
every,determiner,A1
everybody,pronoun,A1
everyday,adjective,A1
everyone,pronoun,A1
everything,pronoun,A1
everywhere,adverb,A1
evidence,noun,A2
evident,adjective,B1
evidently,adverb,B2
evil,adjective,B2
evil,noun,B2
evolution,noun,B2
evolve,verb,B2
exact,adjective,B1
exactly,adverb,A2
exactness,noun,B2
exaggerate,noun,B2
exaggeration,noun,B2
exalt,verb,B2
exam,noun,A2
examination,noun,B1
examine,verb,B1
examinee,noun,B2
examiner,noun,B1
example,noun,A1
exceed,verb,B2
excel,verb,B2
excellence,noun,B1
excellent,adjective,A1
except,conjunction,A2
except,preposition,A2
exception,noun,B2
exceptional,adjective,B2
exceptionally,adverb,B2
excess,noun,B1
excessive,adjective,B2
exchange,noun,A2
exchange,verb,B1
exchange rate,noun,B1
excited,adjective,A1
excitedly,adverb,B1
excitement,noun,B1
exciting,adjective,A1
exclaim,verb,B2
exclamation mark,noun,B2
exclude,verb,B2
exclusion,noun,B2
exclusive,adjective,B1
exclusively,adverb,B2
excursion,noun,B2
excuse,noun,A1
excuse,verb,B1
execute,verb,B2
execution,noun,B2
executive,adjective,B2
executive,noun,B2
exercise,noun,A2
exercise,verb,A1
exhaust,noun,B2
exhausted,adjective,B1
exhausting,adjective,B2
exhaustion,noun,B2
exhibit,verb,B2
exhibition,noun,A2
exile,noun,B2
exist,verb,A2
existence,noun,B1
existing,adjective,B2
exit,noun,B1
exit,verb,B1
exotic,adjective,B2
expand,verb,B1
expansion,noun,B2
expect,verb,A2
expectation,noun,B2
expected,adjective,B2
expedition,noun,B2
expense,noun,B1
expensive,adjective,A1
experience,noun,A2
experience,verb,B1
experienced,adjective,B1
experiment,noun,B1
experiment,verb,B2
expert,adjective,B2
expert,noun,A2
explain,verb,A2
explanation,noun,A2
explode,verb,B2
exploit,verb,B2
exploration,noun,B1
explore,verb,A2
explorer,noun,B2
explosion,noun,B1
explosive,adjective,B2
explosive,noun,B2
export,noun,B2
export,verb,B2
expose,verb,B1
express,noun,A2
express,verb,B1
expression,noun,A2
expressive,adjective,B2
exquisite,adjective,B2
extend,verb,B1
extension,noun,B2
extensive,adjective,B2
extensively,adverb,B1
extent,noun,B1
external,adjective,B2
extinct,adjective,B1
extinction,noun,B1
extra,adjective,A2
extra,adverb,A2
extra,noun,B1
extract,noun,B2
extract,verb,B2
extraordinarily,adverb,B2
extraordinary,adjective,B1
extreme,adjective,B1
extreme sports,noun,B1
extremely,adverb,A2
exultant,adjective,B2
eye,noun,A1
eyebrow,noun,B2
eyelash,noun,B2
eyelid,noun,B2
eyesight,noun,B1
fabric,noun,B2
fabulous,adjective,B2
face,noun,A1
face,verb,A2
face to face,adverb,B1
face-to-face,adjective,B1
facilitate,verb,B2
facilities,noun,B2
facility,noun,B1
fact,noun,A2
factor,noun,B2
factory,noun,A1
faculty,noun,B2
fade,verb,B1
fail,verb,A2
failure,noun,B1
faint,adjective,B1
faint,verb,B2
fair,adjective,A1
fair,noun,B1
fairly,adverb,A2
fairy,noun,A1
faith,noun,B2
faithful,adjective,B1
fake,adjective,B1
fall,noun,B1
fall,verb,A2
fallen,adjective,B1
false,adjective,A1
falter,verb,B2
fame,noun,B2
familiar,adjective,A2
familiarise,verb,B2
familiarize,verb,B2
family,noun,A1
famous,adjective,A1
fan,noun,A1
fancy,adjective,A2
fancy,noun,B1
fancy,verb,B1
fantastic,adjective,A2
fantastically,adverb,B2
fantasy,noun,B1
far,adjective,B2
far,adverb,A2
faraway,adjective,B1
fare,noun,A2
farewell,noun,B1
farm,noun,A1
farmer,noun,A1
farming,noun,B1
farmland,noun,B1
farther,adverb,B1
farthest,adverb,B1
fascinate,verb,B1
fascinated,adjective,B2
fascinating,adjective,A2
fascination,noun,B2
fashion,noun,A2
fashionable,adjective,B1
fast,adjective,A1
fast,adverb,A1
fast food,noun,A2
fasten,verb,B1
fat,adjective,A1
fat,noun,B2
fatal,adjective,B2
fate,noun,B2
father,noun,A1
father-in-law,noun,B2
fault,noun,A2
faulty,adjective,B2
favor,noun,A2
favorable,adjective,B1
favorite,adjective,A1
favorite,noun,A1
favour,noun,A2
favourable,adjective,B1
favourite,adjective,A1
favourite,noun,A1
fax,noun,B1
fax,verb,B1
fear,noun,A2
fear,verb,B2
fearsome,adjective,B2
feast,noun,B1
feat,noun,B2
feather,noun,A2
feature,noun,A2
feature,verb,B2
February,noun,A1
fed up,adjective,B2
federal,adjective,B2
fee,noun,A2
feed,noun,A1
feed,verb,B1
feedback,noun,B2
feel,noun,A2
feel,verb,A1
feeling,noun,A1
fellow,adjective,B2
fellow,noun,B1
female,adjective,A2
female,noun,B2
fence,noun,A2
ferry,noun,B1
ferryboat,noun,B2
festival,noun,A1
festive,adjective,B1
fetch,verb,B1
fever,noun,A1
feverishly,adverb,B1
few,determiner,A2
few,pronoun,B1
fiber,noun,B2
fibre,noun,B2
fiction,noun,A2
fictional,adjective,B2
field,noun,A1
fierce,adjective,B2
fifteen,number,A1
fifth,noun,B1
fifty,number,A1
fight,noun,A1
fight,verb,B1
fighter,noun,A2
fighting,noun,B2
figurative,adjective,B2
figure,noun,A2
figure,verb,A2
file,noun,A1
file,verb,B2
filial,adjective,B2
fill,verb,A1
filling,noun,B1
film,noun,A2
film,verb,B1
film-maker,noun,B1
filter,noun,B1
final,adjective,A2
final,noun,A2
finally,adverb,A2
finance,noun,B2
finance,verb,B1
financial,adjective,B1
financially,adverb,B2
find,verb,A1
finding,noun,B1
fine,adjective,A1
fine,adverb,B2
fine,noun,B1
fine,verb,B2
finely,adverb,B2
finger,noun,B1
fingernail,noun,B2
finish,noun,A1
finish,verb,A1
fire,noun,A1
fire,verb,B2
fire brigade,noun,B2
fire station,noun,B1
firearm,noun,B2
firefighter,noun,B1
fireplace,noun,B2
firework,noun,B1
firm,adjective,B1
firm,noun,B1
firmly,adverb,B1
firmness,noun,B2
first,adjective,A1
first,adverb,A1
first floor,noun,B1
first lady,noun,B1
first language,noun,B2
first name,noun,A2
first person,noun,B2
first-floor,adjective,B1
firstly,adverb,B2
fiscal,adjective,B2
fish,noun,A1
fish,verb,B1
fisherman,noun,A2
fishing,noun,A1
fit,adjective,A2
fit,noun,B2
fit,verb,B1
fitness,noun,B1
five,number,A1
fix,noun,A2
fix,verb,B1
fixed,adjective,B2
flag,noun,A1
flame,noun,B2
flap,verb,B2
flash,adjective,B1
flash,noun,B2
flash,verb,B2
flat,adjective,B1
flat,adverb,B2
flat,noun,A1
flavor,noun,B1
flavour,noun,B1
flaw,noun,B2
flawless,adjective,B2
flax,noun,B2
flea,noun,A2
flee,verb,B2
fleet,noun,B2
flesh,noun,B2
flexibility,noun,B2
flexible,adjective,B2
flexibly,adverb,B2
flight,noun,A2
flip,verb,B2
float,noun,A2
float,verb,B1
flock,noun,B1
flood,noun,A2
flood,verb,B1
floor,noun,A1
flour,noun,A2
flow,noun,B1
flow,verb,B1
flower,noun,A1
flu,noun,B1
fluency,noun,B2
fluent,adjective,B1
fluently,adverb,B1
fluid,adjective,B2
flunk,verb,B1
flute,noun,B1
flutter,noun,B2
fly,noun,A1
fly,verb,A1
focus,noun,B2
focus,verb,A1
fog,noun,A2
foggy,adjective,A1
fold,noun,B1
fold,verb,B1
folder,noun,A2
folk,noun,B1
follow,verb,A2
follower,noun,B2
following,adjective,A1
following,preposition,B2
folly,noun,B2
fond,adjective,B1
fondly,adverb,B2
fondness,noun,B1
food,noun,A1
fool,noun,A2
fool,verb,B1
foolish,adjective,B1
foolishly,adverb,B2
foot,noun,B1
football,noun,A1
footballer,noun,A2
footnote,noun,B2
for,conjunction,A2
for,preposition,A1
forbid,verb,A2
forbidden,adjective,B1
force,noun,A2
force,verb,B2
forcefully,adverb,B2
forecast,noun,B1
forehead,noun,B1
foreign,adjective,A1
foreigner,noun,A1
foreman,noun,B2
foresee,verb,B2
forest,noun,A2
forestry,noun,B2
forever,adverb,A2
forget,verb,A1
forgive,verb,B1
fork,noun,A2
form,noun,A1
form,verb,B1
formal,adjective,B1
formally,adverb,B1
format,noun,B1
format,verb,B1
formation,noun,B2
former,adjective,B1
formerly,adverb,B2
formidable,adjective,B2
formula,noun,B1
forth,adverb,B1
forthcoming,adjective,B2
fortnight,noun,B1
fortunate,adjective,B1
fortunately,adverb,A2
fortune,noun,A2
forty,number,A1
forward,adverb,A2
forwards,adverb,A2
foul,adjective,B2
found,verb,B2
foundation,noun,B1
fountain,noun,B1
four,number,A1
fourteen,number,A1
fox,noun,B2
fragment,noun,B1
fragrance,noun,B2
frame,noun,A2
frame,verb,B2
frank,adjective,A2
frankly,adverb,B2
frantically,adverb,B2
fraud,noun,B2
freak,verb,B2
free,adjective,A1
free,adverb,A2
free,verb,B2
freedom,noun,A2
freely,adverb,B1
freeze,verb,A2
freezer,noun,B1
freezing,adjective,B1
frequency,noun,B1
frequent,adjective,B1
frequently,adverb,B1
fresh,adjective,A2
freshman,noun,B1
Friday,noun,A1
fridge,noun,A2
fried,adjective,A2
friend,noun,A1
friendliness,noun,B1
friendly,adjective,B2
friendship,noun,A2
frigate,noun,B2
fright,noun,B1
frighten,verb,A2
frightened,adjective,A2
frightening,adjective,A2
frog,noun,A1
from,preposition,A1
front,adjective,A1
front,noun,A2
frontier,noun,B2
frost,noun,B1
frozen,adjective,B1
frugal,adjective,B2
fruit,noun,A1
frustrated,adjective,B1
frustration,noun,B1
fry,noun,A2
fry,verb,B1
frying pan,noun,B1
fuel,noun,B1
fulfil,verb,B2
fulfill,verb,B2
full,adjective,A1
full stop,noun,B1
full-time,adjective,B1
full-time,adverb,B1
fully,adverb,A2
fume,noun,B2
fun,adjective,A1
fun,noun,A1
function,noun,B1
function,verb,A2
functional,adjective,B2
functionality,noun,B2
fund,noun,B1
fund,verb,B1
fundamental,adjective,B2
funeral,noun,B1
funk,noun,B2
funky,adjective,B2
funny,adjective,A1
fur,noun,B1
furious,adjective,B2
furiously,adverb,B2
furnish,verb,B1
furniture,noun,A2
furor,noun,B2
furore,noun,B2
further,adjective,A2
further,adverb,B1
furthermore,adverb,B1
furthest,adverb,B1
fuss,noun,B1
future,adjective,B1
future,noun,A1
gaiety,noun,B2
gain,noun,B1
gain,verb,B1
gall,noun,B1
gallery,noun,A2
gallon,noun,B1
gambling,noun,B2
game,noun,A1
gang,noun,B2
gangster,noun,B2
gaol,noun,B1
gap,noun,B1
garage,noun,A2
garbage,noun,A1
garden,noun,A1
gardener,noun,B2
gardening,noun,B1
garlic,noun,A2
garment,noun,B1
gas,noun,A2
gasp,noun,B2
gate,noun,A2
gateway,noun,B2
gather,verb,A2
gaudy,adjective,B2
gay,adjective,B1
gaze,noun,B2
gear,noun,B2
gee,interjection,B1
gender,noun,A2
gene,noun,B1
general,adjective,B1
general,noun,B1
generalisation,noun,B2
generalise,verb,B2
generalization,noun,B2
generalize,verb,B2
generally,adverb,B1
generate,verb,B1
generation,noun,A2
generosity,noun,B2
generous,adjective,B1
generously,adverb,B2
genetic,adjective,B1
genetically,adverb,B1
genetics,noun,B1
genius,noun,B2
genre,noun,B2
gentle,adjective,A2
gentleman,noun,B1
gently,adverb,B2
genuine,adjective,B2
genuinely,adverb,B2
geographic,adjective,B2
geographical,adjective,B1
geography,noun,B1
geology,noun,B1
germ,noun,B2
gesture,noun,B1
get,verb,A1
getaway,noun,B2
ghetto,noun,B2
ghost,noun,A1
giant,adjective,B1
gift,noun,A1
gifted,adjective,B1
giggle,noun,B1
ginger,noun,B1
giraffe,noun,B1
girl,noun,A1
girlfriend,noun,A1
give,verb,A1
giveaway,noun,B2
given,adjective,A2
glacis,noun,B2
glad,adjective,A1
glamorous,adjective,B2
glamourous,adjective,B2
glance,noun,B1
glance,verb,B1
glare,noun,B2
glass,noun,A1
glasses,noun,A1
gleam,noun,B2
glee,noun,B2
glide,noun,B1
glimpse,noun,B1
glint,noun,B1
global,adjective,B1
global warming,noun,B2
globally,adverb,B2
globe,noun,A2
glocal,adjective,B2
gloomy,adjective,B2
glorify,verb,B2
glorious,adjective,B1
glory,noun,B1
glove,noun,A2
glow,noun,B2
go,noun,B1
go,verb,A1
goal,noun,A1
goalkeeper,noun,B1
goat,noun,B2
god,noun,B2
goddess,noun,B1
godly,adjective,B2
gold,adjective,A1
gold,noun,A2
golden,adjective,A2
golf,noun,A2
golfer,noun,B1
good,adjective,A1
good,noun,B2
good afternoon,interjection,A1
good morning,interjection,A1
good night,interjection,A1
good-looking,adjective,A2
goodness,interjection,B1
goods,noun,B1
goodwill,noun,B2
gook,noun,B2
gorge,noun,B2
gorgeous,adjective,B1
gorilla,noun,B1
gossip,noun,B1
gossip,verb,B2
govern,verb,B1
government,noun,A2
governmental,adjective,B2
governor,noun,B1
gown,noun,B1
grab,verb,B1
grace,noun,A2
graceful,adjective,B1
gracefulness,noun,B2
grade,noun,A1
grade,verb,B2
gradual,adjective,B2
gradually,adverb,A2
graduate,noun,B1
graduate,verb,A2
graduation,noun,B1
grain,noun,B2
gram,noun,A2
grammar,noun,A1
gramme,noun,A2
grand,adjective,B2
grandchild,noun,A2
granddad,noun,A2
granddaughter,noun,A2
grandfather,noun,A1
grandma,noun,A1
grandmother,noun,A1
grandpa,noun,A1
grandparent,noun,A1
grandson,noun,A2
granny,noun,A2
grant,noun,B1
grant,verb,B1
grape,noun,A1
graph,noun,B1
graphic,adjective,B1
graphically,adverb,B2
graphics,noun,B1
grasp,noun,B2
grass,noun,A1
grateful,adjective,A2
gratitude,noun,B1
grave,noun,B1
gravestone,noun,B2
gravitation,noun,B2
gravy,noun,B1
gray,adjective,A1
gray,noun,A1
great,adjective,A1
greatly,adverb,A2
greatness,noun,B2
greedy,adjective,A2
green,adjective,A1
green,noun,A2
greenhouse,noun,B1
greet,verb,A1
greeting,noun,B1
grey,adjective,A1
grey,noun,A1
grief,noun,B2
grieve,verb,B2
grill,noun,B1
grill,verb,B1
grilled,adjective,A2
grim,adjective,B2
grin,noun,B2
grip,noun,B2
grip,verb,B2
grocery store,noun,A2
groom,noun,B1
gross,adjective,B2
ground,noun,A1
ground floor,noun,B1
group,noun,A1
group,verb,B1
grouping,noun,B1
grow,verb,A1
growing,adjective,B2
grown-up,adjective,B2
grown-up,noun,B2
growth,noun,B1
guarantee,noun,B1
guarantee,verb,B2
guard,noun,A2
guard,verb,B2
guerrilla,noun,B2
guess,noun,B1
guess,verb,A1
guest,noun,A1
guidance,noun,B1
guide,noun,B1
guide,verb,B1
guidebook,noun,A2
guideline,noun,B2
guilt,noun,B1
guilty,adjective,B1
guitar,noun,A1
guitarist,noun,B1
gulp,noun,B2
gum,noun,B2
gun,noun,A2
gunshot,noun,B2
guts,noun,B2
guy,noun,A1
gym,noun,B1
gymnastic,adjective,B2
gymnastics,noun,B1
habit,noun,A1
habitant,noun,B2
habitat,noun,B1
had,have-verb,A1
hail,verb,B2
hair,noun,A1
haircut,noun,A1
hairdresser,noun,B1
hairdryer,noun,B1
hairy,adjective,B2
half,adverb,B1
half,determiner,A2
half,noun,A1
half,pronoun,A2
half-price,adjective,A2
half-price,adverb,A2
hall,noun,A1
ham,noun,A2
hamburger,noun,A1
hammer,noun,B1
hammer,verb,B2
hand,noun,A1
hand,verb,A2
handbag,noun,A2
handball,noun,B1
hand-held,adjective,B1
handicap,noun,B2
handicapped,adjective,A2
handicraft,noun,B2
handkerchief,noun,B1
handle,noun,A2
handle,verb,B1
handout,noun,B2
handrail,noun,B2
handshake,noun,B1
handsome,adjective,A1
handwriting,noun,B1
handy,adjective,B1
hang,noun,B2
hang,verb,B1
hanging,adjective,B1
happen,verb,A1
happily,adverb,A2
happiness,noun,A2
happy,adjective,A1
harbor,noun,B1
harbour,noun,B1
hard,adjective,A1
hard,adverb,A1
hard drive,noun,B2
hardly,adverb,A2
hardship,noun,B1
hardware,noun,B2
hard-working,adjective,B1
harm,noun,B2
harm,verb,A2
harmful,adjective,A2
harmless,adjective,B2
harmony,noun,A2
harness,noun,B1
harrow,noun,B2
harvest,noun,A2
has,have-verb,A1
haste,noun,B2
hastily,adverb,B2
hasty,adjective,B1
hat,noun,A1
hatch,noun,B1
hatching,noun,B2
hate,noun,B1
hate,verb,A2
hatred,noun,B1
haunt,noun,B1
haunt,verb,B2
haunting,adjective,B2
have,have-verb,A1
have to,modal auxiliary,A1
haven,noun,B1
having,have-verb,A1
hay,noun,B2
hazard,noun,B1
hazardous,adjective,B2
he,pronoun,A1
head,noun,A1
head,verb,A2
headache,noun,A1
headline,noun,B1
headphone,noun,A2
headquarters,noun,B2
headteacher,noun,A2
heal,verb,B1
healing,adjective,B1
health,noun,A1
health care,noun,B2
healthy,adjective,A1
heap,noun,B2
heap,verb,B2
hear,verb,A1
hearing,noun,B1
heart,noun,A1
heart attack,noun,B1
heartbreaking,adjective,B2
hearted,adjective,B1
heartwarming,adjective,B2
heart-warming,adjective,B2
hearty,adjective,B1
heat,noun,A2
heat,verb,B1
heater,noun,B1
heating,noun,A2
heaven,noun,B1
heavenly,adjective,B1
heavily,adverb,A2
heavy,adjective,A1
hedge,noun,B2
heel,noun,B1
height,noun,B1
helicopter,noun,B2
hell,noun,B2
hello,noun,A1
helmet,noun,B1
help,noun,A2
help,verb,A1
helper,noun,B2
helpful,adjective,A2
helpless,adjective,B1
hemp,noun,B2
her,determiner,A1
her,pronoun,A1
herb,noun,B2
herd,noun,B1
here,adverb,A1
heritage,noun,B2
hero,noun,A2
hers,pronoun,A1
herself,pronoun,A2
hesitate,verb,B1
hesitation,noun,B2
hey,interjection,A2
hi,interjection,A1
hidden,adjective,B1
hide,verb,A1
high,adjective,A1
high,adverb,A2
high school,noun,A2
highlight,noun,B2
highlight,verb,B1
highly,adverb,B1
high-tech,adjective,B2
highway,noun,A2
hijack,noun,B2
hijack,verb,B2
hike,noun,A2
hiking,noun,A2
hilarious,adjective,B2
hill,noun,A1
him,pronoun,A1
himself,pronoun,A2
hint,noun,B2
hip,noun,B1
hip hop,noun,A2
hiphop,noun,A2
hip-hop,noun,A2
hire,verb,B1
his,determiner,A1
his,pronoun,A1
historian,noun,B1
historic,adjective,B1
historical,adjective,B1
history,noun,A1
hit,noun,B1
hit,verb,A2
hi-tech,adjective,B2
HIV,noun,B1
hobby,noun,A1
hockey,noun,A2
hold,noun,A1
hold,verb,A2
holder,noun,B2
hole,noun,A1
holiday,noun,A1
hollow,adjective,B2
holocaust,noun,B2
holy,adjective,B1
home,adverb,A2
home,noun,A1
homeless,adjective,B1
hometown,noun,A1
homeward,adjective,B2
homework,noun,A1
hone,noun,B2
honest,adjective,B1
honestly,adverb,B1
honesty,noun,B1
honey,noun,A2
honeymoon,noun,B1
honor,noun,A2
honor,verb,B2
honorable,adjective,B2
honour,noun,A2
honour,verb,B2
honourable,adjective,B2
hood,noun,B2
hook,noun,B2
hook,verb,B2
hop,noun,B1
hope,noun,A1
hope,verb,B1
hopeful,adjective,B1
hopefully,adverb,B1
hopeless,adjective,B1
horizon,noun,B1
horn,noun,B1
horrible,adjective,B1
horrify,verb,B1
horror,noun,A2
horse,noun,A1
hospice,noun,B2
hospitable,adjective,B2
hospital,noun,A1
hospitalise,verb,B2
hospitality,noun,B2
hospitalize,verb,B2
host,noun,A2
hostel,noun,B1
hot,adjective,A1
hotel,noun,A1
hour,noun,A1
hourly,adjective,B2
house,noun,A1
household,noun,B1
housekeeper,noun,B2
housemaster,noun,B2
housewife,noun,B2
housework,noun,B1
hover,verb,B2
how,adverb,A1
however,adverb,A2
hug,noun,B2
hug,verb,A2
huge,adjective,B1
hugely,adverb,B2
human,adjective,A2
human,noun,B1
human rights,noun,B2
humane,adjective,B2
humanise,verb,B2
humanist,noun,B2
humanity,noun,B1
humanize,verb,B2
humble,adjective,B2
humbug,noun,B2
humid,adjective,B1
humiliate,verb,B2
humiliating,adjective,B2
humiliation,noun,B2
humor,noun,B1
humorous,adjective,B1
humour,noun,B1
hundred,number,A2
hunger,noun,B1
hungry,adjective,A1
hunt,noun,B1
hunt,verb,B1
hunter,noun,A2
hunting,noun,B2
hurriedly,adverb,B1
hurry,noun,A1
hurry,verb,A2
hurt,adjective,B1
hurt,verb,A1
husband,noun,A1
hush,verb,B2
hut,noun,B1
hybrid,adjective,B2
hygiene,noun,B2
hyperbole,noun,B2
hyphen,noun,B2
I,pronoun,A1
ice,noun,A1
ice cream,noun,A1
ice hockey,noun,B1
ice skating,noun,B1
iceman,noun,B2
icon,noun,B2
icy,adjective,B2
ID,noun,A2
ID card,noun,A2
idea,noun,A1
ideal,adjective,A1
ideally,adverb,B2
identical,adjective,B2
identification,noun,B2
identify,verb,B2
identity,noun,B1
identity card,noun,B1
ideology,noun,B2
idiom,noun,B1
idiot,noun,B2
idle,adjective,B2
idol,noun,B1
idolise,verb,B2
idolize,verb,B2
if,conjunction,A1
ignorance,noun,B2
ignorant,adjective,B2
ignore,verb,B1
ill,adjective,A2
illegal,adjective,A2
illegally,adverb,B1
illness,noun,B1
illuminate,verb,B1
illustrate,verb,B2
illustration,noun,B2
image,noun,A2
imagery,noun,B2
imaginary,adjective,B1
imagination,noun,A2
imagine,verb,A1
imitate,verb,B1
imitation,noun,B2
immediate,adjective,B1
immediately,adverb,B1
immerse,verb,B2
immigrant,noun,B2
immigrate,verb,B1
immigration,noun,B1
immoral,adjective,B2
immortal,adjective,B2
immortality,noun,B2
impact,noun,A2
impair,verb,B1
impartial,adjective,B2
impatient,adjective,A2
impatiently,adverb,B2
imperative,noun,B2
impermanent,adjective,B2
implement,noun,B2
implement,verb,B2
implication,noun,B2
imply,verb,B2
impolite,adjective,B2
impolitely,adverb,B2
import,verb,B2
importance,noun,A2
important,adjective,A1
importantly,adverb,A2
impose,verb,B2
impossibility,noun,B2
impossible,adjective,A2
impractical,adjective,B2
impress,verb,A2
impressed,adjective,B2
impression,noun,B1
impressionism,noun,B2
impressionist,noun,B2
impressive,adjective,B1
imprison,verb,B2
imprisonment,noun,B2
improbable,adjective,B2
improper,adjective,B1
improperly,adverb,B2
improve,verb,A2
improved,adjective,B2
improvement,noun,B1
impulse,noun,B2
impulsive,adjective,B2
in,adverb,A2
in,preposition,A1
inaccurate,adjective,B2
inadequate,adjective,B2
inanimate,adjective,B2
inborn,adjective,B2
incense,noun,B2
incentive,noun,B2
inch,noun,A2
inch,verb,B2
incident,noun,B1
include,verb,A2
including,preposition,B1
income,noun,B1
inconvenient,adjective,B1
incorrect,adjective,B1
increase,noun,B1
increase,verb,A2
increasingly,adverb,B1
incredible,adjective,B1
incredibly,adverb,B1
incur,verb,B2
incurable,adjective,B2
indebted,adjective,B2
indeed,adverb,A2
indefinite article,noun,B1
indent,verb,B2
independence,noun,A2
independent,adjective,B1
independently,adverb,B2
indescribable,adjective,B2
index,noun,B2
indicate,verb,A2
indifferent,adjective,B2
indignity,noun,B2
indirect,adjective,B1
indirectly,adverb,B1
indispensable,adjective,B2
individual,adjective,B1
individual,noun,B2
indoor,adjective,A2
indoors,adverb,B1
indulge,verb,B2
indulgent,adjective,B2
industrial,adjective,B1
industrialise,verb,B2
industrialize,verb,B2
industry,noun,B1
ineffective,adjective,B2
inert,adjective,B2
inevitable,adjective,B1
inexpensive,adjective,A2
inexperienced,adjective,B2
infant,noun,B2
infect,verb,B2
infected,adjective,B2
infection,noun,B1
infectious,adjective,B2
infer,verb,B2
inference,noun,B2
infinitive,noun,B1
inflammation,noun,B2
inflammatory,adjective,B2
inflate,verb,B2
inflation,noun,B2
influence,noun,A2
influence,verb,B2
influential,adjective,B2
influenza,noun,B2
inform,verb,B1
informal,adjective,B2
information,noun,A1
informative,adjective,B1
infringe,verb,B2
infringement,noun,B2
ingredient,noun,B1
inhabit,verb,B2
inhabitant,noun,B1
inhale,verb,B1
inherit,verb,B2
initial,adjective,B2
initial,noun,B1
initially,adverb,B1
initiative,noun,B2
inject,verb,B1
injection,noun,B2
injure,verb,A2
injured,adjective,B2
injury,noun,B1
ink,noun,B1
innate,adjective,B2
inner,adjective,A2
innermost,adjective,B1
innocent,adjective,B1
innocently,adverb,B2
innovation,noun,B2
innovative,adjective,B2
innovator,noun,B1
input,noun,B2
inquire,verb,B2
inquiry,noun,B1
insane,adjective,B1
inscribe,verb,B1
inscription,noun,B1
insect,noun,A2
inseparable,adjective,B2
inside,adjective,B2
inside,adverb,A2
inside,noun,B2
inside,preposition,A1
insight,noun,B1
insist,verb,B1
inspect,verb,B2
inspection,noun,B1
inspector,noun,B2
inspiration,noun,A2
inspirational,adjective,B2
inspire,verb,B1
instal,verb,B1
install,verb,B1
instance,noun,B1
instant,adjective,A2
instantly,adverb,B2
instead,adverb,A2
instead of,preposition,B1
instil,verb,B2
instill,verb,B2
instinct,noun,B2
institute,noun,B1
institution,noun,B2
instruct,verb,B2
instruction,noun,B1
instructor,noun,B1
instrument,noun,A2
insufficient,adjective,B2
insult,noun,B2
insult,verb,B2
insurance,noun,B1
integrate,verb,B2
intellectual,adjective,B2
intellectual,noun,B2
intelligence,noun,A2
intelligent,adjective,A2
intend,verb,B1
intense,adjective,B1
intensive,adjective,B1
intent,adjective,B2
intention,noun,B1
intentionally,adverb,B1
interact,verb,B1
interaction,noun,B1
interactive,adjective,B2
interest,noun,A2
interest,verb,B1
interested,adjective,A1
interesting,adjective,A1
interfere,verb,B2
interior,noun,B2
intermediate,adjective,B1
intermission,noun,B1
internal,adjective,B1
international,adjective,A2
internationally,adverb,B1
Internet,noun,A1
internet,noun,A1
interpersonal,adjective,B2
interpret,verb,B2
interpretation,noun,B2
interpreter,noun,B2
interrupt,verb,B1
interruption,noun,B2
intersection,noun,B2
interval,noun,B1
interview,noun,A1
interview,verb,B1
interviewee,noun,B1
interviewer,noun,A1
intimate,adjective,B2
into,preposition,A1
intransitive,adjective,B2
intravenous,adjective,B2
introduce,verb,A1
introduction,noun,B1
intrude,verb,B2
intruder,noun,B2
intrusion,noun,B2
invade,verb,A2
invariable,adjective,B2
invariably,adverb,B2
invasion,noun,B1
invent,verb,A2
invention,noun,A2
inventor,noun,B2
inverted commas,noun,B2
invest,verb,B1
investigate,verb,B2
investigation,noun,B1
investigator,noun,B2
investment,noun,B2
investor,noun,B2
invisible,adjective,B2
invitation,noun,B1
invite,verb,A2
invitingly,adverb,B2
invoke,verb,B2
involuntarily,adverb,B1
involve,verb,B1
involved,adjective,B1
involvement,noun,B2
iron,noun,B1
iron,verb,B1
ironically,adverb,B2
ironing,noun,B1
irrational,adjective,B2
irregular,adjective,B1
irresistible,adjective,B2
irresistibly,adverb,B2
irresponsible,adjective,B2
irritate,verb,B1
irritated,adjective,B2
irritating,adjective,B2
irritation,noun,B2
is,be-verb,A1
island,noun,A1
islander,noun,B2
isle,noun,B1
isolation,noun,B1
issue,noun,A2
issue,verb,B2
IT,noun,A2
it,pronoun,A1
italicise,verb,B2
italicize,verb,B2
itch,verb,B2
item,noun,A1
its,determiner,A1
its,pronoun,A1
itself,pronoun,A2
ivory,noun,B1
jacket,noun,A1
jade,noun,B1
jail,noun,B1
jam,noun,A2
jam,verb,B2
January,noun,A1
jar,noun,B1
jaw,noun,B2
jazz,noun,B1
jealous,adjective,B1
jealously,adverb,B2
jeans,noun,A1
jelly,noun,A2
jeopardise,verb,B2
jeopardize,verb,B2
jet,noun,A1
jewel,noun,B1
jeweler,noun,B2
jeweller,noun,B2
jewellery,noun,A1
jewelry,noun,A1
job,noun,A1
jog,noun,B2
jog,verb,B1
jogging,noun,B1
join,verb,A1
joint,adjective,B1
joint,noun,B2
joke,noun,A2
joke,verb,B1
journal,noun,B1
journalism,noun,B2
journalist,noun,B1
journey,noun,A2
joy,noun,A2
judge,noun,B1
judge,verb,A1
judgement,noun,B1
judgment,noun,B1
judo,noun,B2
jug,noun,B1
juice,noun,A1
juicy,adjective,B1
July,noun,A1
jump,noun,B2
jump,verb,A1
jumper,noun,B1
June,noun,A1
jungle,noun,B1
junior,adjective,A2
junk,noun,A2
junk food,noun,B2
juror,noun,B2
jury,noun,B2
just,adverb,A1
justice,noun,B1
justify,verb,B2
kangaroo,noun,B2
karaoke,noun,B2
keen,adjective,B2
keep,verb,A1
keeper,noun,B2
kerosene,noun,B2
kettle,noun,B1
key,adjective,A1
key,noun,A1
keyboard,noun,B1
keystroke,noun,B2
kick,noun,A1
kick,verb,A1
kid,noun,A1
kid,verb,B1
kill,verb,A1
killer,noun,A2
killing,noun,B1
kilo,noun,A2
kilogram,noun,A2
kilogramme,noun,A2
kilometer,noun,A2
kilometre,noun,A2
kind,adjective,A2
kind,noun,A1
kindly,adjective,A2
kindly,adverb,B1
kindness,noun,B1
king,noun,A1
kingdom,noun,A2
kiss,noun,A1
kiss,verb,B1
kit,noun,A2
kitchen,noun,A1
kite,noun,A1
kitten,noun,B1
knee,noun,A1
kneel,verb,B2
knife,noun,A1
knit,verb,B1
knock,noun,A2
knock,verb,B1
knot,noun,B2
know,verb,A1
knowingly,adverb,B2
knowledge,noun,A2
known,adjective,B2
lab,noun,B1
label,noun,B2
labor,noun,A2
laboratory,noun,B1
laborer,noun,B2
labour,noun,A2
labourer,noun,B2
lack,noun,A2
lack,verb,B2
ladder,noun,B1
lady,noun,A1
lake,noun,A2
lamb,noun,B1
lame,adjective,B2
lamp,noun,A2
lance,noun,B2
land,noun,B1
land,verb,A2
landing,noun,B2
landlady,noun,B2
landlord,noun,B1
landscape,noun,A2
landslide,noun,B2
lane,noun,A2
language,noun,A1
lap,noun,B2
laptop,noun,B2
large,adjective,A1
largely,adverb,B1
lark,noun,B2
laser,noun,B2
last,adverb,B1
last,determiner,A2
last,pronoun,A2
last,verb,B1
last minute,noun,B2
last name,noun,A1
lasting,adjective,B1
lastly,adverb,B2
last-minute,adjective,B2
late,adjective,A1
late,adverb,A1
latecomer,noun,B1
lately,adverb,B1
later,adjective,B2
later,adverb,A1
latest,adjective,A2
latter,adjective,B2
latter,adverb,A2
latter,pronoun,A2
laugh,noun,B1
laugh,verb,A1
laughter,noun,B1
launch,verb,B1
laundry,noun,B2
lava,noun,B2
law,noun,A2
lawful,adjective,B1
lawmaker,noun,B2
lawn,noun,B2
lawsuit,noun,B2
lawyer,noun,A2
lay,verb,B1
layabout,noun,B2
layer,noun,B1
laziness,noun,A2
lazy,adjective,A1
lead,adjective,B1
lead,noun,A2
lead,verb,B1
leader,noun,A1
leadership,noun,B1
leading,adjective,B1
leaf,noun,A1
leaflet,noun,B2
league,noun,B1
leak,noun,B2
leak,verb,B2
lean,adjective,B1
lean,verb,B2
leap,noun,B2
leap,verb,B1
learn,verb,A1
learner,noun,A2
learning,noun,B2
lease,noun,B2
leash,noun,B2
least,adverb,B1
least,determiner,A2
least,pronoun,B2
leather,noun,A2
leave,noun,B1
leave,verb,A1
lecture,noun,B1
lecturer,noun,B2
leek,noun,B2
left,adjective,A1
left,adverb,A2
left,noun,A2
left-hand,adjective,A2
leg,noun,A1
legal,adjective,B1
legally,adverb,B1
legend,noun,B2
legendary,adjective,B2
legislate,verb,B2
legislation,noun,B2
legislative,adjective,B2
legislator,noun,B2
legislature,noun,B2
legitimate,adjective,B2
leisure,noun,A2
leisurely,adverb,B2
lemon,noun,A2
lemonade,noun,A2
lend,verb,A2
length,noun,B1
lengthen,verb,B2
lengthy,adjective,B2
leopard,noun,B2
less,adverb,A2
less,determiner,A2
less,pronoun,A2
lessen,verb,B1
lesson,noun,A1
lest,conjunction,B2
let,verb,A1
letter,noun,A1
lettuce,noun,B1
level,adjective,B1
level,noun,A2
level,verb,B2
liar,noun,B1
liberal,adjective,B2
liberate,verb,B1
liberation,noun,B1
liberty,noun,A2
librarian,noun,B1
library,noun,A1
licence,verb,A2
license,verb,A2
lick,verb,B2
lid,noun,B2
lie,noun,B1
lie,verb,A2
life,noun,A1
lifeguard,noun,B1
lifeless,adjective,B2
lifelong,adjective,B1
lifestyle,noun,A2
lifetime,noun,B2
lift,noun,B1
lift,verb,B1
light,adjective,A1
light,noun,A1
light,verb,B1
lighten,verb,B2
lighter,noun,B1
lighting,noun,B2
lightly,adverb,B1
lightning,noun,B1
like,conjunction,B1
like,preposition,A1
like,verb,A1
likely,adjective,A2
likeness,noun,B1
likewise,adverb,B2
lily,noun,A1
limb,noun,B2
limit,noun,B1
limit,verb,B1
limitation,noun,B1
limited,adjective,B1
limp,verb,B1
line,noun,A1
line,verb,B2
linen,noun,B2
liner,noun,B2
ling,noun,B2
linger,verb,B2
link,noun,B1
link,verb,B1
lion,noun,A1
lip,noun,A2
liquid,adjective,B1
liquid,noun,B1
list,noun,A1
list,verb,B2
listen,verb,A1
listener,noun,B2
liter,noun,A2
literal,adjective,B2
literally,adverb,B2
literary,adjective,B1
literature,noun,B1
litre,noun,A2
litter,noun,B2
little,adjective,A1
little,adverb,A1
little,determiner,B1
little,pronoun,B1
live,adjective,B1
live,verb,A1
lively,adjective,A2
liver,noun,B1
living,adjective,A1
living,noun,B2
living room,noun,A1
load,noun,A2
load,verb,B2
loaf,noun,B1
loan,noun,B2
lobby,noun,B2
local,adjective,A2
locate,verb,B1
location,noun,B1
lock,noun,A2
lock,verb,B1
lodge,noun,B1
log,noun,B1
logic,noun,B1
logical,adjective,A2
logo,noun,B1
loneliness,noun,B2
lonely,adjective,A1
long,adjective,A1
long,adverb,A2
long-distance,adjective,B2
long-term,adjective,B2
look,noun,A1
look,verb,A1
loose,adjective,A2
loosely,adverb,B2
lorry,noun,B1
lose,verb,A2
loss,noun,B1
lost,adjective,A2
lot,adverb,A1
lot,noun,A2
lot,pronoun,A1
lottery,noun,B1
loud,adjective,B1
loud,adverb,B1
loudly,adverb,A2
loudspeaker,noun,B1
lousy,adjective,B2
love,noun,A1
love,verb,A1
lovely,adjective,A1
lover,noun,A2
lovingly,adverb,B1
low,adjective,A2
low,adverb,A2
lower,verb,B2
lowland,noun,B2
loyal,adjective,B1
loyalty,noun,B1
luck,noun,A1
luckily,adverb,A2
lucky,adjective,A1
lucrative,adjective,B2
luggage,noun,B1
lunch,noun,A1
lunchtime,noun,A2
lung,noun,B1
lush,adjective,B2
luxurious,adjective,B2
luxury,adjective,B2
luxury,noun,B1
lyric,adjective,A2
lyrics,noun,B2
'm,be-verb,A1
machine,noun,A1
mad,adjective,A2
madam,noun,B2
madame,noun,B2
madness,noun,B2
maestro,noun,B2
magazine,noun,A1
magic,adjective,A2
magic,noun,A2
magical,adjective,B1
magician,noun,B1
magnificent,adjective,B1
magnify,verb,B2
mail,noun,A1
mail,verb,B1
mailbox,noun,B1
main,adjective,B1
main course,noun,A2
mainly,adverb,A2
maintain,verb,B1
maintenance,noun,B1
major,adjective,A2
major,noun,B2
majority,noun,B1
make,noun,B2
make,verb,A1
maker,noun,A2
make-up,noun,A2
malady,noun,B2
malaria,noun,B2
male,adjective,B1
male,noun,A2
mall,noun,A2
mama,noun,B2
mamma,noun,B2
man,noun,A1
manage,verb,A2
management,noun,B1
manager,noun,A2
mango,noun,B2
manipulate,verb,B2
mankind,noun,B1
manner,noun,A2
mansion,noun,B2
manual,adjective,B2
manual,noun,B2
manufacture,noun,B2
manufacture,verb,B2
manufacturer,noun,B2
manufacturing,noun,B2
many,determiner,A1
many,pronoun,A1
map,noun,A1
maple,noun,B1
marathon,noun,B2
marble,noun,B1
March,noun,A1
march,noun,B1
march,verb,B1
margin,noun,B2
marine,adjective,B1
mark,noun,A2
mark,verb,A2
marked,adjective,B1
market,noun,A2
market,verb,B1
marketing,noun,B2
marriage,noun,B1
married,adjective,A2
marry,verb,A2
martial art,noun,B2
marvellous,adjective,A2
marvelous,adjective,A2
mash,verb,B1
mask,noun,B2
mass,adjective,B1
mass,noun,B2
massacre,noun,B2
massage,noun,B2
masseur,noun,B2
massive,adjective,B1
master,noun,B2
masterpiece,noun,B2
mastery,noun,B2
match,noun,A1
match,verb,B1
mate,noun,B2
material,noun,A2
math,noun,A1
mathematical,adjective,B2
mathematician,noun,B1
mathematics,noun,B1
maths,noun,A1
matter,noun,A1
matter,verb,A2
mature,adjective,B2
mausoleum,noun,B2
max,noun,A2
maximum,adjective,B1
maximum,noun,B1
may,modal auxiliary,A1
May,noun,A1
maybe,adverb,A1
mayor,noun,B1
me,pronoun,A1
meal,noun,A1
mean,adjective,A2
mean,noun,B2
mean,verb,A1
meaning,noun,A2
meaningful,adjective,B1
means,noun,B2
meanwhile,adverb,B1
measure,noun,B1
measure,verb,B1
measurement,noun,B1
meat,noun,A1
mechanic,noun,B1
mechanical,adjective,B1
mechanise,verb,B2
mechanize,verb,B2
medal,noun,A2
media,noun,B2
mediaeval,adjective,B2
medical,adjective,A2
medication,noun,B2
medicine,noun,A1
medieval,adjective,B2
mediocre,adjective,B2
meditate,verb,B1
meditation,noun,B1
Mediterranean,noun,B1
medium,adjective,B1
medium,noun,B1
meet,verb,A1
meeting,noun,A1
melody,noun,B2
melon,noun,A2
melt,verb,B1
member,noun,A2
membership,noun,B1
memorable,adjective,B1
memorial,noun,B2
memorise,verb,B1
memorize,verb,B1
memory,noun,A1
mend,verb,B1
mental,adjective,B1
mentally,adverb,B1
mention,noun,A2
mention,verb,B1
mentor,noun,B2
menu,noun,A2
merchandise,noun,B2
merchant,noun,B1
mercy,noun,B2
mere,adjective,B1
merely,adverb,B1
merge,verb,B2
merger,noun,B2
merry,adjective,A1
mess,noun,B1
mess,verb,B2
message,noun,A1
message board,noun,B1
messenger,noun,B2
messy,adjective,B1
metal,noun,A2
metaphor,noun,B2
meter,noun,A2
method,noun,A2
metre,noun,A2
metric,adjective,B2
micro,noun,B2
microbe,noun,B2
microcomputer,noun,B2
micrometer,noun,B2
micrometre,noun,B2
microorganism,noun,B2
microphone,noun,B2
microscope,noun,B2
microscopic,adjective,B2
microscopy,noun,B2
microwave,noun,B2
midday,noun,A2
middle,adjective,A1
middle,noun,A2
middle-aged,adjective,B1
midnight,noun,A2
midst,noun,B2
might,modal auxiliary,A2
mighty,adjective,B2
migration,noun,B2
mild,adjective,B1
mile,noun,B1
military,adjective,A2
milk,noun,A1
mill,noun,B2
millimeter,noun,B2
millimetre,noun,B2
million,number,A2
millionaire,noun,B2
mimic,noun,B2
mind,noun,A1
mind,verb,A2
mine,noun,B2
mine,pronoun,A1
mineral,noun,B1
mineral water,noun,A2
miniature,adjective,B2
minimise,verb,B1
minimize,verb,B1
minimum,adjective,B1
minimum,noun,B1
minister,noun,B2
minor,adjective,B1
minority,noun,B1
mint,noun,B2
minus,preposition,B1
minute,noun,A1
miracle,noun,B1
mirror,noun,A2
mischief,noun,B1
misconception,noun,B2
miserable,adjective,B1
misery,noun,B1
misfortune,noun,B2
mislead,verb,B1
misleading,adjective,B2
Miss,noun,A1
miss,verb,A1
missile,noun,B2
missing,adjective,A2
mission,noun,B1
mist,noun,B2
mistake,noun,A2
mistreat,verb,B2
mistrustful,adjective,B2
misty,adjective,B1
misunderstand,verb,B2
misunderstanding,noun,B1
mix,noun,B2
mix,verb,A2
mixing bowl,noun,B1
mixture,noun,B2
mobile,adjective,A2
mobile,noun,A1
mobile phone,noun,A1
mobility,noun,B2
mock,adjective,B2
modal,noun,B1
modal verb,noun,B1
model,adjective,B1
model,noun,A2
model,verb,B1
modem,noun,B1
moderate,adjective,B1
modern,adjective,A2
modernisation,noun,B2
modernise,verb,B2
modernization,noun,B2
modernize,verb,B2
modest,adjective,B2
modification,noun,B2
modify,verb,B1
mogul,noun,B2
moisture,noun,B1
mold,noun,B2
molecule,noun,B1
mom,noun,A1
moment,noun,A1
momentarily,adverb,B2
momentary,adjective,B2
mommie,noun,A1
mommy,noun,A1
monastery,noun,B2
Monday,noun,A1
money,noun,A1
monitor,noun,B1
monitor,verb,B1
monk,noun,B1
monkey,noun,A1
monster,noun,B1
month,noun,A1
monthly,adjective,B1
monthly,adverb,B1
monument,noun,B1
mood,noun,A2
moody,adjective,B2
moon,noun,A1
moonlight,noun,B2
moonscape,noun,B2
moral,adjective,B2
moral,noun,B1
morality,noun,B2
morally,adverb,B2
more,adverb,B1
more,determiner,A1
more,pronoun,A1
moreover,adverb,B1
morning,noun,A1
mortal,adjective,B2
mortar,noun,B2
mortgage,noun,B2
mortify,verb,B2
mosque,noun,A2
mosquito,noun,B1
moss,noun,B1
most,adverb,A2
most,determiner,A1
most,pronoun,A2
mostly,adverb,A2
mother,noun,A1
mother-in-law,noun,B2
motherland,noun,B1
motion,noun,B2
motionless,adjective,B1
motivate,verb,B1
motivated,adjective,B2
motivation,noun,B1
motive,noun,B1
motor,noun,B1
motorbike,noun,B2
motorcycle,noun,B1
motorist,noun,B2
motorway,noun,A2
motto,noun,B1
mould,noun,B2
mount,noun,B1
mount,verb,B2
mountain,noun,A1
mountaintop,noun,B1
mourn,verb,B1
mournful,adjective,B2
mouse,noun,A1
moustache,noun,B2
mouth,noun,A1
move,noun,A1
move,verb,A2
movement,noun,B1
mover,noun,B2
movie,noun,A1
moving,adjective,B2
MP3 player,noun,A2
Mr,noun,A1
Mr.,noun,A1
Mrs,noun,A1
Mrs.,noun,A1
Ms,noun,A2
Ms.,noun,A2
much,adverb,A1
much,determiner,A1
much,pronoun,A1
mud,noun,B1
muddy,adjective,B2
mug,noun,A2
mule,noun,B1
multiple,adjective,B2
multiply,verb,B2
mum,noun,A1
mumble,noun,B2
mumble,verb,B2
murder,noun,A2
murder,verb,B1
murderer,noun,B1
murmur,noun,B2
muscle,noun,B1
muse,verb,B2
museum,noun,A2
mushroom,noun,A2
music,noun,A1
musical,adjective,A2
musical,noun,B2
musician,noun,A1
must,modal auxiliary,A1
mustache,noun,B2
mustard,noun,B1
mutability,noun,B2
mutable,adjective,B2
mutter,noun,B2
mutter,verb,B2
mutton,noun,B2
mutual,adjective,B1
my,determiner,A1
myself,pronoun,A2
mysterious,adjective,A2
mystery,noun,A2
mystify,verb,B2
myth,noun,B1
nail,noun,B1
naked,adjective,B1
name,noun,A1
name,verb,B1
nano,noun,B2
nap,noun,B1
napkin,noun,A2
narcissistic,adjective,B2
narrate,verb,B1
narrative,adjective,B1
narrator,noun,B2
narrow,adjective,B1
narrowly,adverb,B2
nasty,adjective,B1
nation,noun,A2
national,adjective,A2
nationalist,noun,B1
nationality,noun,A1
nationwide,adjective,B2
nationwide,adverb,B2
native,adjective,A2
native speaker,noun,B2
natural,adjective,A2
naturally,adverb,B1
nature,noun,A2
naughty,adjective,B2
naval,adjective,B2
navigate,verb,B2
navigation,noun,B2
navy,noun,B2
navy blue,adjective,B1
near,adjective,B1
near,adverb,B1
near,preposition,A1
nearby,adjective,B1
nearby,adverb,B1
nearly,adverb,A2
neat,adjective,B2
necessarily,adverb,B2
necessary,adjective,A2
necessity,noun,B2
neck,noun,A1
necklace,noun,B1
nectar,noun,B1
need,modal auxiliary,A1
need,noun,B2
need,verb,A2
needle,noun,B1
needless,adjective,B2
needy,adjective,B2
negative,adjective,A2
negatively,adverb,B2
neglect,noun,B2
negotiate,verb,B1
negotiation,noun,B1
neighbor,noun,A1
neighborhood,noun,B1
neighboring,adjective,B2
neighbour,noun,A1
neighbourhood,noun,B1
neighbouring,adjective,B2
neither,adverb,B2
neither,conjunction,B2
neither,determiner,B2
neither,pronoun,B2
nephew,noun,B1
nerve,noun,B2
nerves,noun,B2
nervous,adjective,A2
nervously,adverb,B2
nervousness,noun,B1
ness,noun,B1
net,adjective,A2
net,noun,B1
net surfer,noun,B2
netsurfer,noun,B2
network,noun,B1
neurosis,noun,B2
neutral,adjective,B1
never,adverb,A1
nevertheless,adverb,B1
new,adjective,A1
newborn,adjective,B1
newcomer,noun,B1
newly,adverb,B1
news,noun,A1
newscaster,noun,B2
newspaper,noun,A1
newsworthy,adjective,B2
next,adverb,A2
next,determiner,A2
next,pronoun,B2
next door,adverb,B1
next to,preposition,A2
next-door,adjective,B1
nice,adjective,A1
nicely,adverb,B2
nickname,noun,B1
niece,noun,B1
night,noun,A1
nightclub,noun,B2
nightlife,noun,B1
nightmare,noun,B2
nine,number,A1
nineteen,number,A1
ninety,number,A1
no,adverb,A1
no,determiner,A1
no one,pronoun,A2
nobility,noun,B2
noble,adjective,B2
nobleman,noun,B2
nobody,pronoun,A2
nod,noun,B1
nod,verb,B2
noise,noun,A1
noisily,adverb,B1
noisy,adjective,A2
nomad,noun,B2
nomination,noun,B2
nominee,noun,B2
none,pronoun,B1
nonetheless,adverb,B1
nonprofessional,adjective,B2
nonsense,noun,B1
non-smoking,adjective,B2
noon,noun,A2
nor,conjunction,B1
normal,adjective,A2
normally,adverb,B1
north,adjective,A2
north,adverb,A2
north,noun,A2
northeast,adjective,B1
northeast,noun,B1
northeastern,adjective,B1
northern,adjective,B1
northward,adverb,B2
northwards,adverb,B2
northwest,adjective,B1
northwest,noun,B1
northwestern,adjective,B1
nose,noun,A1
nostril,noun,B2
not,adverb,A1
note,noun,A1
note,verb,A1
notebook,noun,A1
nothing,pronoun,A1
notice,noun,A2
notice,verb,B1
noticeable,adjective,B1
noticeboard,noun,B1
notion,noun,B1
notorious,adjective,B1
nought,noun,B2
noun,noun,A2
nourish,verb,B2
nourishment,noun,B2
novel,noun,A2
novelist,noun,B1
novelty,noun,B2
November,noun,A1
now,adverb,A1
now,conjunction,B2
nowadays,adverb,A2
nowhere,adverb,B1
nuclear,adjective,B1
nucleus,noun,B1
nuisance,noun,B2
number,noun,A1
numerical,adjective,B2
numerous,adjective,B1
nurse,noun,A1
nurse,verb,B1
nursery,noun,B2
nut,noun,B2
nutrient,noun,B1
nutrition,noun,B1
nutritious,adjective,B1
nutshell,noun,B2
oak,noun,A2
oath,noun,B2
obedience,noun,B2
obedient,adjective,B2
obey,verb,B2
obituary,noun,B2
object,noun,B1
object,verb,B2
objection,noun,B1
objective,adjective,B2
objective,noun,B1
obligation,noun,B2
observation,noun,B1
observe,verb,B1
observer,noun,B2
obsess,verb,B2
obsession,noun,B2
obsessive,adjective,B2
obstacle,noun,B1
obtain,verb,B1
obvious,adjective,B1
obviously,adverb,B1
occasion,noun,B1
occasion,verb,B1
occasional,adjective,B1
occasionally,adverb,B1
occupation,noun,A2
occupy,verb,B1
occur,verb,B1
ocean,noun,B1
o'clock,adverb,A1
October,noun,A1
odd,adjective,B2
of,preposition,A1
off,adjective,A1
off,adverb,A2
off,preposition,B1
offence,noun,B2
offend,verb,B2
offender,noun,B2
offense,noun,B2
offensive,adjective,B1
offer,noun,A2
offer,verb,A2
offhand,adverb,B2
office,noun,A1
officer,noun,A1
official,adjective,A2
official,noun,B2
officially,adverb,B1
offshore,adjective,B2
often,adverb,A1
oil,noun,A2
oily,adjective,B1
ointment,noun,B2
OK,adjective,A1
OK,adverb,A1
okay,adjective,A1
okay,adverb,A1
old,adjective,A1
old-fashioned,adjective,B1
olive,noun,B2
olive oil,noun,A2
Olympia,noun,B2
Olympiad,noun,B2
Olympic,adjective,A2
Olympics,noun,A1
omelet,noun,A2
omelette,noun,A2
on,adverb,A2
on,preposition,A1
on to,preposition,B1
once,adverb,A1
once,conjunction,B2
one,determiner,A1
one,number,A1
one,pronoun,A2
oneself,pronoun,B1
onion,noun,A2
online,adjective,A2
online,adverb,A2
only,adjective,A1
only,adverb,A1
onstage,adjective,B1
onto,preposition,B1
open,adjective,A1
open,verb,A1
opening,noun,B1
openly,adverb,B2
opera,noun,A1
operate,verb,A2
operation,noun,B1
operator,noun,B2
opinion,noun,A2
opponent,noun,B2
opportunity,noun,A2
oppose,verb,A2
opposite,adjective,A2
opposite,adverb,B1
opposite,noun,B1
opposite,preposition,A2
opposition,noun,B1
oppress,verb,B1
oppression,noun,B1
optimism,noun,B2
optimist,noun,B2
optimistic,adjective,B2
option,noun,B1
optional,adjective,B2
or,conjunction,A1
oral,adjective,B2
oral,noun,B1
orange,adjective,A1
orange,noun,A1
orator,noun,B2
orbit,noun,B1
orchestra,noun,B1
orchestral,adjective,B2
orchid,noun,B2
order,noun,A1
order,verb,A2
orderly,adjective,B1
ordinary,adjective,B1
organ,noun,B1
organic,adjective,B1
organisation,noun,B1
organise,verb,A2
organised,adjective,A2
organiser,noun,B2
organism,noun,B1
organization,noun,B1
organize,verb,A2
organized,adjective,A2
organizer,noun,B2
origin,noun,B1
original,adjective,A2
original,noun,B2
originality,noun,B2
originally,adverb,B2
originate,verb,B2
ornament,noun,B2
orphan,noun,A2
other,determiner,A1
other,pronoun,A2
otherwise,adverb,B1
ought to,modal auxiliary,B1
ounce,noun,B2
our,determiner,A1
ours,pronoun,A1
ourselves,pronoun,A2
out,adverb,A1
out of,preposition,A2
outback,noun,B2
outbreak,noun,B2
outcome,noun,B2
outdistance,verb,B2
outdo,verb,B2
outdoor,adjective,B1
outdoors,adverb,B1
outer,adjective,B1
outfit,noun,B2
outgrow,verb,B2
outing,noun,B2
outlaw,noun,B1
outlet,noun,B2
outline,noun,B2
outline,verb,B1
outlive,verb,B2
outlook,noun,B2
out-of-date,adjective,B1
outpatient,noun,B2
output,noun,B2
outrage,noun,B2
outrageous,adjective,B2
outshine,verb,B2
outside,adjective,B2
outside,adverb,A1
outside,noun,B2
outside,preposition,A2
outsider,noun,B2
outskirts,noun,B2
outstanding,adjective,B1
outward,adjective,B1
outwardly,adverb,B2
outweigh,verb,B1
oval,adjective,B2
oven,noun,A2
over,adverb,A2
over,preposition,A1
overall,adjective,B2
overall,adverb,B2
overboard,adverb,B2
overbook,verb,B2
overcoat,noun,B2
overcome,verb,B1
overemphasise,verb,B2
overemphasize,verb,B2
overestimate,verb,B2
overhear,verb,B2
overjoyed,adjective,B1
overlap,noun,B2
overlook,verb,B2
overly,adverb,B2
overnight,adjective,B1
overnight,adverb,B1
overseas,adjective,B2
overseas,adverb,A2
overshadow,verb,B2
oversize,adjective,B2
overstep,verb,B2
overtake,verb,B2
overthrow,verb,B2
overtime,adverb,B2
overtime,noun,B2
overturn,verb,B2
overweight,adjective,A2
overwhelm,verb,B1
overwhelming,adjective,B1
overwork,noun,B1
ow,noun,B2
owe,verb,B1
owing,adjective,B1
owing to,preposition,B2
owl,noun,B2
own,adjective,A1
own,pronoun,A2
own,verb,B1
owner,noun,A1
ox,noun,B2
oxygen,noun,B1
ozone,noun,B2
p.m.,adverb,A1
P.M.,adverb,A1
pa,noun,B2
pace,noun,B1
pacific,adjective,A2
pack,noun,A2
pack,verb,A2
package,noun,B1
packed,adjective,B2
packet,noun,B2
packing,noun,B1
pad,noun,B2
paddle,noun,B1
page,noun,A1
paid,adjective,B1
pain,noun,B1
painful,adjective,B1
paint,noun,A1
paint,verb,A1
paintbrush,noun,B2
painter,noun,A2
painting,noun,A1
pair,noun,A1
pajamas,noun,B2
pal,noun,A2
palace,noun,A1
pale,adjective,B1
pallet,noun,B2
palm,noun,B1
pan,noun,A2
pancake,noun,B2
pandemic,adjective,B2
panel,noun,B2
panic,noun,A2
panic,verb,B2
pants,noun,A1
papaya,noun,B2
paper,noun,A1
paperless,adjective,B2
paperwork,noun,B2
parachute,noun,B1
parade,noun,B2
paradise,noun,B1
paradox,noun,B2
paragraph,noun,A1
paralyse,verb,B1
paralysis,noun,B2
paralyze,verb,B1
paramedic,adjective,B2
paratrooper,noun,B2
parcel,noun,B1
pardon,noun,A1
pardon,verb,B1
parent,noun,A1
parental,adjective,B1
park,noun,A1
park,verb,A2
parking,noun,B1
parliament,noun,B2
parrot,noun,B1
part,noun,A2
part,verb,B2
partial,adjective,B1
participant,noun,B1
participate,verb,B1
participation,noun,B2
participle,noun,B1
particle,noun,B2
particular,adjective,B2
particularly,adverb,B1
partisan,noun,B2
partly,adverb,A2
partner,noun,A1
partnership,noun,B2
part-time,adjective,B1
part-time,adverb,B1
party,noun,A1
pass,noun,A2
pass,verb,A2
passage,noun,A2
passenger,noun,A2
passion,noun,B1
passionate,adjective,B2
passionately,adverb,B2
passive,adjective,B1
passport,noun,B1
password,noun,B1
past,adjective,B1
past,adverb,A1
past,preposition,A1
pasta,noun,A2
pastor,noun,B2
pastoral,adjective,B2
patch,noun,B2
path,noun,A2
patience,noun,B1
patient,adjective,B1
patient,noun,A2
patiently,adverb,B2
patriot,noun,B2
patriotic,adjective,B2
patriotism,noun,B2
patrol,noun,B1
patron,noun,B2
pattern,noun,B1
pause,noun,B1
pause,verb,B1
pave,verb,B2
pavement,noun,B2
paw,noun,B2
pawnbroker,noun,B2
pawnshop,noun,B2
pay,noun,A1
pay,verb,A1
payment,noun,B2
PC,noun,A2
pea,noun,A2
peace,noun,A1
peaceful,adjective,A2
peacefully,adverb,B2
peach,noun,B2
peak,noun,B2
peanut,noun,B1
pear,noun,A2
pearl,noun,B2
pebble,noun,B2
peculiar,adjective,B1
pedal,noun,B2
pedantic,adjective,B2
pedestrian,noun,B2
pee,verb,B2
peel,noun,B2
peel,verb,B2
peep,noun,B2
peer,noun,B2
peg,noun,B2
pen,noun,A1
pen friend,noun,A2
penalise,verb,B2
penalize,verb,B2
penalty,noun,B2
pence,noun,A2
pencil,noun,A1
penetrate,verb,B2
penfriend,noun,A2
penguin,noun,B2
penicillin,noun,B2
penniless,adjective,B1
penny,noun,B1
pension,noun,B2
pentagon,noun,B2
people,noun,A1
pepper,noun,A2
per,preposition,B1
perceive,verb,B2
per cent,noun,B1
percent,noun,B1
percentage,noun,B2
perception,noun,B2
perfect,adjective,A2
perfectly,adverb,A2
perform,verb,A2
performance,noun,A2
performer,noun,B1
perfume,noun,A2
perhaps,adverb,A2
period,noun,A1
permanence,noun,B2
permanent,adjective,B1
permanently,adverb,B1
permeate,verb,B2
permission,noun,A2
permit,verb,B1
perseverance,noun,B2
persist,verb,B2
persistence,noun,B2
persistent,adjective,B2
person,noun,A1
personal,adjective,A1
personality,noun,A2
personally,adverb,B1
personification,noun,B2
personify,verb,B2
personnel,noun,B2
perspective,noun,B2
perspiration,noun,B2
persuade,verb,B1
persuasion,noun,B2
persuasive,adjective,B1
pessimist,noun,B2
pessimistic,adjective,B2
pet,noun,A1
petrified,adjective,B2
petrol,noun,A2
petrol station,noun,A2
petty,adjective,B2
pH,noun,B2
phantom,adjective,B1
pharmacist,noun,B2
pharmacy,noun,B1
phase,noun,B2
phenix,noun,B1
phenomenon,noun,B1
philosopher,noun,B1
philosophical,adjective,B2
philosophy,noun,B1
phoenix,noun,B1
phone,noun,A1
phone,verb,A1
photo,noun,A1
photocopy,noun,B1
photograph,noun,A2
photograph,verb,B2
photographer,noun,A2
photography,noun,A2
phrasal verb,noun,B1
phrase,noun,B1
physical,adjective,A2
physically,adverb,A2
physician,noun,B2
physics,noun,B1
pi,noun,B2
piano,noun,A1
pick,noun,B1
pick,verb,A1
pickle,noun,B2
picky,adjective,B2
picnic,noun,A1
picture,noun,A1
picture,verb,B2
picturesque,adjective,B2
pie,noun,B1
piece,noun,A1
piety,noun,B1
pig,noun,A1
pile,noun,A2
pilgrim,noun,A2
pill,noun,A2
pillow,noun,B1
pillowcase,noun,B2
pilot,noun,A2
pin,noun,B2
pin,verb,B1
pine,noun,B2
pineapple,noun,B1
pink,adjective,A1
pink,noun,A2
pint,noun,B2
pipe,noun,B1
piracy,noun,B2
pirate,noun,B2
pit,noun,B1
pitch,noun,B2
pitch,verb,B2
pity,noun,A2
pizza,noun,A1
place,noun,A1
place,verb,B1
plague,noun,B2
plain,adjective,B1
plan,noun,A1
plan,verb,B1
plane,noun,A1
planet,noun,A2
planning,noun,B2
plant,noun,A2
plant,verb,B1
plastic,adjective,A2
plastic,noun,B1
plate,noun,A2
platform,noun,B1
play,noun,A1
play,verb,A1
player,noun,A1
playful,adjective,A2
playground,noun,A2
playmate,noun,B2
playwright,noun,B2
plead,verb,B2
pleasant,adjective,A2
pleasantly,adverb,B1
please,adverb,A1
please,verb,B1
pleased,adjective,A2
pleasing,adjective,A2
pleasure,noun,A1
plenty,noun,A2
plenty,pronoun,B1
plot,noun,B2
pluck,verb,B2
plug,noun,B1
plug,verb,B2
plum,noun,B2
plumber,noun,B2
plural,noun,A2
plus,conjunction,B1
plus,noun,B2
plus,preposition,A2
pm,adverb,A1
PM,adverb,A1
pneumonia,noun,B2
pocket,noun,A1
pocket money,noun,B1
poem,noun,A1
poet,noun,B1
poetry,noun,B1
point,noun,A1
point,verb,A2
point of view,noun,B2
pointless,adjective,B2
poison,noun,B1
poison,verb,B2
poisonous,adjective,B1
polar bear,noun,B2
pole,noun,B1
police,noun,A2
police officer,noun,A2
police station,noun,A2
policeman,noun,A2
policewoman,noun,A2
policy,noun,B1
polio,noun,B2
polish,noun,B2
polite,adjective,A2
politely,adverb,B1
politeness,noun,B2
political,adjective,A2
politically,adverb,B2
politician,noun,B1
politics,noun,B1
polity,noun,B2
pollutant,noun,B1
pollute,verb,A2
pollution,noun,A1
polo,noun,B2
pond,noun,B1
ponder,verb,B2
pool,noun,A1
poor,adjective,A1
pop,noun,A1
pop,verb,B2
popcorn,noun,B1
popular,adjective,A2
popularise,verb,B2
popularity,noun,B2
popularize,verb,B2
population,noun,A2
porch,noun,B2
pork,noun,B1
port,noun,B1
portion,noun,B2
portrait,noun,A2
pose,noun,B2
posh,adjective,B2
position,noun,A2
positive,adjective,B1
positively,adverb,B1
possess,verb,B1
possessed,adjective,B2
possession,noun,B1
possessive,adjective,B1
possibility,noun,B1
possible,adjective,A2
possibly,adverb,A2
post,noun,A1
post,verb,A2
post office,noun,A2
postal,adjective,B2
postcard,noun,B1
poster,noun,A1
postman,noun,B1
postpone,verb,B2
pot,noun,B1
potato,noun,A1
potent,adjective,B2
potential,adjective,B2
potential,noun,B1
potentially,adverb,B2
pottery,noun,B1
pound,noun,B1
pound,verb,B2
pour,verb,A2
poverty,noun,B1
powder,noun,B1
powder,verb,B2
power,noun,A2
powerful,adjective,A2
powerfully,adverb,B2
practical,adjective,B1
practicality,noun,B2
practically,adverb,B2
practice,noun,A1
practice,verb,A1
practise,verb,A1
praise,noun,B1
praise,verb,B2
prance,noun,B2
prawn,noun,B2
pray,verb,A1
prayer,noun,B1
precede,verb,B2
precious,adjective,B1
precise,adjective,A2
precisely,adverb,B2
predicament,noun,B2
predicate,verb,B2
predicative,adjective,B2
predict,verb,A2
predictable,adjective,B2
prediction,noun,A2
predictive,adjective,B2
predictor,noun,B2
prefect,noun,B2
prefer,verb,A2
preferable,adjective,B2
preferably,adverb,B2
preference,noun,B1
prefix,noun,B1
pregnant,adjective,B1
prehistoric,adjective,B2
prehuman,noun,B2
preindustrial,adjective,B2
prejudge,verb,B2
prejudice,noun,B1
preliminary,adjective,B2
preoccupy,verb,B2
preparation,noun,B1
prepare,verb,A2
prepared,adjective,B1
preposition,noun,B1
preschool,adjective,B1
prescribe,verb,B2
prescription,noun,B1
presence,noun,B1
present,adjective,B1
present,noun,A1
present,verb,B2
presentation,noun,B1
presenter,noun,B2
preservation,noun,B1
preserve,verb,B1
presidency,noun,B2
president,noun,B1
presidential,adjective,B2
press,noun,B1
press,verb,B1
pressure,noun,A2
prestige,noun,B2
prestigious,adjective,B2
presumably,adverb,B2
pretend,adjective,B2
pretend,verb,A2
pretty,adjective,A1
pretty,adverb,A2
prevail,verb,B2
prevent,verb,A2
prevention,noun,B2
preventive,adjective,B2
previous,adjective,B1
previously,adverb,B2
price,noun,A1
price,verb,B2
priceless,adjective,B2
prick,noun,B2
pride,noun,A2
priest,noun,B1
primarily,adverb,B1
primary,adjective,B2
primary school,noun,B1
prime,adjective,B2
prime minister,noun,B2
primitive,adjective,B1
prince,noun,A1
princess,noun,A1
principal,adjective,A2
principal,noun,B2
principle,noun,B1
print,noun,B1
print,verb,A2
printer,noun,A2
prior,adjective,B2
priority,noun,B2
prison,noun,B1
prisoner,noun,B1
privacy,noun,B1
private,adjective,A2
privately,adverb,B2
privilege,noun,B2
prize,noun,B1
pro,noun,A2
probability,noun,B1
probable,adjective,B2
probably,adverb,A2
probe,noun,B2
problem,noun,A1
procedure,noun,B2
proceed,verb,B1
process,noun,B1
process,verb,B2
proclaim,verb,B1
procrastination,noun,B1
produce,verb,A2
producer,noun,B1
product,noun,A2
production,noun,A2
productive,adjective,B1
profession,noun,B1
professional,adjective,A2
professional,noun,B2
professor,noun,B1
profile,noun,B2
profit,noun,B2
profitable,adjective,B2
program,noun,A1
program,verb,B1
programer,noun,B2
programing,noun,B2
programme,noun,A1
programme,verb,B1
programmer,noun,B2
programming,noun,B2
progress,noun,B1
progress,verb,B2
progressive,adjective,A2
prohibit,verb,B2
prohibition,noun,B1
project,noun,B2
project,verb,B2
projection,noun,B2
prom,noun,B2
prominence,noun,B2
prominent,adjective,B1
promise,noun,A2
promise,verb,B1
promote,verb,B1
promotion,noun,B1
prompt,adjective,B2
prompt,noun,B2
prompt,verb,B2
promptly,adverb,B2
pronoun,noun,B1
pronounce,verb,A2
pronunciation,noun,A2
proof,noun,B1
proper,adjective,A2
properly,adverb,B1
property,noun,B1
proponent,noun,B2
proportion,noun,B1
proposal,noun,B1
propose,verb,B1
proposed,adjective,B2
prose,noun,B2
prosecute,verb,B2
prospect,noun,B2
prosper,verb,B2
prosperity,noun,B1
prosperous,adjective,B1
protect,verb,B1
protection,noun,B1
protective,adjective,B1
protest,noun,B1
protest,verb,B2
proud,adjective,B1
proudly,adverb,B2
prove,verb,B1
proven,adjective,B2
proverb,noun,B1
provide,verb,A2
provided,conjunction,B1
province,noun,B2
provision,noun,B2
proximity,noun,B2
psychological,adjective,B1
psychologically,adverb,B2
psychologist,noun,A2
psychology,noun,B2
pub,noun,B1
public,adjective,B1
public,noun,A2
public transport,noun,B1
publication,noun,B2
publicise,verb,B2
publicity,noun,B2
publicize,verb,B2
publicly,adverb,B1
publish,verb,A2
publisher,noun,B1
pudding,noun,B2
pull,verb,A2
pullover,noun,B1
pulse,noun,B2
pump,noun,B1
pumpkin,noun,B2
punch,noun,B2
punch,verb,B2
punctual,adjective,B2
punctuality,noun,B2
punctuation,noun,A2
punish,verb,B1
punishment,noun,B1
pupil,noun,B1
puppy,noun,B1
purchase,noun,B2
purchase,verb,B2
pure,adjective,B1
purify,verb,B1
purple,adjective,A2
purple,noun,A1
purpose,noun,A2
purposeful,adjective,B2
purse,noun,B1
pursue,verb,A2
pursuit,noun,B2
push,noun,B1
push,verb,A1
put,verb,A1
puzzle,noun,B1
puzzled,adjective,B2
pyjamas,noun,B2
quake,noun,B1
qualification,noun,B2
qualified,adjective,B1
qualify,verb,B1
quality,adjective,B1
quality,noun,A2
quantify,verb,B2
quantity,noun,B1
quarantine,noun,B2
quarrel,noun,B2
quarrel,verb,B2
quarrelsome,adjective,B2
quarter,noun,A1
queen,noun,A2
queer,adjective,B2
query,noun,B2
question,noun,A1
question,verb,B2
question mark,noun,B1
questionnaire,noun,B1
queue,noun,B1
queue,verb,B2
quick,adjective,A2
quickly,adverb,A1
quiet,adjective,A1
quiet,noun,B2
quietly,adverb,A2
quit,adjective,B2
quit,verb,A2
quite,adverb,A2
quiz,noun,A2
quotable,adjective,B2
quotation,noun,B2
quote,noun,B2
quote,verb,B2
rabbit,noun,A1
race,noun,B1
race,verb,B1
racial,adjective,B1
racism,noun,B2
racist,noun,B2
rack,noun,B2
racket,noun,A2
radar,noun,B2
radiate,verb,B2
radiation,noun,B1
radical,noun,B2
radically,adverb,B2
radio,noun,A1
radium,noun,B2
rafter,noun,B2
rag,noun,B2
rage,noun,B1
rail,noun,B1
railroad,noun,B1
railway,noun,B1
rain,noun,A1
rain,verb,A1
rainbow,noun,B2
raincoat,noun,A2
rainfall,noun,B1
rainforest,noun,B1
rainstorm,noun,B2
rainy,adjective,A1
raise,verb,A2
rally,noun,B2
ram,noun,B2
ramp,noun,B2
range,noun,A2
range,verb,B2
ranger,noun,B2
rank,noun,B1
rap,noun,A2
rap,verb,B1
rape,noun,B2
rape,verb,B2
rapid,adjective,B1
rapidly,adverb,B1
rare,adjective,B1
rarely,adverb,B1
rash,adjective,B2
raspberry,noun,B1
rat,noun,A1
rate,noun,A2
rate,verb,B2
rather,adverb,A2
rating,noun,A2
ration,noun,B1
rational,adjective,B1
rattle,noun,B2
ravage,noun,B2
raw,adjective,A2
ray,noun,A2
razor,noun,B1
're,be-verb,A1
reach,noun,B1
reach,verb,A2
react,verb,B1
reaction,noun,B2
read,verb,A1
reader,noun,A1
readily,adverb,B2
reading,noun,A1
ready,adjective,A1
real,adjective,A1
real,adverb,A1
real estate,noun,B2
realisation,noun,B2
realise,verb,A2
realistic,adjective,B1
reality,noun,B1
realization,noun,B2
realize,verb,A2
really,adverb,A1
rear,adjective,B2
rearrange,verb,B1
reason,noun,A1
reasonable,adjective,B1
reasonably,adverb,B2
rebel,noun,B2
rebel,verb,B2
rebellious,adjective,B2
rebuild,verb,B1
recall,verb,B1
receipt,noun,A2
receive,verb,A2
recent,adjective,A2
recently,adverb,A2
reception,noun,B1
receptionist,noun,A2
recession,noun,B2
recipe,noun,B2
recite,verb,B1
reckon,verb,B2
reclaim,verb,B1
recognise,verb,B1
recognition,noun,B2
recognize,verb,B1
recollect,verb,B2
recollection,noun,B2
recommend,verb,B1
recommendable,adjective,B2
recommendation,noun,B2
reconsider,verb,B2
record,noun,B1
record,verb,A2
recording,noun,B1
recover,verb,B1
recovery,noun,B1
recreation,noun,B2
recruit,verb,B2
rectangular,adjective,B2
recycle,verb,A2
recycled,adjective,B1
recycling,noun,B1
red,adjective,A1
red,noun,A2
redo,verb,B2
reduce,verb,B1
reduction,noun,B1
redundant,adjective,B2
reed,noun,B2
reef,noun,B1
refer,verb,A2
referee,noun,B1
reference,noun,B2
referent,adjective,B2
refinery,noun,B2
reflect,verb,A2
reflection,noun,B1
reflective,adjective,B2
reform,noun,B2
refrain,noun,B2
refresh,noun,B2
refreshments,noun,B1
refrigerator,noun,A2
refuge,noun,B2
refugee,noun,B2
refund,noun,B1
refusal,noun,B1
refuse,noun,B1
refuse,verb,B1
refute,verb,B2
regain,verb,B1
regard,noun,B2
regard,verb,B1
regarding,preposition,B1
regardless,adverb,B2
reggae,noun,B2
regime,noun,B2
region,noun,B1
regional,adjective,B1
register,noun,B1
register,verb,B1
registration,noun,B1
regret,noun,B2
regret,verb,A2
regrettably,adverb,B2
regular,adjective,A2
regularly,adverb,A2
regulate,verb,B2
regulation,noun,B1
rehearsal,noun,B2
reinforce,verb,B2
reinforcement,noun,B2
reject,verb,B1
rejection,noun,B2
rejoin,verb,B2
relate,verb,B1
related,adjective,B2
relation,noun,B1
relationship,noun,B1
relative,adjective,B1
relative,noun,B1
relatively,adverb,B1
relativity,noun,B2
relax,verb,A2
relaxation,noun,B2
relaxed,adjective,A2
relaxing,adjective,B1
relay,noun,B2
release,noun,A2
release,verb,B1
relevant,adjective,B2
reliable,adjective,B1
relic,noun,B2
relief,noun,B2
relieve,verb,B2
relieved,adjective,B2
religion,noun,B1
religious,adjective,B1
reluctant,adjective,B2
rely,verb,B1
remain,verb,A2
remainder,noun,B1
remaining,adjective,B2
remains,noun,B2
remark,noun,B2
remark,verb,B1
remarkable,adjective,B1
remarkably,adverb,B2
remedy,noun,B1
remember,verb,A1
remembrance,noun,B1
remind,verb,A2
reminder,noun,B2
remote,adjective,A2
remote control,noun,B1
remove,verb,B1
renew,verb,B1
rent,noun,A2
rent,verb,A2
rental,noun,B2
reorganise,verb,B2
reorganize,verb,B2
repaint,noun,B2
repair,noun,A2
repair,verb,A2
repay,verb,B1
repeat,verb,A1
repeatedly,adverb,B1
repertoire,noun,B2
repetition,noun,B2
replace,verb,A2
replacement,noun,B2
replica,noun,B2
reply,noun,A2
reply,verb,B1
report,noun,A2
report,verb,B1
reporter,noun,A1
represent,verb,A2
representative,noun,B1
repress,verb,B2
repression,noun,B2
reprint,noun,B2
reproduce,verb,B1
reprove,verb,B2
republic,noun,B1
reputation,noun,B1
request,noun,A2
request,verb,B1
require,verb,B1
requirement,noun,B1
rescue,noun,B1
rescue,verb,B1
research,noun,A2
research,verb,B2
researcher,noun,B1
resemble,verb,B1
reservation,noun,B1
reserve,noun,B1
reserve,verb,B1
residence,noun,B2
resident,adjective,B1
resident,noun,B2
residential,adjective,B1
resign,verb,B2
resignation,noun,B2
resist,verb,B1
resistance,noun,B2
resolution,noun,B2
resolve,verb,B1
resonant,adjective,B2
resort,noun,B1
resource,noun,B1
respect,noun,B1
respect,verb,B1
respectable,adjective,B1
respectably,adverb,B2
respected,adjective,B2
respiration,noun,B2
respiratory,adjective,B2
respond,verb,B1
response,noun,A2
responsibility,noun,B1
responsible,adjective,B1
rest,noun,B1
rest,verb,B1
restaurant,noun,A1
restore,verb,B1
restrict,verb,B1
restriction,noun,B2
result,noun,A1
result,verb,B1
resume,verb,B2
retail,noun,B1
retailer,noun,B2
retain,verb,B1
retard,verb,B2
retell,verb,B1
retina,noun,B2
retire,verb,A2
retired,adjective,A2
retirement,noun,B2
retreat,noun,B2
retreat,verb,B2
retrieve,verb,B2
retrospect,noun,B1
return,noun,A2
return,verb,A2
reunification,noun,B1
reunify,verb,B1
reunion,noun,A2
reveal,verb,A2
revelation,noun,B2
revenge,noun,B2
revenue,noun,B2
reverence,noun,B2
reverse,verb,B2
review,noun,A1
review,verb,B2
revise,verb,B1
revision,noun,B1
revival,noun,B2
revive,verb,B2
revolution,noun,B2
revolutionary,adjective,B2
revolutionise,verb,B2
revolutionize,verb,B2
revolve,verb,B2
reward,noun,B1
reward,verb,B2
rewrite,verb,B1
rhinoceros,noun,B2
rhyme,verb,B2
rhythm,noun,A2
rhythmic,adjective,B2
rib,noun,B2
ribbon,noun,A1
rice,noun,A1
rich,adjective,A1
rid,verb,B1
riddle,noun,B2
riddle,verb,B1
ride,noun,A1
ride,verb,A1
rider,noun,B2
ridge,noun,B2
ridiculous,adjective,B1
right,adjective,A1
right,adverb,A1
right,noun,A2
righteousness,noun,B2
right-hand,adjective,A2
rightly,adverb,B2
rim,noun,B2
ring,noun,A2
ring,verb,A1
rip,verb,B2
ripe,adjective,B1
rise,noun,B1
rise,verb,B1
risk,noun,B1
risk,verb,B2
risky,adjective,B2
rite,noun,B2
ritual,noun,B2
rival,noun,B2
river,noun,A1
road,noun,A2
roadside,noun,B1
roam,noun,B2
roar,verb,B2
roast,adjective,B2
roast,verb,A2
rob,verb,A2
robbery,noun,A2
robin,noun,A2
robot,noun,B1
rock,noun,A2
rock,verb,B2
rocket,noun,B2
rocky,adjective,B2
role,noun,A1
roll,noun,A2
roll,verb,B2
rolling,adjective,B1
romance,noun,A2
romantic,adjective,A2
roof,noun,A2
room,noun,A1
room,verb,B1
roommate,noun,B2
root,noun,A2
rope,noun,A2
rose,noun,A1
rosy,adjective,B2
rotten,adjective,B1
rough,adjective,B1
roughly,adverb,A2
round,adjective,B1
round,adverb,A2
round,noun,B1
round,preposition,B2
round,verb,B2
roundabout,noun,A2
route,noun,B2
routine,noun,B1
row,noun,A1
row,verb,B2
royal,adjective,A2
royalty,noun,B2
rub,verb,B2
rubber,noun,B1
rubbish,noun,B1
rubble,noun,B2
rude,adjective,A1
rudely,adverb,B1
rug,noun,B2
rugby,noun,A2
ruin,noun,B1
ruin,verb,A2
ruinous,adjective,B2
rule,noun,A1
rule,verb,B2
ruler,noun,A1
rumor,noun,A2
rumour,noun,A2
run,noun,A1
run,verb,A1
runaway,noun,B1
runner,noun,A2
running,noun,A2
runway,noun,B1
rural,adjective,B2
rush,noun,A2
rush,verb,B1
rush hour,noun,B2
rusty,adjective,B2
's,be-verb,A1
sack,verb,B2
sacred,adjective,B1
sad,adjective,A1
sadly,adverb,A2
sadness,noun,B1
safari,noun,B1
safe,adjective,A2
safeguard,noun,B1
safeguard,verb,B2
safely,adverb,B1
safety,noun,B1
sag,noun,B2
sage,noun,B2
sail,verb,B2
sailing,noun,A2
sailor,noun,A1
sake,noun,A2
salad,noun,A1
salary,noun,B2
sale,noun,A1
salesman,noun,B1
salesmanship,noun,B2
salesperson,noun,B2
saleswoman,noun,B2
salmon,noun,B1
salon,noun,B2
salsa,noun,B2
salt,noun,A2
salty,adjective,B2
same,adjective,A1
same,adverb,A1
same,pronoun,A1
sample,noun,A2
sand,noun,B1
sandal,noun,B1
sandstone,noun,B2
sandwich,noun,A1
sandy,adjective,A2
sanitary,adjective,B2
sanitation,noun,B2
satellite,noun,B1
satisfaction,noun,B1
satisfactory,adjective,B2
satisfied,adjective,B1
satisfy,verb,A2
Saturday,noun,A1
sauce,noun,A2
saucepan,noun,B1
saucer,noun,B1
sausage,noun,A2
save,verb,A1
saving,noun,B2
savings,noun,B2
saw,noun,A1
saw,verb,B2
say,noun,B2
say,verb,A1
scale,noun,A2
scan,noun,B1
scan,verb,B2
scandal,noun,B2
scar,noun,B2
scarcely,adverb,B2
scare,verb,B1
scared,adjective,B1
scarf,noun,A2
scarlet,noun,B2
scary,adjective,B1
scatter,verb,B1
scene,noun,A2
scenery,noun,A2
scenic,adjective,B1
scent,noun,B2
schedule,noun,A2
schedule,verb,B2
scheduled,adjective,B2
scheme,noun,B2
scholar,noun,B1
scholarship,noun,B1
scholasticism,noun,B2
school,noun,A1
schoolchild,noun,A2
schoolgirl,noun,B2
schoolmate,noun,B1
schoolteacher,noun,B1
schoolwork,noun,A2
science,noun,A1
science fiction,noun,B1
scientific,adjective,A2
scientifically,adverb,B2
scientist,noun,A1
scissors,noun,A2
scold,verb,B1
scooter,noun,B2
scope,noun,B1
score,noun,B1
score,verb,B1
scramble,verb,B2
scratch,noun,B1
scratch,verb,B2
scream,noun,A2
scream,verb,B1
screen,noun,A2
screen,verb,B2
screw,noun,A2
screw,verb,B2
scribble,noun,B2
script,noun,A2
scrooge,noun,B2
scuba,noun,B2
sculpture,noun,B1
scythe,noun,B2
sea,noun,A1
seafood,noun,A2
seal,noun,B2
search,noun,A2
search,verb,B1
seaside,noun,A2
season,noun,B1
seasonal,adjective,B2
seat,noun,A1
seawater,noun,B1
seaweed,noun,B1
second,adjective,A1
second,adverb,B1
second,noun,A2
second,pronoun,A2
second person,noun,B2
secondary,adjective,B2
secondary school,noun,B1
second-hand,adjective,B1
second-hand,adverb,B1
secondly,adverb,B2
secret,adjective,B1
secret,noun,A2
secretary,noun,A2
secretly,adverb,B1
section,noun,A1
sector,noun,B2
secure,adjective,B1
security,noun,B1
see,verb,A1
seed,noun,A2
seek,verb,A2
seem,verb,A2
seesaw,noun,B2
segment,noun,B2
seize,verb,B1
seldom,adverb,B2
select,adjective,B1
select,verb,B2
selection,noun,B1
self,noun,A1
self-confidence,noun,B2
self-confident,adjective,B2
selfish,adjective,B1
selfless,adjective,B2
self-service,adjective,B1
sell,verb,A1
seller,noun,B2
semester,noun,A2
semicolon,noun,B2
semi-final,noun,B2
seminar,noun,B2
senator,noun,B2
send,verb,A2
senior,adjective,A2
senior,noun,A2
sensation,noun,B1
sense,noun,A2
sense,verb,B2
sensible,adjective,B2
sensitive,adjective,B2
sentence,noun,A1
sentence,verb,B2
separate,adjective,A2
separate,verb,B2
separately,adverb,B2
separation,noun,B1
September,noun,A1
sequence,noun,B1
serene,adjective,B2
serial,adjective,B2
series,noun,B1
serious,adjective,B1
seriously,adverb,A2
servant,noun,B2
serve,verb,A2
server,noun,B1
service,noun,B1
service,verb,B1
session,noun,B1
set,noun,A2
set,verb,A1
setback,noun,B2
setting,noun,B1
settle,verb,B1
settlement,noun,B1
settler,noun,B1
seven,number,A1
seventeen,number,A1
seventy,number,A1
several,determiner,A2
several,pronoun,A2
severe,adjective,B1
severely,adverb,B1
sew,verb,A2
sex,noun,B1
sexism,noun,B2
sexual,adjective,B2
sexy,adjective,B2
shabby,adjective,B2
shade,noun,A2
shadow,noun,A2
shadow,verb,B1
shadowy,adjective,B1
shake,noun,A1
shake,verb,B1
shaken,adjective,B2
Shakespearean,adjective,B2
shaky,adjective,B2
shall,modal auxiliary,A2
shallow,adjective,B1
shame,noun,B1
shameful,adjective,B1
shampoo,noun,A2
shape,noun,A2
shape,verb,B1
share,noun,A2
share,verb,A1
sharp,adjective,B1
sharp,adverb,B2
sharply,adverb,B2
shatter,verb,B2
shave,verb,B1
she,pronoun,A1
shed,noun,B2
sheep,noun,A1
sheer,adjective,B1
sheet,noun,B1
shelf,noun,A1
shell,noun,A2
shell,verb,B2
shelter,noun,B1
sheriff,noun,B1
shield,noun,B2
shift,noun,B2
shift,verb,B1
shine,verb,A2
shiny,adjective,B1
ship,noun,A1
ship,verb,B1
shipping,noun,B2
shipwreck,noun,B2
shirt,noun,A1
shiver,verb,B1
shock,noun,A2
shock,verb,B2
shocked,adjective,B1
shocking,adjective,B1
shoe,noun,A1
shoot,verb,A2
shooting,noun,B2
shop,noun,A1
shop,verb,B1
shop assistant,noun,A2
shopkeeper,noun,B2
shoplift,verb,B2
shoplifter,noun,B2
shoplifting,noun,B2
shopper,noun,B1
shopping,noun,A1
shore,noun,A2
short,adjective,A1
short,adverb,A1
short,noun,A2
shortage,noun,B1
shortly,adverb,B1
shortness,noun,B2
shorts,noun,A2
short-term,adjective,B2
shot,noun,A2
should,modal auxiliary,A1
shoulder,noun,A1
shout,noun,A2
shout,verb,B1
show,noun,A2
show,verb,A1
showbiz,noun,B2
showcase,noun,B2
shower,noun,A1
shower,verb,B2
shrimp,noun,B1
shrink,noun,B2
shrink,verb,B2
shrug,verb,B2
shut,adjective,B1
shut,verb,A2
shy,adjective,A1
sick,adjective,A1
sickness,noun,B1
side,noun,A1
sidewalk,noun,B1
sigh,noun,B1
sigh,verb,B2
sight,noun,A1
sightseeing,noun,A2
sign,noun,A1
sign,verb,B1
signal,noun,B1
signature,noun,B1
significance,noun,B1
significant,adjective,A2
significantly,adverb,B2
signify,verb,B2
signpost,noun,B1
silence,noun,A2
silent,adjective,B1
silently,adverb,A2
silk,noun,B1
silly,adjective,A2
silver,adjective,A2
silver,noun,A2
silverware,noun,B2
similar,adjective,A2
similarity,noun,B1
similarly,adverb,B1
simple,adjective,A2
simplification,noun,B2
simplify,verb,B1
simply,adverb,A2
simultaneous,adjective,B2
simultaneously,adverb,B1
since,adverb,B2
since,conjunction,B1
since,preposition,A2
sincere,adjective,B2
sincerity,noun,B2
sing,verb,A1
singer,noun,A1
singing,noun,A2
single,adjective,A2
single,noun,B1
singular,adjective,A2
singular,noun,A2
sink,noun,A2
sink,verb,B1
sir,noun,A1
sister,noun,A1
sister-in-law,noun,B2
sit,verb,A1
site,noun,A1
sitting room,noun,A2
situation,noun,A2
six,number,A1
sixteen,number,A1
sixty,number,A1
size,noun,A1
skate,noun,A2
skate,verb,B1
skateboard,noun,B2
skateboarder,noun,B2
skateboarding,noun,A2
skating,noun,A2
skeleton,noun,B1
sketch,verb,B2
ski,noun,A2
ski,verb,B1
skiing,noun,A2
skilful,adjective,B2
skilfully,adverb,B2
skill,noun,A1
skilled,adjective,B2
skillful,adjective,B2
skillfully,adverb,B2
skim,verb,B2
skin,noun,B1
skip,verb,B2
skirt,noun,A1
sky,noun,A1
skylark,noun,B2
skyscraper,noun,B1
skyward,adverb,B2
skywards,adverb,B2
slam,verb,B2
slang,noun,B2
slap,noun,B2
slap,verb,B2
slash,noun,B2
slaughter,noun,B2
slave,noun,A2
slavery,noun,B1
sleep,noun,B1
sleep,verb,A1
sleepless,adjective,A2
sleepy,adjective,A2
sleeve,noun,B1
slice,noun,A2
slice,verb,B2
slide,noun,A2
slide,verb,B2
slight,adjective,B2
slight,noun,B1
slightly,adverb,B1
slim,adjective,A2
slip,noun,B1
slip,verb,B1
sliver,noun,B2
slogan,noun,B1
slope,noun,B1
sloppy,adjective,B2
slot,noun,B1
slow,adjective,A1
slow,adverb,B1
slow,verb,B1
slowly,adverb,A2
small,adjective,A1
smart,adjective,A1
smash,verb,B2
smell,noun,A1
smell,verb,B1
smile,noun,A1
smile,verb,B1
smith,noun,A1
smoke,noun,A1
smoke,verb,A2
smoker,noun,B1
smokestack,noun,B2
smoking,noun,A1
smooth,adjective,A2
smoothly,adverb,A2
snack,noun,A2
snake,noun,A1
snap,verb,B2
sneak,verb,B2
sneer,noun,B2
sneeze,noun,B1
sneeze,verb,B2
sniff,verb,B2
snore,noun,B2
snore,verb,B2
snow,noun,A1
snow,verb,A2
snowball,noun,B2
snowboard,noun,B1
snowboarding,noun,A2
snowstorm,noun,B1
snowy,adjective,A1
so,adverb,A2
so,conjunction,A1
soak,noun,B2
soak,verb,B2
soaked,adjective,B2
soaking,adjective,B2
soap,noun,A2
soap opera,noun,B1
soar,verb,B2
sob,verb,B2
so-called,adjective,B2
soccer,noun,A1
sociable,adjective,B2
social,adjective,A1
social networking,noun,B1
socialise,verb,B2
socialize,verb,B2
socially,adverb,B1
society,noun,A2
sock,noun,A2
soda,noun,A2
sofa,noun,A1
soft,adjective,A2
soft drink,noun,A2
softly,adverb,A2
softness,noun,B2
software,noun,A2
soil,noun,B2
soil,verb,B1
solar,adjective,B2
soldier,noun,A2
solid,adjective,B1
solidity,noun,B2
soliloquy,noun,B2
solo,adjective,B2
solo,adverb,B2
solo,noun,B2
solution,noun,A2
solve,verb,A1
solvent,noun,B2
some,determiner,A1
some,pronoun,A1
somebody,pronoun,A2
someday,adverb,A2
somehow,adverb,B1
someone,pronoun,A1
someplace,adverb,B1
something,pronoun,A1
sometime,adverb,B1
sometimes,adverb,B1
somewhat,adverb,B2
somewhere,adverb,A2
son,noun,A1
song,noun,A1
son-in-law,noun,B2
sonnet,noun,B2
soon,adverb,A1
soothe,verb,B1
sophisticated,adjective,B2
sophomore,noun,B1
sore,adjective,B1
sorrow,noun,B1
sorry,adjective,A1
sort,noun,B1
sort,verb,B2
soul,noun,B1
sound,adjective,B2
sound,noun,A2
sound,verb,A2
soundtrack,noun,B2
soup,noun,A1
sour,adjective,B1
source,noun,A2
south,adjective,A2
south,adverb,A2
south,noun,A2
southeast,adjective,B1
southeast,noun,B1
southern,adjective,B1
southward,adverb,B2
southwards,adverb,B2
southwest,adjective,B1
southwest,noun,B1
souvenir,noun,B1
Soviet,noun,B2
soybean,noun,B2
spa,noun,B2
space,noun,A2
spaceship,noun,A2
spaghetti,noun,A2
span,verb,B2
spare,adjective,B2
spare,verb,B2
sparerib,noun,B2
spark,noun,B2
sparkle,noun,B1
sparkling,adjective,B2
sparrow,noun,B2
speak,verb,A1
speaker,noun,A2
special,adjective,A1
specialise,verb,B1
specialist,noun,B1
specialize,verb,B1
specially,adverb,B1
specialty,noun,B2
species,noun,B2
specific,adjective,A2
specifically,adverb,B2
specify,verb,B2
spectacle,noun,B2
spectacular,adjective,B1
spectator,noun,B1
speech,noun,A1
speed,noun,A2
speed,verb,B1
speeder,noun,B2
spell,noun,A1
spell,verb,A2
spellbound,adjective,B2
spelling,noun,B1
spend,verb,A1
sphere,noun,B1
spice,noun,B1
spicy,adjective,B1
spider,noun,B1
spill,verb,A2
spin,verb,B2
spinach,noun,B1
spiral,adjective,B1
spirit,noun,B1
spiritual,adjective,B1
spite,noun,B2
splash,noun,B2
splash,verb,A2
splatter,noun,B2
split,adjective,A2
split,noun,B1
split,verb,B2
spoil,verb,B1
spokesman,noun,B2
spokeswoman,noun,B2
sponge,noun,B1
sponsor,noun,B1
sponsor,verb,B2
spoon,noun,A2
sport,noun,A1
sports,adjective,B1
sports center,noun,A2
sports centre,noun,A2
sportsmanship,noun,B1
spot,noun,A1
spot,verb,B2
spray,noun,B2
spray,verb,B2
spread,noun,A2
spread,verb,B2
spreadsheet,noun,B2
spring,noun,A1
sprint,noun,B2
spur,noun,B2
spy,noun,A1
squad,noun,B2
square,adjective,A2
square,noun,A2
squash,noun,B2
squash,verb,B2
squeeze,verb,B2
stab,verb,B2
stability,noun,B2
stable,adjective,B1
stack,noun,B2
stadium,noun,A2
staff,noun,A2
stage,noun,A1
stagger,noun,B2
stain,noun,B2
stain,verb,B2
stair,noun,A2
stake,noun,B2
stall,noun,B1
stammer,verb,B2
stamp,noun,A2
stamp,verb,B2
stand,noun,A1
stand,verb,A2
standard,adjective,B2
standard,noun,B1
standby,adjective,B2
standstill,noun,B2
stanza,noun,B2
star,noun,A1
star,verb,B1
stare,verb,B1
start,noun,A1
start,verb,A1
startle,verb,B2
starvation,noun,B2
starve,verb,B2
starving,adjective,B2
state,adjective,B2
state,noun,A2
state,verb,B2
statement,noun,A2
statesman,noun,B2
statewide,adverb,B2
station,noun,A1
statistics,noun,B2
statue,noun,A2
status,noun,B1
stay,noun,B1
stay,verb,A1
steadily,adverb,B1
steady,adjective,B1
steak,noun,A2
steal,verb,A2
steam,noun,B1
steel,noun,B1
steely,adjective,B2
steep,adjective,B1
steer,verb,B2
steering wheel,noun,B2
stem,verb,B1
step,noun,A2
step,verb,A1
stepfather,noun,B2
stepmother,noun,B2
stereotype,noun,B2
stern,adjective,B2
stew,noun,B2
stick,noun,B2
stick,verb,B1
sticker,noun,B1
sticky,adjective,B1
stiff,adjective,B2
still,adjective,A1
still,adverb,A2
stimulant,noun,B2
stimulate,verb,B2
stimulation,noun,B2
stingy,adjective,B2
stink,verb,B2
stir,verb,B1
stitch,noun,B2
stock,noun,B2
stock market,noun,B2
stockpile,noun,B2
stomach,noun,A2
stomachache,noun,A2
stone,noun,A1
stonework,noun,B2
stool,noun,B2
stop,noun,A1
stop,verb,A1
stopover,noun,B2
stopwatch,noun,B2
storage,noun,B1
store,noun,A1
store,verb,B2
storey,noun,A1
storm,noun,A2
stormy,adjective,B1
story,noun,A1
storyteller,noun,B1
stove,noun,A2
straight,adjective,A2
straight,adverb,A1
straighten,verb,B2
straightforward,adjective,B2
strain,noun,B1
strain,verb,B2
strait,noun,B2
strand,noun,B2
strange,adjective,A1
strangely,adverb,B1
stranger,noun,A2
strangle,verb,B2
strategic,adjective,B1
strategy,noun,A2
straw,noun,B1
strawberry,noun,B1
stream,noun,B1
stream,verb,B1
street,noun,A1
strength,noun,A2
strengthen,verb,B1
stress,noun,B1
stress,verb,B2
stressed,adjective,B1
stressful,adjective,B1
stretch,verb,B1
stricken,adjective,B1
strict,adjective,A1
strictly,adverb,B2
stride,verb,B2
strike,noun,A2
strike,verb,B1
striking,adjective,B2
string,noun,A2
strip,noun,B1
strip,verb,B2
stripe,noun,B1
strive,verb,B2
stroke,noun,B2
stroke,verb,B2
strong,adjective,A1
strongly,adverb,A2
structure,noun,A2
struggle,noun,B1
struggle,verb,B2
stubborn,adjective,B1
stubbornly,adverb,B2
stuck,adjective,B1
student,noun,A1
studio,noun,B1
study,noun,A2
study,verb,A1
stuff,noun,A2
stuff,verb,B2
stuffed,adjective,B1
stumble,verb,B1
stun,verb,B1
stunning,adjective,B1
stupid,adjective,B1
style,noun,A2
stylish,adjective,B1
stylist,noun,B2
subconscious,adjective,B1
subcontinent,noun,B2
subculture,noun,B2
subdivision,noun,B2
subject,noun,A1
subjunctive,noun,B2
submarine,noun,B1
submit,verb,B2
subplot,noun,B2
subside,verb,B2
substance,noun,B2
substantial,adjective,B1
substitute,noun,B1
substitute,verb,B2
subtitle,noun,B2
subtle,adjective,B2
subtract,verb,B2
suburb,noun,B2
subway,noun,A1
succeed,verb,A2
success,noun,A2
successful,adjective,A1
successfully,adverb,A2
successive,adjective,B2
such,determiner,A2
such,pronoun,A2
suck,verb,B2
sudden,adjective,A2
suddenly,adverb,B1
sue,verb,B2
suffer,verb,B1
suffering,noun,B2
sufficient,adjective,B1
sufficiently,adverb,B2
suffix,noun,B1
sugar,noun,A1
suggest,verb,A2
suggestion,noun,A1
suicide,noun,B1
suit,noun,A2
suit,verb,A2
suitable,adjective,A2
suitably,adverb,B2
suitcase,noun,A2
sulfur,noun,B2
sulphur,noun,B2
sum,noun,A1
summarise,verb,B1
summarize,verb,B1
summary,noun,A2
summer,noun,A1
summit,noun,B1
sun,noun,A1
sunbathe,verb,B1
sunbeam,noun,B2
Sunday,noun,A1
sundial,noun,B1
sunflower,noun,A2
sunglasses,noun,A2
sunlight,noun,A2
sunny,adjective,A1
sunrise,noun,B1
sunset,noun,B1
sunshine,noun,A1
super,adjective,A1
superb,adjective,B2
superintendent,noun,B2
superior,adjective,B1
superlative,noun,A2
supermarket,noun,A1
supernatural,adjective,B2
superstar,noun,A2
superstition,noun,B1
supervise,verb,B2
supervision,noun,B2
supervisor,noun,B2
supper,noun,A2
supplement,noun,B2
supplier,noun,B2
supply,noun,B1
supply,verb,B2
support,noun,A2
support,verb,B1
supporter,noun,B1
supportive,adjective,B1
suppose,verb,B1
supposedly,adverb,B1
suppress,verb,B2
sure,adjective,A1
sure,adverb,A2
surely,adverb,B1
surf,noun,A1
surf,verb,A2
surface,noun,B1
surfing,noun,A2
surge,noun,B2
surgeon,noun,B1
surgery,noun,B1
surname,noun,A2
surprise,noun,A1
surprise,verb,B1
surprised,adjective,A2
surprising,adjective,A2
surprisingly,adverb,B1
surrender,verb,B2
surround,verb,B1
surrounding,adjective,B1
surroundings,noun,B2
surveillance,noun,B2
survey,noun,A1
survival,noun,B1
survive,verb,A2
survivor,noun,B1
suspect,noun,B1
suspect,verb,B2
suspend,verb,B2
suspicion,noun,B1
suspicious,adjective,B2
suspiciously,adverb,B2
sustain,verb,B2
swallow,verb,A2
swan,noun,B2
swarm,noun,B1
swear,verb,B1
sweat,noun,B1
sweat,verb,A2
sweater,noun,A2
sweatshirt,noun,B1
sweep,verb,B2
sweet,adjective,A1
sweet,noun,A2
sweetheart,noun,A2
swell,verb,B1
swift,adjective,B2
swim,noun,A1
swim,verb,A1
swimmer,noun,B1
swimming,noun,A1
swimming costume,noun,A2
swimming pool,noun,A1
swimsuit,noun,A2
swing,noun,B2
swing,verb,B2
switch,noun,B1
switch,verb,B1
swollen,adjective,B1
sword,noun,B1
syllable,noun,B2
symbol,noun,A2
symbolic,adjective,B2
sympathetic,adjective,B2
sympathise,verb,B2
sympathize,verb,B2
sympathy,noun,B1
symphony,noun,A2
symptom,noun,B1
syndrome,noun,B1
synonym,noun,B2
system,noun,A2
systematic,adjective,B1
table,noun,A1
table tennis,noun,A2
tablecloth,noun,B2
tablespoon,noun,A2
tablet,noun,B1
tabloid,adjective,B2
tabloid,noun,B2
tack,verb,B2
tackle,verb,B2
tactile,adjective,B2
tag,noun,B2
tail,noun,B2
take,noun,B1
take,verb,A1
takeaway,noun,B1
takeoff,noun,B1
take-off,noun,B1
tale,noun,B1
talent,noun,A2
talented,adjective,B1
talk,noun,B1
talk,verb,A1
talkative,adjective,B1
tall,adjective,A1
tame,adjective,B2
tan,noun,B2
tank,noun,B1
tanned,adjective,B2
tap,noun,A2
tap,verb,B2
tape,noun,A2
tape,verb,B1
target,noun,A2
task,noun,A2
taste,noun,B1
taste,verb,B1
tasteless,adjective,B1
tasty,adjective,B1
tatter,noun,B2
tattoo,noun,B2
taunt,noun,B2
tax,noun,B1
taxi,noun,A1
tea,noun,A1
teach,verb,A1
teacher,noun,A1
teaching,noun,B1
team,noun,A1
teammate,noun,B1
teamwork,noun,B1
tear,noun,A2
tear,verb,B1
tease,noun,B1
tease,verb,B2
teaspoon,noun,B2
technical,adjective,B2
technically,adverb,B2
technique,noun,B1
technological,adjective,B1
technology,noun,A1
teen,noun,B1
teenage,adjective,A2
teenager,noun,A2
tee-shirt,noun,A1
telecommunications,noun,B1
telegram,noun,B1
telephone,noun,A1
telephone,verb,A2
telescope,noun,B2
television,noun,A1
tell,verb,A1
teller,noun,B1
temper,noun,B1
temperate,adjective,B2
temperature,noun,A2
temple,noun,A1
temporarily,adverb,B2
temporary,adjective,B1
tempt,verb,B1
temptation,noun,B2
ten,number,A1
tend,verb,B1
tendency,noun,B1
tender,adjective,B2
tenderly,adverb,B2
tenderness,noun,B2
tennis,noun,A1
tense,adjective,B1
tense,noun,B1
tension,noun,B1
tent,noun,B1
term,noun,B1
terminal,noun,B1
terrace,noun,B2
terrible,adjective,A1
terribly,adverb,B1
terrific,adjective,B1
terrified,adjective,B1
terrify,verb,A2
terrifying,adjective,B2
territory,noun,B2
terror,noun,B1
terrorism,noun,B1
terrorist,adjective,A2
terrorist,noun,B1
test,noun,A1
test,verb,B2
testify,verb,B2
testimony,noun,B2
text,noun,A2
text,verb,A2
text message,noun,A2
textbook,noun,A2
than,conjunction,A1
than,preposition,A1
thank,verb,A1
thankful,adjective,B1
thanks,noun,A1
that,adverb,B2
that,conjunction,A1
that,determiner,A1
that,pronoun,A1
the,determiner,A1
theater,noun,A1
theatre,noun,A1
theft,noun,B1
their,determiner,A1
theirs,pronoun,A2
them,pronoun,A1
theme,noun,B2
themselves,pronoun,A2
then,adverb,A1
theorist,noun,B2
theory,noun,B1
therapist,noun,B2
therapy,noun,B2
there,adverb,A1
thereafter,adverb,B2
therefore,adverb,A2
thermometer,noun,B2
these,determiner,A1
these,pronoun,A1
thesis,noun,B2
they,pronoun,A1
thick,adjective,A1
thickly,adverb,B2
thickness,noun,B2
thief,noun,A2
thigh,noun,B2
thin,adjective,A1
thing,noun,A1
think,verb,A1
thinker,noun,B2
third,adjective,A2
third person,noun,B2
thirdly,adverb,B2
thirst,noun,B2
thirst,verb,B1
thirsty,adjective,A2
thirteen,number,A1
thirty,number,A1
this,determiner,A1
this,pronoun,A1
thorough,adjective,B1
thoroughly,adverb,B2
those,determiner,A1
those,pronoun,A1
though,adverb,B2
though,conjunction,A2
thought,noun,A2
thoughtful,adjective,B2
thoughtless,adjective,B2
thousand,number,A2
thread,noun,B2
threat,noun,B1
threaten,verb,B2
threatening,adjective,B1
three,number,A1
thrill,noun,B2
thrilled,adjective,B2
thriller,noun,B1
thrilling,adjective,B2
throat,noun,B2
through,adverb,B1
through,preposition,A1
throughout,preposition,B1
throw,noun,A1
throw,verb,A2
thumb,noun,B1
thump,verb,B1
thunder,noun,B1
thunderous,adjective,B1
thunderstorm,noun,A2
Thursday,noun,A1
thus,adverb,B1
tick,noun,B1
tick,verb,B1
ticket,noun,A1
tickle,verb,B2
tide,noun,B1
tidy,adjective,A2
tidy,verb,A2
tie,noun,A2
tie,verb,B1
tiger,noun,A1
tight,adjective,A1
tight,adverb,B2
tighten,verb,B1
tightly,adverb,B1
tightrope,noun,B2
tights,noun,A2
tile,noun,B1
till,conjunction,B1
till,preposition,A2
time,noun,A1
time,verb,B2
timeless,adjective,B2
timeliness,noun,B2
timely,adjective,B1
times,preposition,B2
timetable,noun,A2
timing,noun,B2
tin,noun,B1
tiny,adjective,B1
tip,noun,A2
tip,verb,B2
tiptoe,verb,B2
tire,verb,B1
tired,adjective,A1
tiredness,noun,B2
tiresome,adjective,B2
tiring,adjective,B1
tissue,noun,B1
title,noun,A2
to,infinitive-to,A1
to,preposition,A1
toast,noun,A2
tobacco,noun,B1
today,adverb,A1
today,noun,A1
toe,noun,A2
toenail,noun,B2
together,adverb,A1
toil,verb,B2
toilet,noun,A1
tolerant,adjective,B2
tolerate,verb,B2
toll,noun,B2
tomato,noun,A1
tomb,noun,B2
tomorrow,adverb,A1
tomorrow,noun,A1
ton,noun,B2
tone,noun,A2
tongue,noun,B1
tonight,adverb,A1
tonight,noun,A2
tonne,noun,B2
too,adverb,A1
tool,noun,A1
tooth,noun,A1
toothache,noun,A2
toothbrush,noun,A2
toothpaste,noun,B1
top,adjective,B1
top,noun,A1
topic,noun,A1
torch,noun,B2
tornado,noun,B1
tortoiseshell,noun,B2
torture,verb,B2
toss,verb,B1
total,adjective,B1
total,noun,B1
totally,adverb,B1
touch,noun,A1
touch,verb,B1
tough,adjective,B2
tour,noun,A2
tour,verb,B1
tour guide,noun,A2
tourism,noun,B1
tourist,noun,A2
tournament,noun,B1
toward,preposition,A2
towards,preposition,A2
towel,noun,A1
tower,noun,A1
town,noun,A1
toxic,adjective,B2
toy,noun,A1
trace,noun,B1
trace,verb,B2
track,noun,A2
track,verb,B2
tracksuit,noun,B1
trade,noun,A2
trade,verb,B2
trader,noun,B2
tradition,noun,A2
traditional,adjective,A2
traditionally,adverb,B1
traffic,noun,A2
traffic jam,noun,B1
traffic light,noun,A2
tragedy,noun,B1
tragic,adjective,B1
trail,noun,B1
trail,verb,B2
trailer,noun,B2
train,noun,A1
train,verb,A2
trainee,noun,B2
trainer,noun,B2
training,noun,A2
trait,noun,B2
traitor,noun,B2
tram,noun,A2
tramp,noun,B2
trample,noun,B2
transcript,noun,B2
transfer,noun,B2
transfer,verb,B1
transform,verb,B1
transformation,noun,B1
transfusion,noun,B2
transient,adjective,B2
transistor,noun,B2
transition,noun,B2
transitional,adjective,B1
transitive,adjective,B2
translate,verb,B1
translation,noun,B2
translator,noun,B2
transmission,noun,B2
transmit,verb,B2
transparent,adjective,B2
transport,noun,B1
transport,verb,B2
transportation,noun,B1
trap,noun,A2
trash,noun,B1
travel,noun,A2
travel,verb,A1
travel agent,noun,B1
traveler,noun,A2
traveller,noun,A2
traverse,noun,B2
tray,noun,B2
tread,verb,B2
treasure,noun,A2
treat,noun,B1
treat,verb,B2
treatment,noun,B1
treaty,noun,B2
tree,noun,A1
trek,noun,B2
tremble,verb,B1
tremendous,adjective,B1
tremendously,adverb,B2
tremor,noun,B2
trend,noun,B1
trial,noun,B2
triangle,noun,B2
tribe,noun,B2
trick,noun,A2
trick,verb,B2
tricky,adjective,B2
trigger,noun,B1
trim,noun,B1
trio,noun,B2
trip,noun,A1
trip,verb,B2
triumph,noun,B1
trivial,adjective,B2
trolley,noun,B2
troop,noun,B2
trophy,noun,B2
tropic,adjective,B2
tropical,adjective,B1
trouble,noun,A2
trouble,verb,B1
troublesome,adjective,B2
trousers,noun,A1
truck,noun,A1
true,adjective,A1
truly,adverb,A2
trumpet,noun,B1
trunk,noun,B2
trust,noun,B2
trust,verb,A2
trustworthy,adjective,B1
trusty,adjective,B2
truth,noun,A2
truthful,adjective,B2
truthfulness,noun,B2
try,noun,A1
try,verb,A2
T-shirt,noun,A1
tub,noun,B2
tube,noun,A1
tuberculosis,noun,B2
Tuesday,noun,A1
tug,noun,B2
tuition,noun,B2
tulip,noun,B2
tumble,verb,B1
tumor,noun,B2
tumour,noun,B2
tuna,noun,B1
tune,noun,A2
tunnel,noun,B2
turbulence,noun,B1
turbulent,adjective,B2
turkey,noun,A1
turn,noun,A1
turn,verb,A1
turning,noun,B1
turtle,noun,B1
tutor,noun,B2
TV,noun,A1
twelve,number,A1
twenty,number,A1
twice,adverb,A2
twin,noun,B1
twinkle,noun,B2
twist,noun,B1
twist,verb,B1
twisted,adjective,B2
two,number,A1
type,noun,A1
type,verb,B1
typhoid,noun,B2
typical,adjective,B1
typically,adverb,B1
tyranny,noun,B2
tyrant,noun,B2
ugly,adjective,A1
ultimate,adjective,B2
ultimately,adverb,B2
umbrella,noun,A1
unable,adjective,B1
unacceptable,adjective,B2
unafraid,adjective,B1
unashamedly,adverb,B2
unattractive,adjective,B2
unauthorised,adjective,B2
unauthorized,adjective,B2
unavailable,adjective,B2
unaware,adjective,B2
unbearable,adjective,B2
unbeatable,adjective,B2
unbelievable,adjective,B1
uncertain,adjective,A2
uncertainty,noun,B1
unchanged,adjective,B2
uncharacteristic,adjective,B2
uncle,noun,A1
unclear,adjective,B1
unclearly,adverb,B2
uncomfortable,adjective,A2
uncomfortably,adverb,B2
uncommon,adjective,B2
unconcerned,adjective,B2
unconscious,adjective,B2
uncontrollable,adjective,B1
uncover,verb,B1
under,preposition,A1
underage,adjective,B1
underestimate,verb,B2
undergo,verb,B1
undergraduate,noun,B2
underground,adjective,B2
underground,adverb,B2
underline,noun,A1
underline,verb,B1
underneath,adverb,B2
underneath,preposition,B1
underpants,noun,B1
undersea,adjective,B2
understand,verb,A2
understandable,adjective,B2
understanding,adjective,B2
understanding,noun,B2
undertake,verb,B2
underwater,adjective,A2
underwater,adverb,B2
underwear,noun,B2
undo,verb,B1
undoubtedly,adverb,B2
undreamed,adjective,B2
undress,verb,B1
undressed,adjective,B2
unease,noun,B2
uneasily,adverb,B2
uneasy,adjective,A2
unemployed,adjective,B1
unemployment,noun,B1
unenthusiastic,adjective,B2
uneven,adjective,B2
unexpected,adjective,B1
unexpectedly,adverb,B1
unfair,adjective,A2
unfairly,adverb,B1
unfamiliar,adjective,B2
unfashionable,adjective,B2
unfit,adjective,B1
unfold,verb,B1
unforeseen,adjective,B2
unforgettable,adjective,A2
unfortunate,adjective,B1
unfortunately,adverb,A2
unfriendly,adjective,B1
ungodly,adjective,B2
unhappiness,noun,B2
unhappy,adjective,A2
unhealthy,adjective,A2
unheard,adjective,B1
unhelpful,adjective,B2
uniform,adjective,A2
uniform,noun,A2
unify,verb,B1
unimaginable,adjective,B2
unimaginably,adverb,B2
unimportant,adjective,A2
uninterested,adjective,B1
uninteresting,adjective,B1
union,noun,B1
unique,adjective,B1
unit,noun,A2
unite,verb,B1
united,adjective,B2
universal,adjective,B2
universe,noun,B1
university,noun,A2
unjustly,adverb,B2
unkind,adjective,B2
unknown,adjective,A2
unless,conjunction,B1
unlike,adjective,A2
unlike,preposition,B2
unlikely,adjective,B1
unlimited,adjective,B2
unload,verb,B2
unlock,verb,B2
unlucky,adjective,B1
unmistakable,adjective,B2
unmistakably,adverb,B2
unnatural,adjective,B2
unnecessary,adjective,A2
unofficial,adjective,B2
unpack,verb,B1
unpleasant,adjective,A2
unpopular,adjective,B2
unpredictable,adjective,B1
unrealistic,adjective,B2
unreasonable,adjective,B2
unrelated,adjective,B1
unreliable,adjective,B2
unrest,noun,B2
unsafe,adjective,B2
unsatisfactory,adjective,B2
unselfish,adjective,B2
unstoppable,adjective,B2
unsuccessful,adjective,B2
unsuitable,adjective,B2
unsure,adjective,B2
untalented,adjective,B2
unthinkably,adverb,B2
untidy,adjective,B1
untie,verb,B2
until,conjunction,B1
until,preposition,A1
unto,preposition,B2
untreated,adjective,B2
untrimmed,adjective,B2
unusual,adjective,A2
unusually,adverb,B1
unusualness,noun,B2
unwanted,adjective,B1
unwell,adjective,B1
unwilling,adjective,B2
unwise,adjective,B2
unworldly,adjective,B2
up,adverb,A2
up,preposition,A1
upbringing,noun,B2
update,noun,B2
update,verb,B1
upgrade,noun,B2
upgrade,verb,B2
uplifted,adjective,B1
upload,verb,B1
upon,preposition,A2
upper,adjective,B1
upright,adjective,B2
upright,adverb,B2
upset,adjective,A2
upset,verb,B2
upside down,adjective,B2
upside down,adverb,B2
upstairs,adjective,B1
upstairs,adverb,A2
upstairs,noun,B1
up-to-date,adjective,B1
upward,adjective,B1
urban,adjective,B2
urge,noun,B1
urge,verb,B2
urgent,adjective,B1
urgently,adverb,B2
us,pronoun,A1
usage,noun,B1
use,noun,A2
use,verb,A1
used,adjective,A2
used to,modal auxiliary,B1
useful,adjective,A2
useless,adjective,B1
user,noun,B2
usher,verb,B2
usual,adjective,A2
usually,adverb,A1
utilise,verb,B2
utility,noun,B2
utilize,verb,B2
utter,verb,B2
utterly,adverb,B2
vacancy,noun,B1
vacant,adjective,B2
vacation,noun,A1
vaccine,noun,B2
vague,adjective,B1
vain,adjective,B1
valentine,noun,B2
valid,adjective,B2
valley,noun,A2
valuable,adjective,B1
value,noun,A2
value,verb,B2
van,noun,B1
vanish,verb,B2
vanity,noun,B2
variation,noun,B2
varied,adjective,B2
variety,noun,B1
various,adjective,B1
vary,verb,B1
vase,noun,A1
vast,adjective,B1
vegetable,noun,A1
vegetarian,adjective,B1
vegetarian,noun,B1
vehicle,noun,B1
vein,noun,B1
venture,noun,B2
venue,noun,B2
verb,noun,A2
verbal,adjective,B2
verbally,adverb,B2
verse,noun,B2
verse,verb,B2
version,noun,B2
versus,preposition,B2
very,adjective,B2
very,adverb,A1
vessel,noun,B1
vet,noun,B1
veteran,noun,B2
via,preposition,B1
vibrate,verb,B2
vibration,noun,B2
vice,adjective,B1
vice president,noun,B1
victim,noun,B1
victory,noun,B1
video,noun,A1
video clip,noun,B1
video game,noun,A2
view,noun,A2
view,verb,B1
viewer,noun,B2
viewpoint,noun,B1
vigor,noun,B2
vigorous,adjective,B2
vigorously,adverb,B2
vigour,noun,B2
villa,noun,B2
village,noun,A2
villager,noun,B2
vinegar,noun,B2
violate,verb,B2
violence,noun,B1
violent,adjective,A2
violently,adverb,B1
violin,noun,A2
virtual,adjective,B1
virtual reality,noun,B2
virtually,adverb,B2
virtue,noun,B2
virus,noun,B1
visa,noun,B1
visible,adjective,B1
visibly,adverb,B2
vision,noun,B1
visit,noun,A1
visit,verb,A1
visitor,noun,A2
visual,adjective,B1
visually,adverb,B1
vital,adjective,B2
vitamin,noun,B2
vivid,adjective,B1
vividly,adverb,B1
vocabulary,noun,A2
vocalist,noun,B2
voice,noun,A2
volcano,noun,B1
volleyball,noun,A1
volume,noun,B1
volunteer,noun,B2
volunteer,verb,B1
vomit,noun,B2
vote,noun,A1
vote,verb,B1
voter,noun,B2
vow,noun,B2
vowel,noun,B1
voyage,noun,B1
wage,noun,B2
waggon,noun,B1
wagon,noun,B1
waist,noun,B2
waistcoat,noun,B2
wait,noun,B2
wait,verb,A1
waiter,noun,A1
waitress,noun,A1
wake,noun,A1
wake,verb,B1
walk,noun,A1
walk,verb,A1
walkabout,noun,B2
walker,noun,B2
walking,noun,A2
wall,noun,A1
wallboard,noun,B2
wallet,noun,A2
walnut,noun,B2
wander,verb,A2
want,noun,B2
want,verb,A1
war,noun,A1
ward,noun,B1
wardrobe,noun,B1
warm,adjective,A1
warm,verb,B1
warmly,adverb,B1
warmth,noun,B1
warn,verb,B1
warning,noun,B1
warranty,noun,B1
warrior,noun,B1
warship,noun,B2
wartime,noun,B2
was,be-verb,A1
wash,noun,A1
wash,verb,A1
washbowl,noun,B1
washing machine,noun,A2
washing-up,noun,A2
wasp,noun,B2
waste,adjective,B1
waste,noun,B1
waste,verb,B1
wasteful,adjective,B1
watch,noun,A1
watch,verb,A1
water,noun,A1
water,verb,B2
waterfall,noun,B1
waterproof,adjective,B2
wave,noun,A2
wave,verb,B1
wax,noun,B1
wax,verb,B1
way,noun,A1
we,pronoun,A1
weak,adjective,A2
weaken,verb,B2
weakly,adverb,B2
weakness,noun,B1
wealth,noun,A2
wealthy,adjective,B2
weapon,noun,B1
wear,verb,A1
wearisome,adjective,B2
weary,adjective,B2
weather,noun,A1
weather forecast,noun,B1
weave,noun,B2
web,noun,A2
web page,noun,A2
webcam,noun,B1
website,noun,A2
wed,verb,B2
wedding,noun,A2
Wednesday,noun,A1
weed,noun,B2
week,noun,A1
weekday,noun,A2
weekend,noun,A1
weekly,adjective,A2
weekly,adverb,A2
weep,noun,A2
weigh,verb,A2
weight,noun,A2
weird,adjective,B1
welcome,adjective,B1
welcome,interjection,A1
welcome,noun,B2
welcome,verb,A1
welfare,noun,B2
well,adjective,A1
well,adverb,A1
well-balanced,adjective,B2
well-built,adjective,B2
well-dressed,adjective,B1
well-known,adjective,A2
well-organised,adjective,B2
well-organized,adjective,B2
well-paid,adjective,B2
were,be-verb,A1
west,adjective,A2
west,adverb,A2
west,noun,A2
western,adjective,B2
westward,adverb,B1
westwards,adverb,B1
wet,adjective,A2
wetland,noun,B1
whale,noun,B1
what,determiner,A1
what,pronoun,A1
whatever,determiner,A2
whatever,pronoun,B1
wheat,noun,B2
wheel,noun,A1
wheelchair,noun,A2
when,adverb,A1
when,conjunction,A1
whenever,adverb,B1
whenever,conjunction,B1
where,adverb,A1
where,conjunction,A1
whereas,conjunction,B2
wherever,conjunction,B1
whether,conjunction,B1
which,determiner,A1
which,pronoun,A1
whichever,determiner,B1
whichever,pronoun,B2
while,conjunction,A2
while,noun,B1
whip,verb,B2
whiskey,noun,B2
whisky,noun,B2
whisper,noun,B1
whisper,verb,B2
whistle,noun,B1
whistle,verb,B2
white,adjective,A1
white,noun,A1
who,pronoun,A1
whoever,pronoun,B1
whole,adjective,A2
whole,noun,B1
whom,pronoun,A2
whose,determiner,A1
whose,pronoun,A1
why,adverb,A1
wide,adjective,A2
wide,adverb,A2
widely,adverb,A2
widen,verb,B2
widespread,adjective,B1
widow,noun,B2
width,noun,B2
wife,noun,A1
wild,adjective,A2
wilderness,noun,B2
wildlife,noun,B1
wildly,adverb,B1
will,modal auxiliary,A1
will,noun,B2
willing,adjective,B2
willingly,adverb,B2
willingness,noun,B1
win,noun,B2
win,verb,A1
wind,noun,A1
wind,verb,B2
winding,adjective,B2
window,noun,A1
windscreen,noun,B1
windshield,noun,B2
windsurfing,noun,B1
windy,adjective,A2
wine,noun,A2
wing,noun,B1
wink,noun,B2
winner,noun,A2
winter,noun,A1
wipe,verb,B2
wire,noun,B1
wire,verb,B2
wisdom,noun,A2
wise,adjective,A2
wish,noun,A1
wish,verb,A2
wit,noun,B2
with,preposition,A1
withdraw,verb,B2
withdrawal,noun,B2
wither,verb,B1
within,preposition,A2
without,preposition,A2
witness,noun,B2
witness,verb,B1
witty,adjective,B2
wizard,adjective,B1
wolf,noun,B2
woman,noun,A1
wonder,noun,B1
wonder,verb,A2
wonderful,adjective,A1
wondrous,adjective,B2
wood,noun,A2
woodcarving,noun,B2
wooden,adjective,A2
wool,noun,A2
word,noun,A1
wordlessly,adverb,B2
work,noun,A1
work,verb,A1
workaholic,adjective,B2
workbench,noun,B2
worker,noun,A1
working,adjective,B1
workman,noun,B2
workout,noun,B1
workplace,noun,B1
workshop,noun,B1
worktable,noun,B2
world,noun,A1
worldly,adjective,B2
worldview,noun,B2
worldwide,adjective,B2
worldwide,adverb,A2
worm,noun,B2
worn,adjective,B1
worn out,adjective,B2
wornout,adjective,B2
worn-out,adjective,B2
worried,adjective,A2
worry,noun,A1
worry,verb,A2
worrying,adjective,B2
worse,adjective,A2
worse,adverb,A2
worse,noun,B2
worsen,verb,B2
worship,noun,B2
worst,adjective,A2
worst,adverb,B2
worst,noun,B1
worth,adjective,B1
worthless,adjective,B2
worthwhile,adjective,B1
worthy,adjective,B1
would,modal auxiliary,A1
wound,noun,B1
wound,verb,B2
wrap,noun,B1
wrap,verb,B1
wrapping,noun,B1
wreck,noun,B2
wrist,noun,B1
wristwatch,noun,B1
write,verb,A1
writer,noun,A1
writing,noun,A2
written,adjective,B1
wrong,adjective,A1
wrong,adverb,A2
wrongly,adverb,B2
X-ray,noun,B2
yacht,noun,B2
yard,noun,A1
yawn,noun,B2
yawn,verb,B2
yeah,adverb,A2
year,noun,A1
yearn,verb,B2
yell,noun,B1
yell,verb,B2
yellow,adjective,A1
yellow,noun,A1
yes,adverb,A1
yesterday,adverb,A1
yet,adverb,A1
yet,conjunction,B1
yield,verb,B2
yoga,noun,B1
yoghourt,noun,A1
yoghurt,noun,A1
yogurt,noun,A1
you,pronoun,A1
young,adjective,A1
your,determiner,A1
yours,pronoun,A1
yourself,pronoun,A1
youth,noun,A2
youthful,adjective,B2
yummy,adjective,B2
zebra,noun,B2
zip,noun,B2
zone,noun,A2
zoo,noun,A1
zoom,noun,B2
