voca_id,word,system_dictionary,edit1_suggestions,meaning_count,example_count,legacy_books,admin_books,error_meaning_ids,placeholder_meaning_ids,reversed_example_ids,untagged_example_ids,meanings
994,daywork,yes,,3,0,2,0,,,,,주간 근무 / 주간 작업 / 일급 노무
2889,gastrology,yes,,3,0,1,0,,,,,위학 / 위병학 / 요리학
3144,boilover,yes,,1,0,1,0,,,,,뜻밖의 결과
3161,summiteer,no,,1,0,1,0,,,,,수뇌 회담의 참석자
3894,amphiarthrosis,yes,,1,0,1,0,,,,,반관절
3895,amphibiology,yes,,2,0,1,0,,,,,양서류학 / 양서 동물론
3899,amphibolous,yes,,2,0,3,0,,,,,뜻이 두 가지일 수 있는 / 뜻이 모호한
3900,aclutter,no,aflutter|clutter,2,0,2,0,,,,,몹시 붐벼 / 혼잡하여
3902,hyetal,yes,,3,0,1,0,,,,,비의 / 강우의 / 강우 지역의
3903,hyetograph,yes,,3,0,1,0,,,,,자기 우량계 / 우량 막대 그래프 / 우량도
3904,hyetography,yes,,3,0,1,0,,,,,우량학 / 강수학 / 우량도법
3905,hyetology,yes,,2,0,1,0,,,,,우학 / 강수 현상론
3906,hyetometer,yes,,1,0,1,0,,,,,우량계
3908,hygric,yes,,2,0,1,0,,,,,습기의 / 습성의
3909,hygristor,no,,1,0,1,0,,,,,하이그리스터
3910,hygrogram,no,,1,0,1,0,,,,,습도 자기 기록
3911,hygrometry,yes,,1,0,1,0,,,,,습도 측정
3912,hygrophilous,yes,,3,0,1,0,,,,,습지를 선호하는 / 호습성의 / 습지성의
3916,hygrostat,yes,,3,0,1,0,,,,,항습계 / 습도 조절기 / 항습기
3917,hygrothermograph,yes,,2,0,1,0,,,,,온습도 기록계 / 자기 온습계
3920,hylic,yes,,3,0,1,0,,,,,물질의 / 물질적인 / 형이하학적인
3922,hylomorphic,yes,,2,0,2,0,,,,,질료 형상의 / 영육의
3923,hylomorphism,yes,,1,0,2,0,,,,,질료형상론
3924,hylotheism,yes,,1,0,2,0,,,,,물시신론
3925,hylozoism,yes,,1,0,2,0,,,,,물활론
3936,hymnist,yes,,1,0,1,0,,,,,찬송가 작자
3940,paillette,yes,,2,0,1,0,,,,,번쩍거리는 금속 조각 / 장식용 금속 조각
3955,bejabbers,no,bejabers,3,0,4,0,,,,,이런 / 어머나 / 제기랄
3957,committeeperson,no,,3,0,2,0,,,,,위원장 / 위원 / 지부장
3959,pneumatometer,yes,,1,0,2,0,,,,,폐활량계
3960,pneumatotherapy,yes,,2,0,2,0,,,,,압축 공기 요법 / 공기 요법
3961,pneumodynamics,yes,,2,0,2,0,,,,,공기 역학 / 기학
3966,sponsion,yes,,3,0,2,0,,,,,보증 / 계약 / 무권한 대표에 의한 협정
3967,spontoon,yes,,3,0,2,0,,,,,경찰봉 / 스폰툰 / 단창
3968,committable,yes,,3,0,2,0,,,,,재판에 회부될 수 있는 / 수용할 수 있는 / 위탁할 수 있는
4847,inkfish,yes,,1,0,1,0,,,,,오징어
5198,gleeman,yes,,2,0,1,0,,,,,음유 시인 / 방랑 시인
5523,foofaraw,yes,,3,0,2,0,,,,,하찮은 일로 야단법석을 떨기 / 싸구려 장신구 / 번쩍거리는 싸구려 물건
5739,parge,yes,,1,0,1,0,,,,,줄눈을 바르다
5761,noodlehead,no,,2,0,1,0,,,,,바보 / 멍청이
5868,huzza,yes,,3,0,1,0,,,,,만세 / 만세하고 외치다 / 만세를 외치며 맞이하다
5927,vomity,no,comity|vomit|vomito,2,0,1,0,,,,,토할 것 같은 / 구역질나는
5983,gevalt,no,,4,0,1,0,,,,,오 / 그렇군 / 잠깐 / 어머나
5997,cabbagehead,yes,,3,0,1,0,,,,,양배추의 결구 / 바보 / 멍청이
6138,agley,yes,,3,0,1,0,,,,,비스듬히 / 잘못되어 / 빗나가서
6542,lithotripter,no,lithotriptor,1,0,3,0,,,,,쇄석기
6568,zetz,no,zeta,3,0,1,0,,,,,일격 / 가하다 / 구타
7582,patulin,no,paulin,1,0,1,0,,,,,파툴린
7759,missout,no,,1,0,4,0,,,,,주사위 도박에서 건 돈을 잃는 주사위의 한번 던지기
8161,depicture,yes,,2,0,1,0,,,,,상상하다 / 묘사하다
8221,underemphasize,no,,1,0,1,0,,,,,충분히 강조하지 않다
8222,underemphasis,no,,2,0,1,0,,,,,불충분한 강조 / 강조 부족
8239,extinctive,yes,,3,1,5,0,,,,,소멸적인 / 소멸시키는 / 소멸성의
8318,unfetter,yes,,5,2,10,0,,,,,해방하다 / …의 족쇄를 풀다 / 차꼬를 풀다 / 풀어주다 / 구속을 풀다
8403,reviewal,yes,,3,0,1,0,,,,,비평 / 평론 / 재검토
8422,foreseer,yes,,1,0,1,0,,,,,예견하는 사람
8456,evictor,yes,,1,0,2,0,,,,,쫓아내는 사람
8475,adject,yes,,3,0,3,0,,,,,더하다 / 비참한 / 부가하다
8557,celebutante,no,,2,1,2,0,,,,,유명 인사 / 셀레뷰턴트
8924,officetel,no,,1,0,2,0,,,,,오피스텔
8965,deploringly,yes,,1,0,1,0,,,,,개탄하며
9039,cheerup,no,,2,0,2,0,,,,,힘을 내라! / 힘을 내
9044,notatall,no,,2,0,2,0,,,,,① 전혀 ~아니다 ② 《대답에서》 천만에 / 그렇지 않다
9179,unsewed,yes,,1,0,1,0,,,,,꿰매지 않은
9231,featherheaded,yes,,1,0,1,0,,,,,아주 멍청한
9256,cameist,yes,,3,0,1,0,,,,,보석 조각사 / 카메오 세공사 / 카메오 수집가
9320,pitapat,yes,,3,1,2,0,,,,,두근거려 / 두근두근 / 펄떡거려
9359,unround,yes,,3,0,1,0,,,,,입술을 둥글게 오무리지 않고 발음하다 / 옆으로 열다 / 비원순의
9701,button-down,yes,,1,0,1,0,,,,,버튼다운의 셔츠
9799,hellohellohello,no,,2,0,1,0,,,,,《美》 《익살》 어어! / 뭐라고!(*경찰관이 무언가 이상한 것을 발견했을 때의 말)
9835,deoxyribonuclease,no,,1,0,1,0,,,,,디옥시리보뉴클레아제
9867,bang into,yes,,1,0,1,0,,,,,① ~와 꽝 하고 충돌하다 ②[사람]과 우연히 만나다
9871,sockdolager,yes,,3,0,1,0,,,,,최후의 일격 / 엄청나게 큰 것 / 결정적인 대답
9875,shoot up,yes,,2,0,1,0,,,,,① 급속히 성장하다 ② 우뚝 솟다 ③ (물가가) 급등하다 / 뛰어오르다; (생산(량) 따위가) 늘다 ④ 마구 쏘아대다; 《구어》 총을 난사하여 위협하다 ⑤ (마약을) 주사하다
9876,brush off,yes,,3,0,1,0,,,,,① ~을 털어버리다 / 치우다 ②~을 무시하다; 해고하다 ③ 《구어》 ~와의 관계를 끊다 / ~을 외면하다
9878,make sense,yes,,3,0,3,0,,,,,말이 되다 / (어떤 일이) 사리에 맞다; (표현·행동 따위가) 의미를 지니다 / 이해할 수 있다
10056,drughead,no,drumhead,1,0,1,0,,,,,중증의 마약 중독자
10057,grouty,yes,,3,0,1,0,,,,,불쾌한 / 심술궂은 / 거친
10214,overdevelop,yes,,2,0,2,0,,,,,지나치게 발달시키다 / 지나치게 현상하다
10223,eco-resort,no,,1,0,1,0,,,,,자연친화적 리조트
10520,elbow room,yes,,3,0,1,0,,,,,자유 / 자유롭게 움직일 수 있을 만한 공간 / 충분한 여유
10855,abashedly,yes,,1,0,2,0,,,,,당황하여
10878,boozehound,no,,3,0,2,0,,,,,술고래 / 모주꾼 / 대주가
10989,soliloquist,yes,,2,0,1,0,,,,,혼잣말하는 사람 / 독백하는 사람
11322,sacralize,no,,1,0,1,0,,,,,신성하게 하다
11480,flinchingly,yes,,3,0,2,0,,,,,움찔하며 / 주춤하며 / 움츠러들어
11558,gold beetle,yes,,2,0,2,0,,,,,금속 광택이 있는 대형 딱정벌레 / 풍뎅이
11561,alcometer,no,algometer|altometer,2,0,1,0,,,,,음주 검지기 / 취도계
11571,indictee,yes,,2,0,2,0,,,,,피기소자 / 피고
11600,coplanarity,yes,,1,0,1,0,,,,,동일평면성
11743,swoln,no,swoon|sworn,3,0,1,0,,,,,부푼 / 부어오른 / 과장한
11846,nonrated,yes,,2,0,1,0,,,,,등급 외의 / 부사관보다 아래 계급의
11864,noninformation,no,,1,0,1,0,,,,,당면 문제에 관계가 없는 정보
11877,washpot,yes,,3,0,1,0,,,,,세탁용 큰 솥 / 주석 용해조 / 손 씻는 통
12073,cohabitee,no,,3,0,1,0,,,,,동거인 / 함께 사는 사람 / 동서자
12095,metaboly,yes,,3,0,1,0,,,,,변형 / 변태 / 변성
12323,goggly,yes,,1,0,3,0,,,,,눈을 휘둥그레 뜨고 보는
12325,chubbily,yes,,2,0,1,0,,,,,통통하게 / 토실토실하게
12331,conglomeracy,no,,1,0,2,0,,,,,복합 기업의 형성
12481,untrust,yes,,1,0,1,0,,,,,믿을 수 없다
12527,Jatinga,no,atinga,1,0,1,0,,,,,제잉가? (마을 이름)
12531,bullyproofing,no,,1,0,1,0,,,,,학교에서 왕따를 줄이거나 제거하는 것을 목표로 하는 교과 과정
12658,madoffed,no,,1,0,1,0,,,,,사기당한
12664,laundry room,yes,,1,0,1,0,,,,,세탁실
12667,one-up,yes,,3,0,6,0,,,,,유리한 / 한 점차로 앞지른 / …보다 한 수 앞서다
12699,prepone,no,prepose|pretone|prezone|propone|repone,1,0,1,0,,,,,시간을 당기다
12787,kvell,no,kell|knell|vell,3,0,1,0,,,,,흠뻑 즐기다 / 자랑스러운 듯이 기뻐하다 / 싱글벙글하다
12814,internuncial,yes,,2,0,1,0,,,,,개재하는 / 지각 신경과 운동 신경을 연락하는
12968,stibium,yes,,1,0,2,0,,,,,안티몬
12972,schloomp,no,schloop,2,0,1,0,,,,,어리석은 놈 / 빈둥거리다
12975,haeremai,yes,,1,0,1,0,,,,,어서 오십시오!
13011,ungraduated,yes,,2,0,1,0,,,,,졸업하지 않은 / 등급을 매기지 않은
13014,sciaenoid,yes,,1,0,1,0,,,,,민어과의
13098,cueist,yes,,2,0,2,0,,,,,당구 치는 사람 / 당구가
13245,gustiness,yes,,3,0,1,0,,,,,거셈 / 돌풍이 붊 / 돌풍 같음
13254,grievousness,yes,,2,0,1,0,,,,,통탄스러울 정도임 / 극심함
13348,exorable,yes,,2,0,9,0,,,,,설득당하기 쉬운 / 탄원으로 동요되는
13379,infirmarian,yes,,1,0,2,0,,,,,간호사
13386,cliqueless,yes,,1,0,1,0,,,,,파벌이 없는
13399,undercapitalize,yes,,1,0,1,0,,,,,…에 충분한 자본을 투입하지 않다
13432,accursedly,yes,,3,0,1,0,,,,,저주를 받아 / 저주받은 듯 / 지긋지긋하게
13482,impudicity,yes,,3,0,2,0,,,,,파렴치 / 음탕함 / 불근신
13498,repercussive,yes,,3,0,5,0,,,,,튀어서 돌아오는 / 되튀게 하는 / 반사시키는
13541,striction,yes,,3,0,1,0,,,,,압축 / 긴장 / 죄기
13720,countertrend,no,,2,0,2,0,,,,,반대의 경향 / 역경향
13804,digestant,yes,,1,0,1,0,,,,,소화제
13846,climacterium,no,,2,0,2,0,,,,,갱년기의 생리적 변화 / 갱년기
13847,annihilable,yes,,1,0,2,0,,,,,전멸시킬 수 있는
13873,deoxidizer,yes,,2,0,1,0,,,,,탈산소제 / 환원제
13960,taikonaut,no,,1,0,1,0,,,,,중국 우주인
13999,supercentenarian,no,,1,0,2,0,,,,,적어도 110살은 먹은 사람
14180,in bulk,yes,,2,0,1,0,,,,,① 포장하지 않고 / 산적 화물로 ②대량으로
14313,hunnishness,yes,,2,0,1,0,,,,,훈족 같음 / 잔혹함
14324,antonymic,no,,2,0,1,0,,,,,반의어의 / 반대말의
14359,vinedresser,no,vindresser,1,0,2,0,,,,,덩굴 식물 재배자
14372,winebibber,yes,,3,0,2,0,,,,,술고래 / 주호 / 대주가
14399,quadrans,yes,,1,0,1,0,,,,,콰드란스
14407,truthless,yes,,3,0,1,0,,,,,허위의 / 거짓의 / 거짓말을 하는
14559,califate,no,calicate,2,0,1,0,,,,,칼리프의 지위 / 영토
14568,deliverly,no,delivery,3,0,1,0,,,,,민첩하게 / 재빨리 / 재치있게
14579,explicably,no,explicable,2,0,1,0,,,,,설명되어 / 해명되어
14669,relucent,yes,,2,0,2,0,,,,,반짝이는 / 빛나는
14710,untillable,yes,,3,0,1,0,,,,,경작할 수 없는 / 불모의 / 수확의 가망성이 없는
14823,solvolysis,yes,,2,0,1,0,,,,,가용매 분해 / 용매화 분해
14827,pyrolyze,yes,,1,0,4,0,,,,,열분해하다
14853,widowerhood,yes,,1,0,1,0,,,,,홀아비 생활
15009,brokenheartedly,yes,,2,0,2,0,,,,,상심하여 / 비탄에 젖어
15056,deinstitutionalize,no,,2,0,1,0,,,,,제도적·획일적인 성격을 없애다 / 시설 밖에서 생활할 수 있게 하다
15181,castellation,yes,,3,0,2,0,,,,,성 쌓기 / 흉벽 / 축성
15265,ignitibility,yes,,2,0,1,0,,,,,가연성 / 점화 가능성
15283,unific,yes,,3,0,1,0,,,,,통합적인 / 통일하는 / 하나로 하는
15284,terminologist,yes,,1,0,1,0,,,,,술어 연구자
15296,imburse,yes,,2,0,7,0,,,,,저축하다 / …에 돈을 지불하다
15297,recurvation,yes,,1,0,1,0,,,,,후굴
15311,logist,no,legist|ologist|yogist,1,0,2,0,,,,,「…학자」 「…연구가」의 뜻
15317,interactant,no,,3,0,1,0,,,,,서로 작용하는 것 / 반응체 / 반응물
15319,intergradation,yes,,3,0,1,0,,,,,변이 / 이행 / 천이
15320,intergraft,yes,,2,0,2,0,,,,,서로 융합하다 / 서로 접목할 수 있다
15323,impleader,yes,,2,0,1,0,,,,,소추하는 사람 / 경합 권리자 확인 절차
15334,expertize,yes,,1,0,8,0,,,,,전문가의 입장에서 의견을 말하다
15337,entrainer,yes,,2,0,1,0,,,,,분리용 매제 / 첨가제
15348,solidarism,yes,,3,0,1,0,,,,,연대주의 / 사회 연대주의 / 연대
15349,solidarize,yes,,2,0,3,0,,,,,단결하다 / 결속하다
15394,federacy,yes,,2,0,1,0,,,,,연합 / 동맹
15406,synchondrosis,yes,,2,0,1,0,,,,,연골 결합 / 연골 봉합
15417,unlessoned,yes,,1,0,1,0,,,,,교육을 받지 않은
15423,prosty,no,frosty|prossy|prosy,2,0,1,0,,,,,매춘 / 매춘부
15438,controvertist,yes,,2,0,1,0,,,,,논객 / 논쟁자
15445,ciderkin,yes,,1,0,1,0,,,,,약한 사과술
15451,geets,no,geest|geet,2,0,1,0,,,,,달러 / 돈
15455,deneutralize,no,,1,0,1,0,,,,,비중립화하다
15476,barhop,no,carhop,1,0,2,0,,,,,여러 술집을 돌아다니며 술을 마시다
15552,upbear,yes,,2,0,2,0,,,,,들어올리다 / 떠받치다
15632,indagate,yes,,3,0,2,0,,,,,탐구하다 / 조사하다 / 연구하다
15686,binal,yes,,3,0,1,0,,,,,이중의 / 두 배의 / 2배의
15698,gamesome,yes,,3,0,6,0,,,,,장난을 좋아하는 / 까불며 뛰노는 / 명랑한
15850,incondite,yes,,3,0,1,0,,,,,구성이 서투른 / 조잡한 / 미숙한
15860,dishabituate,yes,,1,0,1,0,,,,,어떤 습관을 버리게 하다
15866,ineffaceable,yes,,3,0,2,0,,,,,지울 수 없는 / 잊혀지지 않는 / 지워지지 않는
15910,hermaphroditically,yes,,2,0,1,0,,,,,자웅동체로 / 암수한몸으로
15942,passivate,yes,,2,0,3,0,,,,,부동태화하다 / 피막으로 보호하다
16099,reascend,yes,,3,0,1,0,,,,,다시 올라가다 / 재상승하다 / 다시 오르다
16128,tokus,no,todus|tonus|torus,1,0,1,0,,,,,엉덩이
16155,scrow,yes,,3,0,1,0,,,,,떠나다 / 달아나다 / 스크램
16177,feod,yes,,3,0,1,0,,,,,불화 / 싸움 / 반목
16181,debrouillard,no,,2,0,1,0,,,,,능수 능란한 / 재치 있는
16189,cataractogenesis,no,,1,0,1,0,,,,,백내장발생
16193,swelldom,yes,,3,0,1,0,,,,,상류 사회 / 높은 양반 / 멋쟁이들
16196,raffine,no,affine|raffing,3,0,1,0,,,,,세련된 / 멋쟁이 / 취미가 고상한
16197,sulfury,yes,,3,0,1,0,,,,,황의 / 유황의 / 유황질의
16204,helpable,yes,,1,0,1,0,,,,,도울 수 있는
16207,weariful,yes,,3,0,4,0,,,,,싫증나게 하는 / 피로하게 하는 / 피로해진
16240,boneidle,no,,1,0,1,0,,,,,아주 게으른
16317,fordone,yes,,2,0,1,0,,,,,지쳐버린 / 지친
16396,reformate,no,reformati,2,0,3,0,,,,,개질유 / 석유 생산
16407,namable,yes,,3,0,1,0,,,,,명명할 수 있는 / 이름을 붙일 만한 가치가 있는 / 이름지을 수 있는
16415,seoulite,no,,1,0,4,0,,,,,서울 사람
16459,equilibrant,yes,,1,0,1,0,,,,,평형력
16543,apepsy,yes,,1,0,2,0,,,,,소화 불량
16563,thoraco,no,,1,0,1,0,,,,,「가슴」의 뜻
16587,mouthbreather,no,,3,0,2,0,,,,,입으로 숨쉬는 사람 / 얼간이 / 멍청이
16698,diagnosticate,yes,,3,0,1,0,,,,,진단하다 / 규명하다 / 원인을 규명하다
16832,indistributable,yes,,1,0,1,0,,,,,분배할 수 없는
16918,attractivity,yes,,1,0,1,0,,,,,매력
16939,antifebrile,yes,,3,0,1,0,,,,,해열제 / 해열성의 / 해열의
16964,keep apart from,yes,,1,0,2,0,,,,,~에서 멀어지다
16993,floccinaucinihilipilification,no,,2,0,5,0,,,,,무가치하게 여기는 일 / 경시
17070,as much as,yes,,4,0,1,0,,,,,① ~만큼 / ~정도 / ~못지 않게 ② 《많음을 강조하여》 ~정도까지 많이 ③ 《양보절을 이끌어》 ~이지만 ④ 사실상 / 거의
17071,spell out,yes,,2,0,1,0,,,,,① 판독하다 ② 상세히 설명하다 / 천천히 주의 깊게 철자를 말하다 ③ 생략치 않고 전부 쓰다
17082,on fire,yes,,4,0,1,0,,,,,① 불타고 / 불이 나서 ② 흥분하여 / 열중하여 / (이상 따위에) 불타서
17087,pay a call,yes,,1,0,1,0,,,,,《구어·완곡적》 화장실에 가다
17097,for a while,yes,,3,0,2,0,,,,,잠깐 / 잠시 / 얼마동안
17101,go astray,yes,,2,0,1,0,,,,,길을 잃다 / 타락하다
17124,harborer,yes,,3,0,2,0,,,,,숨겨주는 사람 / 품는 사람 / 품고 있는 사람
17125,harborless,yes,,1,0,1,0,,,,,항구가 없는
17173,misdefine,yes,,1,0,1,0,,,,,…의 정의를 잘못 내리다
17245,respirate,no,,1,0,6,0,,,,,인공 호흡시키다
17272,nonconform,yes,,3,0,1,0,,,,,따르지 않다 / 국교를 받들지 않다 / 순종하지 않다
17275,dartle,yes,,2,0,1,0,,,,,여러 번 던지다 / 자꾸 움직이다
17332,metrist,yes,,2,0,1,0,,,,,작시가 / 운율학자
17364,naysay,yes,,3,0,10,0,,,,,거부 / 거절 / 부인
17424,firepot,no,,3,0,5,0,,,,,화실 / 냄비 / 아궁이
17448,unentangled,yes,,2,0,2,0,,,,,휘말려 들지 않은 / 연루되지 않은
17597,impassion,yes,,3,0,18,0,,,,,…을 깊이 감동시키다 / 자극하다 / 흥분시키다
17656,biometer,yes,,3,0,1,0,,,,,생체 측정기 / 생물계 / 그 지표가 되는 생물
17659,interwind,yes,,2,0,7,0,,,,,한데 감다 / 꼬아 짜다
17685,untread,yes,,1,0,2,0,,,,,되돌아가다
17686,unrip,yes,,3,0,1,0,,,,,절개 하다 / 누설하다 / …을 알리다
17703,crevecœur,no,,1,0,1,0,,,,,크레브쾨르
17799,cross-stitch,yes,,1,0,1,0,,,,,십자수
17913,peperino,yes,,2,0,1,0,,,,,유연한 불점결성의 황회색 응회암 / 페페리노
17920,comprisal,yes,,3,0,2,0,,,,,구성의 / 포함 / 함유
17954,conscientization,no,,2,0,1,0,,,,,무교육자의 의식화 운동 / 의식화 운동
17973,disorderedly,yes,,2,0,1,0,,,,,어수선하게 / 엉망으로
17993,sales rep,no,,3,0,1,0,,,,,외판원 / 판매 대행인 / 출장 판매원
18274,counteragent,yes,,3,0,2,0,,,,,반작용제 / 반항력 / 반대 동인
18299,dumbledor,no,dumbledore,2,0,2,0,,,,,띠호박벌 / 왕풍뎅이의 일종
18316,knuckleheaded,no,,3,0,2,0,,,,,바보같은 / 멍청한 / 얼간이의
18414,cognitional,yes,,1,0,1,0,,,,,인식의
18415,adolescently,yes,,2,0,2,0,,,,,청소년기에 / 청소년 특유의
18480,book stack,yes,,1,0,3,0,,,,,서가
18502,deleteriously,yes,,2,0,3,0,,,,,해롭게 / 유해하게
18506,disrespectability,no,,2,0,1,0,,,,,전통적인 예의범절을 따르지 않음 / 존경할 만하지 못함
18550,artificialize,yes,,2,0,1,0,,,,,인공적으로 하다 / 부자연스럽게 하다
18655,consecution,yes,,3,0,3,0,,,,,연속 / 논리의 연관 / 일관성
18657,impersonalize,yes,,1,0,2,0,,,,,…을 비인격적으로 하다
18661,cockeye,yes,,3,0,1,0,,,,,사팔뜨기 / 사시 / 좌완 투수
18679,chemosmosis,yes,,3,0,1,0,,,,,화학적 침투 작용 / 화학 침투 / 화학 삼투 작용
18692,longeval,yes,,3,0,1,0,,,,,오래 계속되는 / 장수의 / 수명이 긴
18693,longevous,yes,,3,0,1,0,,,,,장수의 / 명이 긴 / 수명이 긴
18696,discommendable,yes,,1,0,1,0,,,,,안 좋은 소리를 들을만한
18706,dandruffy,yes,,3,0,1,0,,,,,비듬의 / 비듬이 많은 / 비듬 같은
18707,unprohibited,yes,,1,0,1,0,,,,,허가된
18715,afternooner,no,,1,0,1,0,,,,,오후지
18718,affluential,no,,1,0,1,0,,,,,막대한 부로 인해 영향력을 가진 사람
18719,affluently,yes,,1,0,1,0,,,,,부유하게
18731,cancerate,yes,,2,0,1,0,,,,,암이 되다 / 암으로 발전하다
18736,sequelize,no,,1,0,1,0,,,,,속편을 만들다
18909,unilinear,yes,,3,1,3,0,,,,,단선적인 / 일선의 / 단선의
18966,chromolithograph,yes,,2,0,1,0,,,,,다색 석판 인쇄한 그림 / 다색 석판 인쇄
19137,recolte,no,,2,0,1,0,,,,,수확 / 포도의 수확
19185,gyrene,yes,,2,0,1,0,,,,,미국 해병대원 / 해병대원
19233,plant-like,yes,,2,0,2,0,,,,,식물과 같은 / 식물 같은
19337,geognosy,yes,,3,0,8,0,,,,,지구 구조학 / 지질학 / 지방 지질학
19414,doomful,yes,,3,0,5,0,,,,,불길한 / 재수 없는 / 장래가 어두운
19477,preceptive,yes,,3,0,8,0,,,,,명령적인 / 교훈적인 / 교훈의
19483,impletion,yes,,3,0,8,0,,,,,가득 채우기 / 가득 차 있음 / 충전
19485,commiserable,yes,,2,0,4,0,,,,,동정할 만한 / 가엾은
19496,monophobia,yes,,1,0,6,0,,,,,고독 공포증
19508,expediential,yes,,3,0,3,0,,,,,편의상의 / 방편의 / 편법의
19547,panegyrize,yes,,3,0,6,0,,,,,…을 칭찬하다 / 찬사를 보내다 / …의 찬사를 말하다
19552,remissive,yes,,3,0,4,0,,,,,관대한 / 경감하는 / 진정시키는
19578,museful,yes,,2,0,7,0,,,,,깊은 생각에 잠긴 / 묵상하는
19587,jeopardous,yes,,1,0,5,0,,,,,위험한
19593,imperceptive,yes,,2,0,6,0,,,,,지각력이 없는 / 감지 못하는
19652,bilinguist,yes,,1,0,2,0,,,,,2개 국어에 통달한 사람
19658,immitigable,yes,,3,0,4,0,,,,,완화할 수 없는 / 달랠 수 없는 / 완화하기 힘든
19675,nonmoral,yes,,1,0,8,0,,,,,도덕과 무관한
19714,deposal,yes,,3,0,3,0,,,,,폐위 / 면직 / 파면
19752,forerun,yes,,3,0,9,0,,,,,…에 앞서다 / …의 전조가 되다 / …을 예상하다
19756,prodigalize,yes,,2,0,5,0,,,,,낭비하다 / 남용하다
19769,vindicable,yes,,2,0,5,0,,,,,정당화할 수 있는 / 변호할 수 있는
19776,discursion,yes,,3,0,7,0,,,,,종잡을 수 없는 이야기 / 만담 / 탈선
19799,carnalism,yes,,3,0,3,0,,,,,육욕주의 / 쾌락주의 / 현세주의
19842,recidivous,yes,,2,0,3,0,,,,,상습범적인 / 죄를 거듭 저지르기 쉬운
19853,gormandizer,yes,,3,0,5,0,,,,,대식가 / 게걸스레 먹는 사람 / 걸귀
19861,protobiont,no,,1,0,6,0,,,,,원시 생물
19868,premonitor,yes,,3,0,6,0,,,,,예고자 / 징후 / 전조
19952,banalize,no,baalize|canalize,1,0,5,0,,,,,…을 진부하게 만들다
19981,circumfluent,yes,,3,0,6,0,,,,,둘레를 흐르는 / 에워싸는 / 환류성의
19982,refluent,yes,,3,0,7,0,,,,,역류하는 / 썰물인 / 써는
19996,immaculacy,yes,,3,0,5,0,,,,,오점이 없음 / 결백 / 무구
20058,henpeck,yes,,1,0,7,0,,,,,쥐고 흔들다
20085,mordancy,yes,,2,0,3,0,,,,,신랄함 / 통렬함
20090,transpicuous,yes,,3,0,8,0,,,,,투명한 / 속보이는 / 솔직한
20149,lethargize,yes,,2,0,6,0,,,,,…을 혼수 상태에 빠뜨리다 / …을 무감각하게 하다
20158,susceptive,yes,,3,1,17,0,,,,,감수성이 풍부한 / 민감한 / 받기 쉬운
20188,perjurious,yes,,1,0,5,0,,,,,위증의
20209,ambisextrous,no,ambidextrous,3,0,6,0,,,,,남녀 양성용의 / 남녀를 포함하는 / 남녀의 구별이 잘 안 되는
20238,assentation,yes,,3,0,7,0,,,,,동의 / 영합 / 부화 뇌동
20250,protrudent,yes,,3,0,5,0,,,,,돌출한 / 튀어나온 / 불쑥 나온
20301,forsakenness,yes,,2,0,3,0,,,,,버림받음 / 의지가지없음
20320,semicivilized,yes,,2,0,9,0,,,,,반문명의 / 반개화의
20754,photoperiodism,yes,,3,0,2,0,,,,,광주기성 / 광주성 / 광주기 현상
20816,hermatypic,no,,1,0,1,0,,,,,조초성의
20820,emblematize,yes,,2,0,2,0,,,,,…을 상징하다 / …의 표시가 되다
20839,vagarious,yes,,3,0,18,0,,,,,변덕스러운 / 기발한 / 상궤를 벗어난
20845,cyte,no,cate|cete|cite|cote|cute|cyke|cyme|gyte|kyte,1,0,2,0,,,,,「세포」의 뜻
20856,frontality,yes,,2,0,2,0,,,,,정면주의 / 정면성
20878,nonidentical,yes,,3,0,1,0,,,,,다른 / 동일하지 않은 / 2란성의
21073,intercross,yes,,3,0,1,0,,,,,이계 교배시키다 / 교차시키다 / 교잡 수정
21123,unmatured,yes,,2,0,1,0,,,,,익지 않은 / 숙성되지 않은
21211,endotherm,no,endothermy,1,0,4,0,,,,,온혈 동물
21241,shiever,no,shiver|siever|thiever,2,0,4,0,,,,,배신자 / 밀고자
21274,praisable,yes,,2,0,2,0,,,,,칭찬할 만한 / 갸륵한
21292,inedibility,yes,,1,0,1,0,,,,,먹을 수 없음
21302,heliography,yes,,3,0,1,0,,,,,사진 제판법 / 일광 반사 신호법 / 태양면 기술
21322,wood print,yes,,3,0,2,0,,,,,목판 / 목판화 / 판목
21452,eutrophy,yes,,3,0,4,0,,,,,영양 양호 / 부영양 / 영양 정상
21457,estray,yes,,3,0,2,0,,,,,헤매다 / 옆길로 샌 것 / 헤매는 가축
21461,eradiate,yes,,3,0,8,0,,,,,내다 / 복사하다 / 방사하다
21548,discrown,yes,,3,0,2,0,,,,,찬탈하다 / 퇴위시키다 / …에게서 왕관을 빼앗다
21551,disbenefit,no,,3,0,2,0,,,,,불이익 / 손실 / 은혜가 되지 않음
21578,depredate,yes,,3,0,16,0,,,,,강탈하다 / 약탈하다 / 파손하다
21579,denunciate,yes,,2,0,10,0,,,,,공공연히 비난하다 / 탄핵하다
21588,deliberatively,yes,,3,0,3,0,,,,,고의로 / 의도적으로 / 신중하게
21597,decrescent,yes,,3,0,6,0,,,,,하현달 / 차차 이지러지는 / 하현의
21626,insectology,yes,,1,0,1,0,,,,,곤충학
21643,upwarp,yes,,3,0,1,0,,,,,곡융 / 곡융하다 / 곡륭
21649,disimpassioned,yes,,2,0,1,0,,,,,냉정한 / 침착한
21720,degression,yes,,2,0,3,0,,,,,하강 / 체감
21944,incogitant,yes,,3,0,7,0,,,,,사고력이 없는 / 사려 없는 / 지각없는
21989,salinize,yes,,2,0,1,0,,,,,소금으로 처리하다 / …에 소금을 스며들게 하다
21996,revalorize,yes,,2,0,1,0,,,,,재평가하다 / 평가를 변경하다
22015,peppergrass,yes,,2,0,1,0,,,,,십자화과 다닥냉이속의 향신료 식물의 총칭 / 다닥냉이 무리
22035,neocene,yes,,2,0,1,0,,,,,신제3기의 / 신제3기
22051,glucide,yes,,1,0,1,0,,,,,당질
22057,finlet,yes,,1,0,1,0,,,,,작은 지느러미
22089,acquest,yes,,2,0,1,0,,,,,취득 재산 / 취득
22110,obsecration,yes,,3,0,4,0,,,,,탄원 / 간청 / 간구
22128,lithification,yes,,1,0,4,0,,,,,석화 작용
22143,encage,yes,,3,0,1,0,,,,,…을 가두다 / …을 우리에 넣다 / 새장에 넣다
22152,devest,yes,,2,0,1,0,,,,,옷을 벗기다 / 박탈하다
22179,diminutival,yes,,3,0,1,0,,,,,축소적인 / 지소사의 / 지소형 어미
22306,previsional,yes,,3,0,2,0,,,,,선견지명이 있는 / 사전에 아는 / 앞을 내다본
22424,pansophic,yes,,3,0,1,0,,,,,백과 사전적 지식의 / 전지의 / 박식한
22425,pantoscopic,yes,,3,1,1,0,,,,,광각의 / 전경을 보는 / 시계가 넓은
22426,pantology,yes,,2,0,1,0,,,,,인류의 전 지식 체계 / 백과 사전적 지식
22562,cureless,yes,,3,0,1,0,,,,,치료법이 없는 / 불치의 / 구제할 수 없는
22564,uncontrovertible,yes,,3,0,2,0,,,,,명백한 / 논쟁의 여지가 없는 / 논의할 여지없는
22618,unwitty,yes,,2,0,2,0,,,,,총명하지 못한 / 어리석은
22650,sail-off,yes,,1,0,1,0,,,,,요트 경주
22653,vacuate,yes,,3,0,1,0,,,,,진공으로 만들다 / …에서 배기하다 / 비우다
22665,disbranch,yes,,3,0,1,0,,,,,잘라내다 / 가지를 치다 / 꺾다
22667,disbosom,yes,,2,0,1,0,,,,,털어놓다 / 고백하다
22704,kitchen maid,yes,,2,0,2,0,,,,,식모 / 부엌 하녀
22733,belonger,yes,,1,0,2,0,,,,,안정된 중산층의 일원
22746,obtruder,yes,,1,0,1,0,,,,,주제넘게 나서는 사람
22800,farcial,yes,,3,0,1,0,,,,,소극의 / 소극풍의 / 익살스런
22802,elusory,yes,,3,0,1,0,,,,,가공의 / 실체가 없는 / 파악하기 어려운
22901,hibernaculum,yes,,3,0,3,0,,,,,동면 장소 / 월동용 보호 외피 / 동면 부분
22986,drownproofing,no,,1,0,1,0,,,,,오래 물에 떠 있는 기술
22988,algum,yes,,2,0,2,0,,,,,백단목 / 백단향
23007,bow shot,yes,,1,0,1,0,,,,,활의 사정
23167,almug,yes,,2,0,1,0,,,,,백단목 / 알검나무
23171,downtrod,no,,2,0,4,0,,,,,압정에 신음하는 / 짓밟힌
23184,geyserite,yes,,1,0,2,0,,,,,간헐석
23237,abiological,yes,,2,0,2,0,,,,,비생물적인 / 생명력이 없는
23239,amplexus,yes,,1,0,2,0,,,,,포접
23252,spinescent,yes,,3,0,1,0,,,,,가시 모양의 / 가시가 있는 / 뻣뻣한
23263,metaplasm,yes,,3,0,1,0,,,,,후형질 / 어형 변화 / 예를 들면 식물의 세포막 등
23279,anaclastic,yes,,3,0,1,0,,,,,굴절의 / 굴절에 기인하는 / 굴절을 일으키는
23289,regrate,yes,,3,0,1,0,,,,,…을 매점하다 / 새롭게 보이도록 깎아내다 / 다시 팔다
23295,legitimism,yes,,1,0,2,0,,,,,정통주의
23414,exalte,no,exalate|exalt|exalted|exalter,1,0,3,0,,,,,몹시 기뻐하는
23464,conation,yes,,2,0,1,0,,,,,의욕 / 능동
23469,binarity,no,,1,0,1,0,,,,,이항 대립 원리
23478,cocurricular,no,,1,0,1,0,,,,,정규 과목 병행의
23485,professoriate,yes,,3,0,1,0,,,,,교수단 / 대학 교수라는 집단 / 대학 교수
23517,disenroll,no,misenroll,2,0,1,0,,,,,계획에서 빼다 / 제적하다
23566,flagelliform,yes,,2,0,1,0,,,,,편모상의 / 휘청거리는
23585,speciology,yes,,1,0,1,0,,,,,종족학
23597,environmentology,no,,3,0,1,0,,,,,환경학 / 환경 문제 연구 / 환경 위생학
23630,subduct,yes,,3,0,3,0,,,,,…을 제거하다 / …을 줄이다 / 감하다
23661,limer,yes,,1,0,2,0,,,,,거리를 방황하는 사람
23662,semifossil,yes,,1,0,1,0,,,,,반화석의
23691,prolificity,yes,,2,0,2,0,,,,,다산력 / 다산성
23697,dysphotic,yes,,2,0,1,0,,,,,약광성의 / 아주 약한 빛 속에서 생장하는
23707,allottee,yes,,2,0,1,0,,,,,할당을 받는 사람 / 피배당자
23811,fluidize,yes,,2,0,1,0,,,,,…을 유체화하다 / 유동성으로 하다
23829,controvertible,yes,,3,0,3,0,,,,,의논할 수 있는 / 의논의 여지가 있는 / 논쟁할 만한
23834,splendent,yes,,3,0,2,0,,,,,빛나는 / 광택 있는 / 화려한
23837,contendingly,yes,,2,0,1,0,,,,,다투어 / 겨루어
23841,asperate,yes,,3,0,1,0,,,,,거친 / 거칠게 하다 / 꺼칠꺼칠한
23843,delicateness,yes,,3,0,1,0,,,,,연약함 / 여림 / 섬세함
23855,wontedness,yes,,1,0,1,0,,,,,익숙함
23929,culminant,yes,,3,0,3,0,,,,,최고점에 이른 / 자오선상의 / 남중하는
23959,stereography,yes,,2,0,1,0,,,,,입체 화법 / 입체 사진술
24010,perdure,yes,,3,0,6,0,,,,,영속하다 / 지탱하다 / 오래 지속하다
24014,epinasty,yes,,2,0,1,0,,,,,상편 생장 / 상위생장성
24016,diffusate,yes,,2,0,1,0,,,,,확산체 / 투석물
24019,plasmodesma,yes,,3,0,1,0,,,,,원형질 연락사 / 세포 간교 / 플라스모데스무스
24081,photophosphorylation,no,,1,0,1,0,,,,,광인산화
24100,plasmolysis,yes,,1,0,1,0,,,,,원형질 분리
24102,vernalize,yes,,2,0,1,0,,,,,개화 결실을 촉진하다 / …에 춘화 처리를 하다
24115,pericycle,yes,,1,0,1,0,,,,,내초
24116,suberin,yes,,1,0,1,0,,,,,코르크질
24148,delegitimate,no,,2,0,1,0,,,,,위신을 실추시키다 / 비합법화하다
24159,telecommuter,no,,1,0,1,0,,,,,재택근무자
24191,lunchbucket,no,,2,0,1,0,,,,,도시락 / 노동자 계급의
24192,botchery,yes,,3,0,1,0,,,,,서투른 수선 / 서투른 솜씨 / 보기 흉한 기움새
24197,ironfisted,yes,,3,0,1,0,,,,,철권의 / 탄압적인 / 몹시 인색한
24211,phreatophyte,yes,,1,0,1,0,,,,,지하수 식물
24212,socioecology,no,,1,0,1,0,,,,,사회 생태학
24263,detritivore,no,,3,0,3,0,,,,,부식성 생물 / 지나치게 많은 / 방해되는
24311,dichotomic,yes,,3,0,1,0,,,,,양분 / 이분 / 이분법
24315,dermatoglyph,no,,2,0,1,0,,,,,피부 융선 / 피문
24344,podagra,yes,,2,0,2,0,,,,,족부 통풍 / 발의 통풍
24361,lumbrical,yes,,1,0,1,0,,,,,충양근
24409,urbanology,no,uranology,2,0,1,0,,,,,도시 문제 연구 / 도시학
24456,aromatherapeutic,no,,1,0,1,0,,,,,방향요법의
24475,celibatarian,yes,,2,0,2,0,,,,,독신주의의 / 독신주의자
24492,vortical,yes,,3,0,2,0,,,,,소용돌이의 / 소용돌이 모양의 / 소용돌이 모양으로 움직이는
24511,velocimeter,yes,,1,0,1,0,,,,,속도계
24516,audiphone,yes,,1,0,1,0,,,,,보청기
24525,equilibrist,yes,,3,0,1,0,,,,,곡예사 / 줄타기 곡예사 / 줄타는 사람
24536,stipular,yes,,3,0,1,0,,,,,턱잎의 / 턱잎이 있는 / 턱잎에 생기는
24578,semination,yes,,3,0,1,0,,,,,파종 / 보급 / 유포
24593,inexplicability,yes,,3,0,1,0,,,,,설명 불가능 / 불가해함 / 불가해
24602,overtalk,yes,,3,0,1,0,,,,,지나친 수다 / 다변 / 요설
24648,distracter,yes,,1,0,1,0,,,,,정답 이외의 선택지
24733,corequisite,no,,1,0,2,0,,,,,동시에 이수해야할 과목
24769,aphtha,yes,,3,0,3,0,,,,,소궤양 / 아프타 / 아구창
24822,spicular,yes,,2,0,1,0,,,,,침골상의 / 침상의
24828,enroot,yes,,3,0,1,0,,,,,단단히 설치하다 / 뿌리박게 하다 / 뿌리박다
24837,stot,yes,,3,0,2,0,,,,,튕기게 하다 / 휘청거리다 / 튕기다
24839,oxpecker,yes,,2,0,1,0,,,,,소딱따구리 / 아프리카산
24854,caravanserial,yes,,2,0,2,0,,,,,여행자 쉼터의 / 여행자 무리의
24863,xenotropic,no,,1,0,1,0,,,,,숙주와 다른 종의 세포 속에서만 복제를 만드는
24874,haircurling,no,,2,0,1,0,,,,,무시무시한 / 머리털이 쭈뼛해지는
24881,eucharis,yes,,3,0,1,0,,,,,유카리스속의 각종 인경 식물 / 아마존백합 / 남미 원산
24887,scrutable,yes,,3,0,6,0,,,,,정밀한 조사에 의해서 이해할 수 있는 / 판독할 수 있는 / 이해할 수 있는
24921,axoplasm,yes,,2,0,1,0,,,,,축색 원형질 / 축색장
24951,glycosylate,no,,1,0,1,0,,,,,사슬 모양 탄수화물을 가하여 당단백질로 하다
24957,picrotoxin,yes,,2,0,1,0,,,,,피크로톡신 / 해독용
24970,seminate,yes,,1,0,4,0,,,,,뿌리다
24981,decennially,yes,,2,0,1,0,,,,,10년을 주기로 / 10년마다
25030,vociferant,yes,,3,0,1,0,,,,,큰 소리를 내는 / 큰 소리를 지르는 사람 / 떠들썩한
25056,superrealism,yes,,2,0,1,0,,,,,초현실주의 / 쉬르리얼리즘
25127,taky,yes,,2,0,1,0,,,,,매력적인 / 마음이 끌리는
25168,nonclassified,no,,2,0,1,0,,,,,분류되지 않은 / 기밀 취급이 아닌
25180,traumatism,yes,,3,0,1,0,,,,,외상 / 외상성 전신 장애 / 외상성 상해
25266,circuity,yes,,3,0,2,0,,,,,우회 / 에둘러 말하기 / 빙 돌아감
25296,nonbiodegradable,no,,1,0,2,0,,,,,생물 분해성이 아닌
25351,hetaira,no,hetaera,3,0,1,0,,,,,첩 / 고급 창녀 / 창녀
25377,yeomanly,yes,,3,0,1,0,,,,,용감하게 / 건장한 / 충성스러운
25441,arational,no,orational|rational,1,0,1,0,,,,,비합리적인
25455,dissemblance,yes,,3,0,1,0,,,,,은폐 / 위장 / 차이
25471,adlay,yes,,2,0,3,0,,,,,율무 / 약용으로 재배되기도 함
25518,peacockery,yes,,3,0,1,0,,,,,과시 / 허영 / 겉치레
25540,bystreet,yes,,3,0,1,0,,,,,뒷길 / 골목길 / 뒷골목
25564,outroot,yes,,2,0,4,0,,,,,뿌리째 뽑다 / 근절하다
25605,pharisaism,yes,,3,0,1,0,,,,,바리새주의 / 형식주의 / 위선
25614,flowerlet,yes,,3,0,1,0,,,,,작은 통꽃 / 작은 꽃 / 작은 두상화
25617,gleamy,yes,,3,0,1,0,,,,,번쩍이는 / 희미하게 비치는 / 빛나는
25636,indraft,yes,,3,0,2,0,,,,,유입 / 흡입 / 끌어들이기
25689,nocuous,yes,,3,0,8,0,,,,,해로운 / 유해한 / 유독한
25752,droughty,yes,,3,0,3,0,,,,,가뭄의 / 건조한 / 목마른
25762,heteronomy,yes,,2,0,4,0,,,,,타율 / 타율성
25780,confessant,yes,,3,0,1,0,,,,,고백자 / 고백을 듣는 사제 / 고해 신부
25783,thirl,yes,,3,0,1,0,,,,,구멍 / 구멍을 내다 / 떨게 하다
25810,fructuous,yes,,3,0,4,0,,,,,다산의 / 열매가 많은 / 과실이 많은
25822,shend,yes,,3,0,1,0,,,,,창피를 주다 / 책망하다 / 비난하다
25825,dispiteous,yes,,2,0,1,0,,,,,무자비한 / 잔혹한
25857,derro,no,derry,3,0,1,0,,,,,낙오자 / 부랑자 / 녀석
25900,nidering,no,niddering,3,0,1,0,,,,,비열한 / 겁쟁이 / 비겁자
25917,cribber,yes,,3,0,1,0,,,,,커닝하는 사람 / 도작자 / 여물통을 무는 버릇이 있는 말
25920,crocky,yes,,3,0,1,0,,,,,노후한 / 병약한 / 무능한
25926,cruit,no,bruit|cruet|crunt|crust|fruit,3,0,1,0,,,,,신병 / 신인 / 풋내기
25942,daggle,yes,,3,0,1,0,,,,,질질끌며 걷다 / 더럽히다 / 젖게 하다
25981,disprovable,yes,,1,0,1,0,,,,,반증할 수 있는
26146,resolutive,no,resoutive,3,1,1,0,,,,,용해할 수 있는 / 분해력이 있는 / 소산시키는
26176,rouseabout,yes,,3,0,1,0,,,,,잡역부 / 막일을 하는 사람 / 미숙련 노동자
26251,reinter,yes,,3,0,1,0,,,,,다시 묻다 / 이장하다 / 개장하다
26265,waterlog,yes,,3,0,1,0,,,,,…을 침수시켜 쓸모없게 만들다 / 침수되다 / 조종 불능으로 만들다
26328,unspeak,yes,,2,0,1,0,,,,,취소하다 / 철회하다
26367,vulgus,yes,,3,0,1,0,,,,,서민 / 일반 대중 / 라틴어 교과
26464,susso,no,cusso,2,0,1,0,,,,,실업 수당 / 그 수급자
26470,swallet,yes,,2,0,1,0,,,,,지하 수류 / 수류가 지하로 흡입되는 구멍
26481,synaxis,yes,,3,0,1,0,,,,,예배 / 미사 성제 / 성체 배령
26605,stuggy,yes,,1,0,1,0,,,,,땅딸막한
26751,compunctious,yes,,3,1,3,0,,,,,후회하고 있는 / 후회하게 하는 / 후회하는
26764,enfetter,yes,,3,0,3,0,,,,,…을 속박하다 / …에게 차꼬를 채우다 / …을 노예로 하다
26772,fortitudinous,yes,,2,0,2,0,,,,,참을성 있는 / 불굴의
26776,ichthyophagist,yes,,2,0,1,0,,,,,물고기를 상식하는 사람 / 물고기 상식자
26781,inconsonant,yes,,3,0,6,0,,,,,일치하지 않는 / 화합하지 않는 불협화의 / 조화하지 않는
26793,objure,yes,,1,0,2,0,,,,,맹세하다
26804,remonstrator,yes,,3,0,1,0,,,,,항의하는 사람 / 간언하는 사람 / 항의자
26810,sidewheel,no,,2,0,1,0,,,,,외륜 / 외륜의
27005,toxication,yes,,1,0,5,0,,,,,중독
27006,downpower,no,,1,0,1,0,,,,,호우
27065,exemptible,yes,,1,0,2,0,,,,,면제할 수 있는
27084,eligibleness,yes,,2,0,3,0,,,,,을 가질 수 있음 / 적격임
27089,concluder,yes,,3,0,1,0,,,,,결론을 내리는 사람 / 종결자 / 체결자
27109,bondstone,yes,,2,0,3,0,,,,,이음돌 / 받침돌
27153,hydroscope,yes,,3,0,3,0,,,,,수중 안경 / 물시계 / 수중 투시경
27187,narcotism,yes,,3,0,3,0,,,,,혼수 상태 / 마약 상용 / 마약 중독
27188,obsequial,yes,,2,0,5,0,,,,,장례식의 / 장의의
27192,paction,yes,,4,0,3,0,,,,,조약 / 협정 / 동의하다 / 협정하다
27205,periapt,yes,,2,0,5,0,,,,,부적 / 호부
27208,plenipotent,yes,,1,0,3,0,,,,,전권을 가진
27216,prescind,yes,,3,0,4,0,,,,,떼내어 생각하다 / 떼어버리다 / 주의를 돌리다
27218,pseudomorph,yes,,3,0,4,0,,,,,위형 / 헛꼴 / 비정규형
27223,recision,yes,,3,0,3,0,,,,,취소 / 무효 / 폐기
27226,redintegration,yes,,3,0,5,0,,,,,복원 / 복구 / 재생
27229,rurban,yes,,3,0,3,0,,,,,전원 도시의 / 시골과 도시 또는 교외의 삶을 아울러 가진 / 교외에 있는
27232,saltant,yes,,3,0,3,0,,,,,뛰는 / 춤추는 / 도약하는
27233,sequacious,yes,,3,0,3,0,,,,,남을 따르는 / 논리가 일관된 / 조리에 닿는
27239,solatium,yes,,3,0,9,0,,,,,위자료 / 배상 / 위문금
27250,ultimogeniture,yes,,1,0,3,0,,,,,말자 상속
27254,undilution,yes,,1,0,3,0,,,,,불희석
27278,laborite,yes,,3,0,4,0,,,,,노동당원 / 노동자의 이익을 꾀하는 단체원 / 영국 노동당원
27283,cottonocracy,yes,,3,0,2,0,,,,,면업자 / 면업 왕국 / 면 벼락부자
27306,subcurrent,yes,,2,0,1,0,,,,,저류 / 표면에 나타나지 않는 흐름
27525,telebanking,no,,1,0,2,0,,,,,텔레뱅킹
27536,repairperson,no,,1,0,3,0,,,,,수리공
27537,carsickness,no,,1,0,2,0,,,,,차멀미
27541,passalong,no,,3,0,7,0,,,,,전가 / 차례로 건네주기 / 다음으로 넘김
27548,irone,yes,,2,0,1,0,,,,,이론 / 향수로 사용
27572,junglegym,no,,1,0,10,0,,,,,정글짐
27592,dishwash,no,,3,0,1,0,,,,,말도 안 되는 / 허튼소리 / 개숫물
27600,allofadooda,no,,2,0,1,0,,,,,흥분하여 / 허둥지둥
27601,allofaflutter,no,,2,0,1,0,,,,,《구어》 부르르 떨며 / 어쩔줄 몰라
27602,allofalump,no,,2,0,1,0,,,,,한 덩어리가 되어 / 통틀어
27603,allofapop,no,,1,0,1,0,,,,,별안간
27604,alltheworldoverallovertheworld,no,,1,0,1,0,,,,,온 세계에서
27605,allofaglowinaglow,no,,1,0,1,0,,,,,《구어》 얼굴이 (벌겋게) 달아올라; 빨갛게 빛나
27606,allofaheap,no,,2,0,1,0,,,,,《구어》 ① 깜짝 놀라서 ② 갑자기 / 느닷없이
27607,alltheworldandhiswife,no,,1,0,1,0,,,,,《익살》 누구나 다
27609,atnight,no,anight,2,0,3,0,,,,,야간에 / 밤에
27610,inthemorning,no,,1,0,1,0,,,,,아침에; 오전에; 이튿날[내일] 아침에
27612,lookfor,no,,3,0,3,0,,,,,① ~을 찾다 / 구하다; ~을 초래하다 ② ~을 기대하다 / 예기하다
27613,sferics,no,sterics,3,0,3,0,,,,,전자 기상 관측 위성 / 공전 / 공전 잡음
27614,bringahornetsnestaboutonesears,no,,1,0,2,0,,,,,소란을 일으키다
27615,bringapersonintodisfavor,no,,1,0,2,0,,,,,신망[인기]을 잃게 하다
27616,drainaway,no,,1,0,2,0,,,,,(물이) 빠지다
27617,stepalong,no,,2,0,2,0,,,,,출발하다 / 떠나다
27618,theactofsupremacy,no,,1,0,2,0,,,,,〈英역사〉 수장령(首長令)(로마 교황의 주권을 부인하고 영국왕을 국교 주권자로 규정한 1534년의 법령)
27621,dactylogram,yes,,1,0,2,0,,,,,지문
27634,teethridge,yes,,2,0,3,0,,,,,잇몸 / 치경
27637,abdicant,yes,,3,0,2,0,,,,,버리는 / 포기하는 / 퇴위자
27639,carryoff,no,,3,0,1,0,,,,,①[상품·명예 따위]를 획득하다 / 쟁취하다 ② ~을 대담하게 해치우다 / 밀고 나아가다;[역할·임무 따위]를 훌륭히 해내다 ③ (병 따위가) ~의 생명을 빼앗다 ④[포로 따위]를 끌고 가다 ⑤[남]을 유괴하다; ~을 빼앗아 가다 ⑥[나이 따위]를 느끼지 못하게 하다
27642,allatonce,no,,2,0,2,0,,,,,① 돌연 / 갑자기 ② 전부 한꺼번에
27643,atallcosts,no,,2,0,2,0,,,,,어떤 희생을 치르더라도 / 기어코
27644,apartfrom,no,,2,0,2,0,,,,,~이외에 / 게다가
27646,allowfor,no,,2,0,2,0,,,,,①[사정 따위]를 참작[고려]하다 ② ~을 준비하다 / ~에 대비하다
27647,answerfor,no,,3,0,2,0,,,,,① ~의 책임을 지다 / 처벌을 받다  ② ~을 보증하다 ③ ~에 소용되다 / ~의 도움이 되다 ④ ~대신 대답하다
27648,asarule,no,,2,0,2,0,,,,,원칙적으로 / 대개
27649,burstinto,no,,2,0,2,0,,,,,① (방 따위에) 난입하다 / 밀려[뛰어]들다 ②갑자기 ~하기 시작하다
27650,byandby,no,,2,0,3,0,,,,,이윽고 / 곧
27651,atrandom,no,,3,0,2,0,,,,,멋대로 / 닥치는 대로 / 마구잡이로; 무작위로
27652,dispensewith,no,,1,0,2,0,,,,,① ~없이 지내다[때우다
27653,firstofall,no,,2,0,3,0,,,,,무엇보다도 먼저 / 우선 첫째로
27654,behindthetimes,no,,1,0,2,0,,,,,시대[유행]에 뒤져서
27662,failapersoninhisneed,no,,1,0,1,0,,,,,곤경에 빠진 사람을 돌보지 않다
27669,papula,yes,,1,0,1,0,,,,,피새
27705,unaffable,yes,,1,0,1,0,,,,,퉁명스러운
27714,excurse,yes,,3,0,3,0,,,,,옆길로 새다 / 소풍을 가다 / 슬슬 거닐다
27739,fostere,no,foster|fosterer,1,0,1,0,,,,,기르다
27752,Resercations,no,,1,0,1,0,,,,,예약
27755,Tkchets,no,,1,0,1,0,,,,,표
27795,complementally,yes,,2,0,1,0,,,,,보완하여 / 금상첨화로
27802,compertitors,no,,1,0,1,0,,,,,경쟁자
27819,worhwhile,no,,2,0,1,0,,,,,의미있는 / 보람있는
27842,responbility,no,,1,0,1,0,,,,,책임
27862,copresident,no,,1,0,1,0,,,,,공동대표
27863,doggle,no,boggle|coggle|daggle|goggle|joggle|roggle|toggle,1,0,1,0,,,,,강아지 [구어] 멋진
27876,indicatively,yes,,2,0,2,0,,,,,암시하여 / 직설적으로
27890,polypod,yes,,3,0,1,0,,,,,다족을 갖는 / 다지 동물 / 다리가 많은
27943,waterdrop,yes,,3,0,6,0,,,,,물방울 / 빗방울 / 눈물
27949,atwix,no,atwin|atwixt,1,0,1,0,,,,,(조디 방언) ~의 사이/가운데에.
27963,pursuable,yes,,2,0,1,0,,,,,추구할 수 있는 / 지속될 수 있는
27974,exertive,yes,,3,0,2,0,,,,,노력하는 / 힘을 발휘하는 / 영향을 미치는
27975,deformative,yes,,2,0,1,0,,,,,변형시키는 / 일그러뜨리는
27993,surveillant,yes,,3,0,3,0,,,,,감시하는 / 감시자 / 감독자
28018,Quenchine,no,,1,0,1,0,,,,,소입
28020,Superfinishing,no,,1,0,1,0,,,,,초사상
28033,femineity,yes,,3,0,1,0,,,,,여성의 특질 / 여자다움 / 여성다움
28049,kiteflying,yes,,3,0,1,0,,,,,연날리기 / 여론 탐색 / 융통 어음의 발행
28073,sanatory,yes,,2,1,1,0,,,,,건강에 좋은 / 병을 고치는
28083,admirative,yes,,1,0,1,0,,,,,칭찬을 나타내는
28085,beachgoer,no,,1,0,3,0,,,,,해수욕하는 사람
28114,anecdotage,yes,,3,0,3,0,,,,,일화집 / 노년기 / 일화
28173,retentionist,yes,,1,0,1,0,,,,,존속지지자
28201,decapitalize,yes,,3,0,1,0,,,,,…의 자본을 빼앗다 / 자본 형성을 방해하다 / 자본을 철수하다
28211,flery,no,faery|fiery|flary|fleay|flerry|fleury|fley|flory,1,0,1,0,,,,,백합 무늬로 장식한
28229,anomalistic,yes,,3,0,2,0,,,,,이례의 / 근점의 / 변칙의
28236,applausive,yes,,3,0,4,0,,,,,칭찬을 나타내는 / 박수갈채의 / 칭찬의
28238,horologic,yes,,3,0,1,0,,,,,시계의 / 시계학상의 / 측시법의
28245,unweakened,yes,,1,0,1,0,,,,,약화되지 않은
28304,siegeworks,no,siegework,2,0,1,0,,,,,성 공격용 보루 / 공성 보루
28305,overwise,yes,,1,0,2,0,,,,,남달리 현명한
28336,frteare,no,,3,0,2,0,,,,,자유로워 지다 / 멀리까지 들리다 / 오다
28337,crsler,no,,2,0,2,0,,,,,더 가까이 / 더 깨끗이
28338,imgraty,no,,1,0,2,0,,,,,아주 편하게
28339,hopthing,no,,1,0,2,0,,,,,뛰다
28372,plotty,yes,,1,0,1,0,,,,,줄거리가 얽히고 설킨
28374,forward-looking,yes,,1,0,1,0,,,,,미래 지향적인
28395,nightflying,no,,3,0,1,0,,,,,야간 비행 / 야간 비행의 / 밤에 날아다니는
28404,shmendrik,no,,3,0,1,0,,,,,소심한 사람 / 의기가 없는 사람 / 바보
28448,injudicial,yes,,3,0,1,0,,,,,현명하지 않은 / 지혜롭지 않은 / 사려 없는
28465,frequencyadverb,no,,1,0,1,0,,,,,빈도부사
28487,gastroenteric,yes,,1,0,4,0,,,,,위장의
28498,flavory,yes,,2,0,2,0,,,,,풍미가 풍부한 / 향기로운
28500,unpolish,yes,,1,0,1,0,,,,,다듬어지지 않은
28648,epidemical,yes,,3,0,1,0,,,,,유행 / 유행병 / 유행성의
28686,floatage,yes,,3,0,2,0,,,,,부유 / 부유물 / 부양력
28722,incoercible,yes,,2,0,1,0,,,,,억압할 수 없는 / 액화할 수 없는
28736,disintoxicate,no,,3,0,1,0,,,,,…을 해독하다 / 의 취기를 깨게 하다 / 중독 증상을 고치다
28741,atingle,yes,,3,0,1,0,,,,,흥분하여 / 쑤시고 / 얼얼하여
28755,twittery,yes,,3,0,2,0,,,,,잘 지저귀는 / 떠는 / 신경 과민의
28758,fadeless,yes,,3,1,1,0,,,,,쇠퇴하지 않는 / 퇴색하지 않는 / 불후의
28768,indigestive,yes,,2,0,1,0,,,,,소화 불량의 / 위약의
28779,arterio,no,arterin,1,0,2,0,,,,,「동맥」의 뜻
28794,cystoma,yes,,1,0,1,0,,,,,낭종
28803,tegumentary,yes,,3,0,1,0,,,,,외피의 / 포피의 / 외피로 이루어지는
28810,astronautess,no,,1,0,2,0,,,,,여성 우주 비행사
28824,patronizer,yes,,3,0,2,0,,,,,단골 손님 / 후원자 / 깔보는 태도를 가진 사람
28837,deindustrialize,yes,,3,0,1,0,,,,,…의 산업력을 잃게 하다 / 산업 조직을 파괴하다 / 탈공업화하다
28839,atavistically,yes,,1,0,1,0,,,,,격세유전으로
28849,hardheadedness,yes,,2,0,1,0,,,,,냉정함 / 단호함
28851,edgily,no,,1,0,2,0,,,,,신경질적으로
28863,swingback,yes,,3,0,2,0,,,,,원상회복 / 역전 / 원상 복귀
28864,polyunsaturate,no,,1,0,1,0,,,,,고도 불포화 물질
28876,patagium,yes,,1,0,1,0,,,,,비막
28893,eligibly,yes,,3,0,2,0,,,,,자격에 맞게 / 적당하게 / 격에 맞게
28909,safekeep,no,,2,0,1,0,,,,,보호 하다 / 보관하다
28961,charbroil,no,,1,0,3,0,,,,,…을 숯불로 굽다
28977,anemoscope,yes,,3,0,1,0,,,,,풍향계 / 풍위계 / 풍향 측정기
29004,nuker,no,naker|nuke|puker,1,0,1,0,,,,,전자 레인지
29021,forgeable,yes,,1,0,1,0,,,,,벼릴 수 있는
29045,conjugationally,yes,,2,0,1,0,,,,,활용으로 / 활용형으로
29046,conjugational,yes,,3,0,1,0,,,,,동사 활용의 / 결합의 / 접합의
29058,imperatival,yes,,1,0,2,0,,,,,명령법의
29102,hydratant,no,,1,0,1,0,,,,,보습
29121,astringently,yes,,3,0,1,0,,,,,수렴성으로 / 신랄하게 / 톡 쏘듯이
29128,abluted,no,,2,0,2,0,,,,,씻어 깨끗해진 / 깨끗이 씻은
29129,ablute,no,ablate|ablude,1,0,1,0,,,,,씻다
29136,resoluble,yes,,2,0,1,0,,,,,용해할 수 있는 / 해결할 수 있는
29141,conscribe,yes,,2,0,2,0,,,,,…을 징집하다 / …을 제한하다
29182,pornograph,yes,,3,0,3,0,,,,,포르노 / 도색 작품 / 호색 작품
29187,breakover,yes,,1,0,1,0,,,,,기사가 다른 페이지로 이어지는 부분
29204,corporational,yes,,3,0,1,0,,,,,기업의 / 법인의 / 시 자치제의
29207,renovative,yes,,1,0,1,0,,,,,혁신 [쇄신]하는
29208,renovatable,no,,1,0,1,0,,,,,혁신 [쇄신]할 수 있는
29212,evidentness,yes,,1,0,1,0,,,,,분명함
29229,vernacularize,yes,,2,0,1,0,,,,,지방어로 표현하다 / …을 자국어로 옮기다
29230,dodecagonal,yes,,2,0,1,0,,,,,12각형의 / 12변형의
29266,jeoperidize,no,,1,0,1,0,,,,,위험에 빠뜨리다
29274,porosis,yes,,1,0,1,0,,,,,다공증
29278,spinto,no,pinto|shinto|sinto,3,0,1,0,,,,,스핀토의 / 스핀토의 목소리 / 기본은 서정적이지만 매우 극적인 요소를 가진
29283,glumose,yes,,2,0,1,0,,,,,낟껍질의 / 포영의
29288,cinefilm,yes,,1,0,1,0,,,,,영화 필름
29303,propercensent,no,,1,0,1,0,,,,,정식허가
29332,soaraway,no,soakaway,2,0,1,0,,,,,급성장한 / 돌연한
29348,subordinator,no,,2,0,1,0,,,,,종속시키는 것 / 종속 접속사
29357,encephalomyocarditis,no,,2,0,1,0,,,,,뇌심근염 / 뇌척수 심근염
29359,condyloma,yes,,2,0,1,0,,,,,습우 / 콘딜로마
29374,actinomorphy,yes,,1,0,1,0,,,,,방사대칭
29398,epitheli,no,epithelia,1,0,1,0,,,,,「상피」의 뜻
29404,knacky,yes,,3,0,1,0,,,,,교묘한 / 요령 있는 / 솜씨 좋은
29412,fundrasing,no,,1,0,1,0,,,,,모금
29414,affectless,no,effectless,3,0,2,0,,,,,냉혹한 / 느끼지 않는 / 무정한
29419,admonitor,yes,,3,0,2,0,,,,,충고자 / 설득자 / 훈계자
29421,opiumism,yes,,3,0,3,0,,,,,아편 상용 / 아편 중독 / 아편 상습
29423,adamancy,no,,3,0,1,0,,,,,불굴 / 완고 / 견고
29478,neighbo,no,neighbor,3,0,1,0,,,,,아니 / 글렀어 / 불응
29491,dispossessor,yes,,1,0,1,0,,,,,빼앗는 사람
29499,stagnantly,yes,,1,0,1,0,,,,,고여있게
29533,delinquently,yes,,3,0,2,0,,,,,비행을 저질러 / 범죄 성향을 보여 / 채무를 이행하지 않아서
29684,accountably,yes,,2,0,1,0,,,,,설명할 수 있도록 / 책임이 있어서
29688,plannig,no,,1,0,1,0,,,,,기획
29693,alterant,yes,,3,0,1,0,,,,,변질성의 / 변질제 / 변색제
29694,radicate,yes,,3,0,3,0,,,,,뿌리를 내리게 하다 / 발근시키다 / 뿌리박게 하다
29703,complice,yes,,1,0,3,0,,,,,공범자
29711,specificvendor,no,,1,0,1,0,,,,,특정한판매상
29723,weakhearted,yes,,3,0,1,0,,,,,용기가 없는 / 심약한 / 마음이 약한
29735,chemoantigen,no,,1,0,1,0,,,,,화학항원
29745,reflectingly,yes,,3,0,1,0,,,,,숙고하여 / 반사적으로 / 내성적으로
29747,yold,no,bold|cold|fold|gold|hold|mold|old|sold|told|wold|yeld|yolk|yond|youd,2,0,1,0,,,,,잘 속는 녀석 / 멍청이
29768,metanalysis,yes,,1,0,1,0,,,,,이분석
29779,citicized,no,,1,0,1,0,,,,,비판하다.
29792,misshape,yes,,2,0,2,0,,,,,…의 모양을 보기 흉하게 하다 / …을 잘못 만들다
29829,Cordialtransitory,no,,1,0,1,0,,,,,다정한일시적인
29845,Deveoped,no,,1,0,1,0,,,,,발달시키다
29846,Forstered,no,,1,0,1,0,,,,,조성하다
29873,deficiently,yes,,3,0,1,0,,,,,부족하여 / 결함이 있어서 / 모자라서
29874,sig·nif·i·cant,no,,2,0,1,0,,,,,현저한 / 중요한
29903,unmaimed,yes,,2,0,1,0,,,,,사지가 멀쩡한 / 불구가 아닌
29915,fidgetingly,yes,,3,0,1,0,,,,,침착하지 못한 태도로 / 안절부절못하여 / 안달복달하여
30133,cancered,yes,,1,0,4,0,,,,,암에 걸린
30199,embosom,yes,,3,1,1,0,,,,,…을 둘러싸다 / 싸다 / 소중히 여기다
30374,decliner,yes,,1,0,3,0,,,,,거절하는 사람
30399,aspiratory,yes,,2,0,1,0,,,,,흡기의 / 호흡의
30548,composedness,yes,,3,0,1,0,,,,,침착함 / 차분함 / 평온
30561,kinesics,yes,,1,0,4,0,,,,,동작학
30562,conjunctional,yes,,3,0,1,0,,,,,접속사의 / 결합의 / 접속적인
30593,discreation,yes,,2,0,3,0,,,,,혼돈 상태로 만듦 / 절멸
30622,aestheticize,yes,,2,0,1,0,,,,,미화하다 / 아름답게 하다
30652,arthro,no,,1,0,1,0,,,,,「관절」의 뜻
30662,forthetimebeing,no,,3,0,1,0,,,,,당분간은 / 지금으로서는 / 우선은
30663,foolaround,no,,2,0,2,0,,,,,《속어》 빈둥거리며 세월을 보내다 / 펀둥펀둥 지내다
30664,findfaultwith,no,,3,0,1,0,,,,,~의 흠을 찾다 / ~을 나무라다 / 비난[탓]하다
30665,giveoff,no,,3,0,2,0,,,,,①[증기·빛·냄새 따위]를 내다 / 풍기다 / 발하다 ②[가지 따위]를 뻗다
30666,getahead,no,,2,0,1,0,,,,,① 출세하다 / 성공하다 ② 돈을 왕창 벌다; 빚을 청산하다
30683,soonkyue,no,,1,0,1,0,,,,,소녀시대 써니의본명
30689,waveringly,yes,,2,0,2,0,,,,,흔들리면서 / 갈팡질팡하여
30693,retrogradation,yes,,3,0,2,0,,,,,후퇴 / 퇴보 / 쇠퇴
30696,doudle,yes,,2,0,1,0,,,,,두배의 / 2중의
30710,optometer,yes,,3,0,1,0,,,,,시력 측정기 / 검안기 / 눈 굴절계
30717,itinerancy,yes,,3,0,2,0,,,,,순회 공연 / 순회가 필요한 직무 / 순회
30719,competitorship,yes,,1,0,1,0,,,,,경쟁자의 지위
30725,implead,yes,,3,0,3,0,,,,,고소하다 / 비난하다 / 기소하다
30727,acceptingly,no,,2,0,1,0,,,,,받아들여 / 인정하여
30729,miscommunicate,yes,,1,0,5,0,,,,,잘못 전달하다
30731,ventil,yes,,2,0,1,0,,,,,피스톤 / 활전
30745,creditials,no,,1,0,1,0,,,,,자격요건
30760,alterably,yes,,1,0,1,0,,,,,변경 가능하게
30770,footstone,yes,,3,0,2,0,,,,,무덤의 대석 / 받침돌 / 초석
30788,explicatory,yes,,3,0,1,0,,,,,해명적인 / 해설식 / 해설적인 표현
30795,discrepance,yes,,3,0,2,0,,,,,불일치 / 차이 / 어긋남
30812,Letterhood,no,letterwood,1,0,1,0,,,,,회사 편지지나 봉투
30905,uplight,yes,,2,0,2,0,,,,,업라이트 조명 / 윗 방향 조명
30953,broacher,yes,,3,0,1,0,,,,,발의자 / 제창자 / 브로치로 작업하는 사람
30976,seastrand,yes,,2,0,1,0,,,,,해변 / 해안
30977,rouster,yes,,2,0,1,0,,,,,갑판 인부 / 부두 노무자
30978,nervate,yes,,1,0,1,0,,,,,잎맥이 있는
30982,crimination,yes,,3,0,4,0,,,,,기소 / 고소 / 비난
30987,equivoque,yes,,3,0,1,0,,,,,애매한 표현 / 두 가지 뜻 / 재담
30999,flowingly,yes,,2,0,2,0,,,,,물 흐르듯 / 유창하게
31022,habitualness,yes,,2,0,1,0,,,,,습관적임 / 상습적임
31032,premotion,yes,,2,0,2,0,,,,,신에 의한 인간 행동의 사전 결정 / 미리 떠오르는 영감
31057,praemunire,yes,,3,0,1,0,,,,,교황 존신죄 / 그에 대한 영장 / 그 규문 영장
31059,hierodule,yes,,3,0,1,0,,,,,신전에서 부리는 노예 / 신전 전속 창녀 / 신전 노예
31074,meateater,no,,3,0,2,0,,,,,부패 경찰관 / 고기 먹는 사람 / 식충 식물
31079,trepidant,yes,,2,0,1,0,,,,,겁먹은 / 흠칫 놀란
31149,byturns,no,,3,0,1,0,,,,,차례로 / 교대로 / 번갈아
31150,bydegrees,no,,2,0,1,0,,,,,차츰 / 단계적으로
31151,fromtimetotime,no,,2,0,2,0,,,,,때때로 / 이따금
31152,getthrough,no,,3,0,1,0,,,,,① ~을 빠져 나가다[나가게 하다] / 통과하다[시키다]; ~에게[궁지 따위]를 벗어나게 하다 ②[일 따위]를 끝내다 / 완수하다; (~을) 졸업하다 ③ (시험 따위에) 합격하다[시키다]; (의안 따위가[를]) 통과되다[시키다] ④ [돈 따위]를 탕진하다;[음식물]을 깨끗이 비우다[먹어치우다] ⑤ [시간·계절 따위]를 그럭저럭 보내다 ⑥ ~에게 전화를 연결해주다 ⑦ 《美속어》 마약을
31153,regardlessof,no,,3,0,2,0,,,,,~에도 불구하고 / ~에 관계없이 / ~을 무시하고
31155,sennight,yes,,2,0,1,0,,,,,1주일 / 1주간
31181,hordein,yes,,1,0,1,0,,,,,호르데인
31187,rejectant,no,,1,0,1,0,,,,,기피제
31206,diarize,yes,,2,0,1,0,,,,,일기를 적다 / 일기에 쓰다
31218,damageable,yes,,2,0,1,0,,,,,손상되기 쉬운 / 손해를 입기 쉬운
31240,fallibleness,yes,,1,0,1,0,,,,,실수하기 쉬움
31251,pedestrianize,yes,,3,0,1,0,,,,,도보 여행을 하다 / 걷다 / 차량 통행을 금지 하다
31255,discreate,yes,,2,0,2,0,,,,,절멸시키다 / 근절하다
31265,inaugurator,yes,,3,0,2,0,,,,,개시자 / 취임자 / 창시자
31278,cacology,yes,,2,0,2,0,,,,,말의 오용 / 잘못된 발음
31280,prolocutor,yes,,3,0,1,0,,,,,의장 / 사회자 / 성직자 회의의 하원 의장
31286,bradypepsia,yes,,1,0,1,0,,,,,소화 불량
31287,eupepsia,yes,,2,0,1,0,,,,,소화 양호 / 소화 정상
31292,malison,yes,,1,0,1,0,,,,,저주
31293,maledictory,yes,,3,0,2,0,,,,,저주의 / 저주할 / 싫은
31295,retroaction,yes,,3,0,1,0,,,,,반동 / 역작용 / 역반응
31299,exoatmosphere,no,,1,0,1,0,,,,,외기권
31303,thanatoid,yes,,3,0,1,0,,,,,가사 의 / 치명적인 / 죽은 듯한
31370,establishable,yes,,1,0,1,0,,,,,규명할 수 있는
31413,capeline,yes,,2,0,1,0,,,,,부드럽고 폭 넓은 테가 있는 여성용 모자 / 모자 또는 보닛처럼 생긴 붕대
31415,ethnolinguistics,no,,1,0,2,0,,,,,민족 언어학
31423,skinking,yes,,3,0,1,0,,,,,싱거운 / 묶은 / 묽은
31429,glowfly,yes,,1,0,3,0,,,,,반딧불이
31437,officialism,yes,,3,0,1,0,,,,,관료주의 / 관청 방식 / 형식주의
31438,governmentese,no,,1,0,1,0,,,,,관청 용어
31444,pigling,yes,,2,0,2,0,,,,,새끼 돼지 / 어린 돼지
31447,geotherm,yes,,1,0,2,0,,,,,지열
31480,malorly,no,,3,0,1,0,,,,,극히 / 중대히 / 주로
31481,complimentarily,yes,,2,0,3,0,,,,,무료로 / 칭찬하여
31522,desuperheater,yes,,1,0,2,0,,,,,과열 저감기
31546,bibliograph,yes,,3,0,1,0,,,,,도서 목록을 붙이다 / 도서 목록을 작성하다 / 서지를 달다
31555,indiscrimination,yes,,3,0,3,0,,,,,무차별 / 분별 없는 행동 / 엉터리없는 짓
31556,distinguishment,yes,,3,0,1,0,,,,,차별 / 구별 / 식별
31573,almonry,yes,,3,0,1,0,,,,,자선품 분배소 / 자선품 분배인의 처소 / 구호금 분배소
31575,wharve,yes,,1,0,2,0,,,,,플라이휠
31613,stackup,no,,1,0,4,0,,,,,선회 비행
31664,ishmaelite,yes,,3,0,1,0,,,,,이스마엘족 / 방랑자 / 버림받은 자
31707,improvision,yes,,1,0,1,0,,,,,즉석
31712,doubtingly,yes,,3,0,1,0,,,,,의심하여 / 주저하여 / 망설여
31717,auditorily,yes,,1,0,1,0,,,,,청각적으로
31735,inapprehensive,yes,,3,0,1,0,,,,,알아채지 못하는 / 이해 못하는 / 이해력이 없는
31740,effable,yes,,2,0,3,0,,,,,설명할 수 있는 / 말할 수 있는
31743,frequentness,yes,,2,0,1,0,,,,,잦음 / 빈발
31751,preboard,no,reboard,1,0,1,0,,,,,정각 이전에 태우다
31759,postprocessor,no,,2,0,1,0,,,,,후처리 프로그램 / 포스트프로세서
31804,deaerator,yes,,3,0,3,0,,,,,탈기기 / 공기 분리기 / 공기 제거 장치
31805,demineralizer,no,demineralize,2,0,1,0,,,,,광물질 제거기 / 탈염 장치
31807,attemperator,yes,,1,0,2,0,,,,,보온기
31819,copartnery,yes,,2,0,1,0,,,,,파트너 관계 / 파트너들
31826,overdaring,no,overcaring,2,0,1,0,,,,,무모한 / 분별 없는
31835,sarcastical,yes,,5,0,4,0,,,,,빈정대는 / 비아냥거리는 / 야유하는 / 말 / 말투가]빈정대는
31841,reiterant,yes,,2,0,2,0,,,,,되풀이되는 / 반복하는
31845,endorsable,yes,,2,0,1,0,,,,,지지할 수 있는 / 배서할 수 있는
31883,defunctive,no,,2,0,3,0,,,,,고인의 / 장례식의
31890,plenish,yes,,3,0,2,0,,,,,보충하다 / …을 가득 채우다 / 넣다
31921,towardly,yes,,3,0,1,0,,,,,유망한 / 시기 적절한 / 유망하게
31924,cliometrics,no,,2,0,1,0,,,,,계량 경제사 / 클리오메트릭스
31962,cautioner,yes,,1,0,1,0,,,,,보증인
32021,sailboard,no,tailboard,2,0,1,0,,,,,소형 요트 / 발
32030,availably,yes,,2,0,1,0,,,,,구할 수 있게 / 시간이 있어서
32037,impressibleness,yes,,2,0,1,0,,,,,감동을 잘함 / 민감함
32046,undenied,yes,,1,0,1,0,,,,,부정되지 않은
32065,faintheart,yes,,3,0,2,0,,,,,겁쟁이 / 용기없는 / 소심한
32072,hemisect,yes,,3,0,1,0,,,,,2등분하다 / 똑같이 두 부분으로 자르다 / 반으로 자르다
32083,factorable,yes,,1,0,1,0,,,,,인수 분해할 수 있는
32086,brainstormer,no,,1,0,1,0,,,,,창조적 집단 사고 참가자
32092,advertisable,yes,,1,0,1,0,,,,,광고할 수 있는
32094,climbout,no,,1,0,2,0,,,,,이륙 직후의 급상승
32114,liquate,yes,,3,0,1,0,,,,,용리시키다 / 녹이다 / 용해하다
32241,encloser,yes,,1,0,3,0,,,,,에워싸는 사람
32262,misapprehensive,yes,,1,0,1,0,,,,,오해하기 쉬운
32268,conjecturable,yes,,1,0,4,0,,,,,추측할 수 있는
32270,pliably,yes,,1,0,1,0,,,,,유연하게|유순하게
32271,squalidity,yes,,1,0,1,0,,,,,지저분함|누추함|비열함
32276,outpoll,yes,,1,0,3,0,,,,,…보다 많은 표를 얻다
32284,idolatrize,yes,,3,0,1,0,,,,,숭배하다 / …에 심취하다 / 우상을 숭배하다
32298,deplenish,yes,,1,0,4,0,,,,,비우다
32307,exscind,yes,,2,0,2,0,,,,,…을 잘라내다 / 절제하다
32313,ergatocracy,yes,,1,0,2,0,,,,,노동자 정치
32315,elutriate,yes,,3,0,2,0,,,,,…을 씻어 깨끗이 하다 / 세광하다 / 경사하다
32316,dormeuse,no,dormouse,1,0,2,0,,,,,침대차
32327,seducible,yes,,1,0,1,0,,,,,유혹할 수 있는
32331,pluckless,yes,,1,0,1,0,,,,,용기 없는
32337,quackish,yes,,1,0,1,0,,,,,돌팔이 의사의|엉터리의
32338,seismical,no,,2,0,2,0,,,,,지진의|진동의|(정도가) 큰|심한 / 지진의
32339,extollment,yes,,1,0,1,0,,,,,격찬
32376,spottily,yes,,2,0,1,0,,,,,얼룩이 많이 져 / 반점이 있어
32379,neologian,yes,,2,0,1,0,,,,,신교리를 채택한 / 신 교리 지지자
32381,fangle,yes,,1,1,2,0,,,,,유행
32411,obsequy,yes,,2,0,5,0,,,,,장례식 / 매장식
32445,imploration,yes,,3,0,4,0,,,,,애원 / 간청 / 탄원
32485,fullfigured,no,,2,0,2,0,,,,,풍만한 / 큰 사이즈의
32488,gastroscopic,yes,,1,0,1,0,,,,,위경의
32529,repartraite,no,,1,0,1,0,,,,,본국으로 송환하다
32560,expugnable,yes,,3,0,1,0,,,,,정복할 수 있는 / 패배시킬 수 있는 / 취약한
32635,consenescence,yes,,3,0,1,0,,,,,노쇠 / 전체 쇠약 / 전신 쇠약
32639,dimorph,yes,,1,0,1,0,,,,,동질 이정의 한 결정형
32656,jerrican,no,,3,0,1,0,,,,,제리캔 / 주로 휘발유용 / 용기
32699,fleshpot,yes,,3,0,2,0,,,,,환락 / 미식 / 화류가
32723,drudgingly,yes,,3,0,2,0,,,,,단조로운 일을 힘들게 / 노예처럼 / 고되게
32728,ethnicism,yes,,3,0,4,0,,,,,민족성 중시주의 / 민족 분리주의 / 이교적 특징
32730,blushless,yes,,3,0,2,0,,,,,수치를 모르는 / 철면피의 / 염치없는
32742,overprescribe,no,,1,0,3,0,,,,,과잉 처방하다
32749,detectaphone,yes,,1,0,1,0,,,,,전화 도청기
32750,divertible,yes,,3,0,1,0,,,,,방향을 바꿀 수 있는 / 전용할 수 있는 / 다른 데로 돌릴 수 있는
32751,acumination,yes,,1,0,1,0,,,,,첨예화
32753,infirmatory,no,informatory,2,0,1,0,,,,,무효로 하는 / 약화시키는
32756,destitutely,yes,,2,0,1,0,,,,,극빈하여 / 궁핍하여
32757,delegatory,yes,,1,0,1,0,,,,,직권을 위임하는
32762,defrayer,yes,,1,0,1,0,,,,,돌려주는 사람
32765,sublessor,yes,,1,0,2,0,,,,,전대인
32766,forfeitable,no,,3,0,1,0,,,,,몰수당할 수 있는 / 상실할 / 몰수당할
32768,sleeken,yes,,2,0,1,0,,,,,매끈매끈하게 하다 / 예쁘게 다듬다
32769,disinflate,yes,,1,0,1,0,,,,,…의 인플레이션을 억제하다
32771,capsizable,no,,2,0,1,0,,,,,뒤집힐 수 있는 / 전복될 수 있는
32774,grievant,no,,1,0,2,0,,,,,불평 중재인
32778,dwindler,no,dwindle|swindler,1,0,1,0,,,,,발육이 나쁜 사람
32780,disseverance,yes,,2,0,1,0,,,,,분리 / 분할
32784,caloricity,yes,,1,0,1,0,,,,,온열력
32788,synesis,yes,,1,0,1,0,,,,,의미 구문
32793,comingle,yes,,1,0,2,0,,,,,혼합하다
32802,dissertational,yes,,1,0,1,0,,,,,논문의
32803,dissert,yes,,2,0,1,0,,,,,논하다 / 연설하다
32804,brashiness,yes,,2,0,1,0,,,,,잘 부스러짐 / 잘 부러짐
32806,revertant,no,,2,0,1,0,,,,,귀선 유전한 것 / 귀선 유전한
32807,lullingly,yes,,1,0,1,0,,,,,달래는 듯이
32809,serendipper,no,,1,0,1,0,,,,,뜻밖의 행운을 발견하는 사람
32810,kneader,yes,,2,0,1,0,,,,,빵을 빚어 만드는 사람 / 빵장수
32812,chauvinistically,yes,,2,0,1,0,,,,,맹목적 애국주의자같이 / 남성우월주의자같이
32813,unsordid,yes,,3,0,1,0,,,,,궁색하지 않은 / 초라하지 않은 / 천하지 않은
32818,anemically,no,,2,0,1,0,,,,,빈혈로 / 무기력하게
32819,averseness,yes,,2,0,1,0,,,,,싫어함 / 반대함
32820,aversively,no,,2,0,1,0,,,,,혐오하여 / 기피하여
32822,delectate,yes,,2,0,3,0,,,,,기쁘게 하다 / 매료하다
32826,digressional,yes,,2,0,1,0,,,,,주제를 벗어난 / 여담의
32831,defusion,yes,,1,0,1,0,,,,,충동 분리
32832,desecrater,yes,,3,0,1,0,,,,,모독자 / 신성을 빼앗는 것 / 모독하는 것
32834,heftily,yes,,3,0,2,0,,,,,장대하게 / 크고 무겁게 / 세게
32835,splurk,no,splurt,2,0,2,0,,,,,괴롭히다 / 귀찮게 굴다
32837,transfuser,yes,,2,0,1,0,,,,,수혈하는 사람 / 주입하는 사람
32838,inconsecutive,yes,,3,0,1,0,,,,,일관성이 없는 / 연속적이 아닌 / 연결이 되지 않는
32842,irremissible,yes,,3,0,3,0,,,,,면할 수 없는 / 용서할 수 없는 / 회피할 수 없는
32843,remissible,yes,,3,0,2,0,,,,,면죄될 수 있는 / 용서할 수 있는 / 면제할 수 있는
32845,concededly,yes,,3,0,1,0,,,,,명백히 / 분명히 / 명백하게
32846,conceder,yes,,1,0,1,0,,,,,양보자
32848,disentwine,yes,,2,0,2,0,,,,,해결하다 / 풀다
32850,corpulentness,yes,,1,0,1,0,,,,,뚱뚱함
32852,irrevocability,yes,,1,0,2,0,,,,,변경 불능성
32853,unsteadfast,yes,,3,0,2,0,,,,,확고하지 않은 / 끊임없이 유동하는 / 확고하지 못한
32856,hypochondriacally,yes,,2,0,1,0,,,,,심기증으로 / 심기증에 걸려
32857,contusive,yes,,1,0,1,0,,,,,타박상의
32858,contusioned,yes,,1,0,1,0,,,,,좌상을 입은
32859,hereditable,yes,,3,0,1,0,,,,,상속할 수 있는 / 상속할 수 있는 재산 / 유전성인
32860,hereditability,yes,,1,0,1,0,,,,,상속 가능성
32864,vandalic,yes,,3,0,1,0,,,,,예술을 파괴하는 / 반달족의 / 야만스러운
32865,unsight,yes,,3,1,1,0,,,,,살펴보지 않은 / 보지 않은 / 조사하지 않은
32870,filiale,no,filial|filiate,1,0,1,0,,,,,자회사
32875,confrontal,yes,,3,0,1,0,,,,,직면 / 대면 / 대립
32877,involvedly,yes,,1,0,1,0,,,,,복잡하게
32879,contradictable,yes,,2,0,1,0,,,,,반박할 수 있는 / 부인할 수 있는
32881,conformability,yes,,2,0,3,0,,,,,순응 / 일치
32883,unperforated,yes,,3,0,1,0,,,,,구멍이 뚫어지지 않은 / 절취선이 없는 / 뚫린 구멍이 없는
32884,hithermost,yes,,1,0,1,0,,,,,가장 가까운
32886,temporization,yes,,3,0,1,0,,,,,시간 벌기 / 타협 / 일시적 모면
32888,purloiner,yes,,2,0,1,0,,,,,절도범 / 절취자
32892,eulogizer,yes,,1,0,1,0,,,,,찬미자
32893,distendedly,yes,,2,0,1,0,,,,,팽창하여 / 부풀어
32894,conjugably,no,conjugable|conjugally,1,0,1,0,,,,,활용할 수 있게
32896,circumventive,yes,,2,0,2,0,,,,,회피하는 / 선수를 치는
32900,circumgyrate,yes,,3,0,1,0,,,,,회전하다 / 빙글빙글 돌다 / 선회하다
32901,expunger,yes,,1,0,1,0,,,,,지우는 사람
32902,entrencher,no,intrencher,2,0,1,0,,,,,땅을 파는 도구 / 지형을 바꿀 수 있는 무기
32908,conjecturer,yes,,1,0,1,0,,,,,추측하는 사람
32909,recountal,yes,,3,0,1,0,,,,,상설 / 상술 / 자세한 이야기
32914,hoardingly,no,,1,0,1,0,,,,,비축하여
32918,combustively,no,,2,0,1,0,,,,,연소하여 / 연소성으로
32920,radiately,yes,,2,0,1,0,,,,,사출하여 / 방사상으로
32921,unpleasantry,yes,,3,0,1,0,,,,,불쾌한 사건 / 불쾌한 평 / 모욕
32925,emanative,yes,,3,0,1,0,,,,,발산하는 / 발산성의 / 발산의
32926,edifyingly,yes,,2,0,1,0,,,,,의식 고양적으로 / 교화적으로
32927,detachability,yes,,2,0,1,0,,,,,떼어낼 수 있음 / 분리 가능성
32934,zoophilous,yes,,3,0,1,0,,,,,동물에 의해 수분되는 / 동물을 먹는 / 동물 매개의
32948,engrain,yes,,3,0,3,0,,,,,깊이 배어든 / 뿌리 깊은 / 깊이 배게 하다
32954,lookinto,no,,1,0,2,0,,,,,① ~의 속을 들여다보다 ② ~을 주의깊게 살피다; ~을 조사[연구]하다 ③ 《구어》 ~에 잠깐 들르다
32955,thanksto,no,,2,0,3,0,,,,,~의 덕택에 / ~때문에
32957,ablessingindisguise,no,,2,0,1,0,,,,,괴롭지만 이익이 되는 경험 / 불행처럼 보이나 실은 고마운 것
32959,aheadof,no,,3,0,3,0,,,,,① ~의 앞을[에 / 으로] ② ~보다 앞서서 / ~보다 나은[뛰어난] ③ ~보다 유리한 입장에
32960,makeonesday,no,,1,0,2,0,,,,,《반어적》 ~을 즐겁게 하다
32961,beattachedto,no,,1,0,2,0,,,,,~에 애착[애정]을 가지다; ~에 소속[부속]하다
32962,beheadedfor,no,,1,0,2,0,,,,,~으로 향하다
32969,besubjectedto,no,,1,0,1,0,,,,,~을 받다[당하다
32970,unlessotherwiseagreed,no,,1,0,1,0,,,,,별도 합의된 사항이 없으면
32971,brightandbreezy,no,,1,0,2,0,,,,,쾌활한
32972,makeaface,no,,1,0,2,0,,,,,얼굴을 찌푸리다; 침울한 표정을 짓다; 혐오·비웃음을 표시하거나 사람을 웃기기 위해 얼굴을 우스운 표정으로 일그러뜨리다
32975,afraidofonesownshadow,no,,1,0,2,0,,,,,제 그림자에 제가 놀라는: 몹시 겁내는; 무서워하는: 언제나 흠짓흠짓 겁을 먹는: 의구심이 많은
32981,pococurante,yes,,2,0,2,0,,,,,무관심한 / 태평한
32988,autography,yes,,3,0,7,0,,,,,자필로 쓰기 / 필적 / 자필 문서
33025,foolhardily,yes,,1,0,1,0,,,,,무모하게
33029,prognose,yes,,2,0,3,0,,,,,예측하다 / 예지하다
33030,ripost,yes,,3,0,2,0,,,,,재빠른 되찌르기 / 재빨리 되받아 찌르다 / 재빠른 응수
33054,bylow,no,balow|below|blow|bylaw,1,0,1,0,,,,,대형의 주머니칼
33055,corporatize,no,corporative,2,0,1,0,,,,,대기업체로 발전시키다 / 법인 단체의 관할하에 들어오게 하다
33062,unstitch,yes,,3,0,2,0,,,,,…의 솔기를 풀다 / 풀다 / 따내다
33085,liberationism,yes,,1,0,1,0,,,,,국교 폐지론
33110,scaleback,yes,,3,0,1,0,,,,,일정 비율의 삭감 / …을 비율에 따라 증강하다 / …의 규모를 축소하다
33118,creeky,yes,,1,0,1,0,,,,,작은 만이 많은
33120,hypothesist,yes,,1,0,1,0,,,,,가설을 세우는 사람
33123,inapparent,yes,,3,0,1,0,,,,,분명하지 않은 / 불현성의 / 불분명한
33135,ecoactivist,no,,1,0,2,0,,,,,환경 보호 운동가
33164,omphacite,yes,,3,0,1,0,,,,,옴파사이트 / 옴파스휘석 / 녹휘석
33181,advancedcountry,no,,1,0,1,0,,,,,선진국; 외교 사절
33182,act up,yes,,1,0,1,0,,,,,기능이 악화되다
33183,activevolcano,no,,1,0,1,0,,,,,활화산
33184,absenteevote,no,,1,0,1,0,,,,,부재자 투표
33185,abovepar,no,,1,0,1,0,,,,,액면 이상의
33196,lightplane,no,,1,0,1,0,,,,,경비행기
33215,incumber,yes,,3,0,1,0,,,,,지우다 / 방해하다 / 거치적거리게 하다
33220,scaeless,no,scaleless|scapeless|scarless,1,0,1,0,,,,,껍질이 없는
33222,paleobiologist,yes,,1,0,1,0,,,,,순고생물학자
33227,californicate,no,,1,0,1,0,,,,,경관을 해치다
33239,iatrochemistry,yes,,2,0,1,0,,,,,치료 화학 / 의화학
33243,kinesic,yes,,1,0,1,0,,,,,동작학의
33267,abscondence,yes,,3,0,3,0,,,,,도망 / 도주 / 잠적
33295,suspectful,yes,,1,0,1,0,,,,,의심스러운
33303,feeze,yes,,3,0,2,0,,,,,놀람 / …을 당황하게 하다 / 돌진
33305,diffidentness,yes,,2,0,1,0,,,,,조심스러움 / 소심함
33307,aswellas,no,,2,0,1,0,,,,,① ~에 더하여 / 게다가 ② ~과 마찬가지로 잘
33308,evenif,no,,2,0,2,0,,,,,(비록) ~일지라도 / (설사) ~이라고 할지라도
33313,fabler,yes,,2,0,2,0,,,,,우화 작가 / 거짓말쟁이
33331,unwill,yes,,3,0,1,0,,,,,…에 관하여 의지를 뒤집다 / …의 의지를 빼앗다 / …의 반대를 표명하다
33336,beachcomb,yes,,2,0,1,0,,,,,부두에서 건달로 지내다 / 부두에서 떠돌이로 헤매다
33368,philic,no,philip|phylic,1,0,1,0,,,,,「…을 좋아하는」의 뜻
33372,conferential,yes,,1,0,1,0,,,,,회의의
33412,overgraze,yes,,2,0,7,0,,,,,…에 지나치게 많이 방목하다 / 죄다 먹어 치우게 하다
33414,euphobia,no,euphonia|euphorbia|euphoria,2,0,1,0,,,,,길보 공포 / 길보 공포증
33431,overcentralization,yes,,2,0,2,0,,,,,과도한 중앙 집권화 / 지나친 집중
33432,fabricative,yes,,2,0,1,0,,,,,제작할 줄 아는 / 제작에 관심이 있는
33448,ambiguousness,yes,,1,0,5,0,,,,,애매모호함
33470,ephebic,yes,,1,0,2,0,,,,,청년시민의
33557,predefine,yes,,1,0,5,0,,,,,미리 정하다
33579,gastronomer,yes,,2,0,1,0,,,,,미식가 / 음식에 정통한 사람
33581,flounderingly,yes,,3,0,2,0,,,,,허둥대며 / 당황하여 / 허우적거리며
33594,battailous,yes,,1,0,1,0,,,,,호전적인
33600,defease,yes,,2,0,3,0,,,,,무효화하다 / 파기하다
33610,allcomers,no,,2,0,1,0,,,,,찾아오는 사람 모두 / 불시에 참가하는 사람
33685,stinkard,yes,,2,0,1,0,,,,,냄새나는 사람 / 치사한 녀석
33747,unbeautified,yes,,1,0,1,0,,,,,아름다워지지 않은
33764,wowwing,no,,1,0,1,0,,,,,열광시키는
33767,posterization,no,,1,0,1,0,,,,,포스터리제이션
33815,unsevered,yes,,2,0,1,0,,,,,잘리지 않은 / 잘라 분리되지 않은
33819,microalloy,no,,1,0,1,0,,,,,미세합금
33832,pororoca,yes,,1,0,1,0,,,,,포로로카 - 아마존 강 하구에 크게 일어나는 조수 대범람
33842,subvene,yes,,1,0,1,0,,,,,도움이 되다
33844,halvies,no,halves,2,0,1,0,,,,,절반 / 절반씩 나누기
33846,enorm,yes,,1,0,1,0,,,,,방대한
33869,perceptualization,no,,1,0,1,0,,,,,지각화
34047,aquafarm,no,,2,0,1,0,,,,,양식장 / 양어장
34211,plaided,yes,,1,0,2,0,,,,,격자무늬의
34236,fomulate,no,formulate,1,0,1,0,,,,,만들어내다
34311,slipslop,yes,,3,0,1,0,,,,,싱거운 음식 / 무의미한 이야기 / 말의 오용
34333,incovenience,no,inconvenience,2,0,1,0,,,,,(특히 자신의 필요・바람에 맞지 않아서 생기는) 불편 / 애로
34357,consilient,yes,,1,0,1,0,,,,,일치하는
34359,approprite,no,appropriate,2,0,1,0,,,,,적절한 / 적합한
34364,snowslide,yes,,1,0,2,0,,,,,눈사태
34399,fantasticate,yes,,1,0,1,0,,,,,환상적으로 하다
34401,wowan,no,cowan|gowan|iowan|lowan|rowan|sowan|towan|woan|woman,1,0,1,0,,,,,여자
34414,banthine,no,anthine|ianthine|xanthine,1,0,1,0,,,,,밴신
34458,pedestrain,no,pedestrian,3,0,1,0,,,,,보행의 / 도보의 / 평범한
34459,allegorism,yes,,2,0,1,0,,,,,풍유 / 우의적인 해석
34551,perfectist,yes,,1,0,1,0,,,,,완벽주의자
34557,tuckin,no,tucking,2,0,2,0,,,,,진수 성찬 / 걸어지르는 부분
34566,lapbelt,no,,1,0,2,0,,,,,허리를 잡아매는 좌석 벨트
34571,iretrievable,no,irretrievable|retrievable,2,0,1,0,,,,,돌이킬수 없는 / 회복할수 없는
34577,outstretch,yes,,3,1,8,0,,,,,…을 펴다 / 뻗다 / 확장하다
34579,audioguide,no,,1,0,1,0,,,,,음성 안내
34631,belongto,no,,1,0,4,0,,,,,① ~에 속하다; ~의 소유이다 ②~에 알맞다; ~의 지지자[신봉자]이다
34638,well-off,yes,,2,0,1,0,,,,,부유한 / 형편이 좋은
34639,to and fro,yes,,2,0,1,0,,,,,이리저리 / 왔다 갔다
34641,setout,yes,,3,1,3,0,,,,,한 벌 / 출발 / 진열
34642,autonym,yes,,2,0,2,0,,,,,본명 / 실명
34661,foroneself,no,,2,0,1,0,,,,,① 남에게 의지하지 않고 / 혼자 힘으로 ② 자기를 위하여
34663,foralongtime,no,,2,0,1,0,,,,,오랫동안 / 장기간
34664,infavorof,no,,2,0,5,0,,,,,① ~에 찬성[지지]하여 ② ~의 이익이 되도록 / ~을 위하여 ③ 〈상업〉 (수표 따위가) ~의 앞으로 발행된
34666,oneafteranother,no,,1,0,1,0,,,,,잇따라서
34667,putaway,no,cutaway,5,0,2,0,,,,,① ~을 치우다 / 간수하다 ② ~을 비축하다 ③[생각·버릇 따위]를 포기하다 / 버리다 ④ 《고어》 ~와 이혼하다 ⑤ 《구어》 ~을 먹다 / 먹어치우다 ⑥ 《구어》 《종종 수동형으로》 (감옥·정신 병원에) ~을 집어넣다 / 격리하다 ⑦ 《속어》[(병든) 동물 따위]를 안락사시키다;[사람]을 죽이다;[죽은 사람]을 매장하다 ⑧ 《속어》 ~을 저당잡히다 ⑨ 《속어》 (경기에서)[상대
34668,onebyone,no,,1,0,1,0,,,,,하나[한 사람]씩 (차례로)
34669,getlost,no,,2,0,1,0,,,,,① 길을 잃다; 어찌할 바를 모르다; 분실하다 ② 《명령문에서》 《美속어》 (썩) 꺼져버려[나가라]! / 입닥쳐!
34671,standfor,no,,2,0,2,0,,,,,① ~을 상징하다 / 의미하다 ② ~을 대표[대리]하다 ③ 《英》 (국회 의원 등에) 입후보하다
34672,keepinmind,no,,2,0,1,0,,,,,~을 마음에 담아두다 / 잊지 않고 있다
34673,byoneself,no,,2,0,1,0,,,,,① 혼자서 / 외톨이로 ② 혼자 힘으로
34674,infrontof,no,,2,0,4,0,,,,,~의 앞에; ~의 정면에 / 앞면에
34677,beforelong,no,,3,0,1,0,,,,,오래지[머지] 않아 / 얼마 후 / 이윽고
34678,notanylonger,no,,1,0,1,0,,,,,이젠 ~않다
34681,inthedistance,no,,1,0,1,0,,,,,먼 곳에
34683,aboveall,no,,2,0,1,0,,,,,특히 / 무엇보다도
34684,onandon,no,,2,0,2,0,,,,,계속하여 / 쉬지 않고
34686,handinhand,no,,3,0,1,0,,,,,손을 마주잡고 / 제휴하여 / 협력하여
34687,introuble,no,untrouble,5,0,1,0,,,,,① 곤경에 빠져서 / 난처하여 / 말썽이 나서 ② 꾸지람 듣고 / 벌받아 / 검거되어 ③ 《구어》 (미혼 여성이) 임신하여
34688,outofsight,no,,2,0,3,0,,,,,① 보이지 않는 곳에; 먼 곳에 ② (물건 값·표준이) 매우[터무니없이] 높은 ③ 훨씬 ④ 《美속어》 뛰어난 / 멋진
34689,ontheotherhand,no,,2,0,2,0,,,,,다른 한편으로는 / 반면에
34692,makefunof,no,,1,0,2,0,,,,,~을 놀려대다
34693,onceuponatime,no,,2,0,1,0,,,,,《옛날 이야기의 첫머리에》 옛날 옛적에 / 먼 옛날에
34694,cometrue,no,,2,0,2,0,,,,,(예언·예감 따위가) 적중하다 / 사실로 되다; (꿈 따위가) 현실화 되다
34697,takepartin,no,,2,0,1,0,,,,,~에 참여[참가]하다 / 가담하다; 협력하다
34698,carefor,no,,1,0,2,0,,,,,① ~을 좋아하다[바라다
34699,inadvance,no,,2,0,1,0,,,,,① 앞쪽에; 선두에 서서 ② 미리 / 사전에 ③ 선금으로
34701,sidebyside,no,,2,0,1,0,,,,,① 나란히; 막상막하로 ② 결탁하여 / 협력하여
34703,kitcthen,no,kitchen,1,0,1,0,,,,,1.주방
34704,princce,no,prince,1,0,1,0,,,,,1.왕자 또는 남을 위하는 사람
34706,ldea,no,edea|idea|lea|leda,1,0,1,0,,,,,생각
34713,overweigh,yes,,3,0,5,0,,,,,압박하다 / …을 능가하다 / …보다 뛰어나다
34719,ineducable,yes,,2,0,1,0,,,,,교육할 수 없는 / 교육 불가능한
34722,celedrate,no,celebrate,1,0,1,0,,,,,축하하다
34736,mailperson,no,,1,0,1,0,,,,,우편 집배원
34801,overfish,yes,,3,0,3,0,,,,,남획하다 / 물고기를 남획하다 / 물고기의 남획을 하다
34803,beinterestedin,no,,1,0,1,0,,,,,~에 관심[흥미]이 있다
34804,keepsomethingasecret,no,,1,0,1,0,,,,,어떤 일을 비밀로 하다
34806,lessthan,no,,2,0,4,0,,,,,① 《수사와 함께》 ~보다 적은 ② 오히려 ~이 아니다 / 결코 ~않다
34821,exaggerative,yes,,3,0,2,0,,,,,과장적인 / 과대한 / 침소봉대의
34846,frictionize,yes,,1,0,1,0,,,,,마찰로 …에 작용하다
34847,fractionize,yes,,3,0,1,0,,,,,세분하다 / 작게 나누다 / 분수로 나누다
34849,electee,yes,,1,0,2,0,,,,,선출된 사람
34852,grith,yes,,3,0,1,0,,,,,안전한 장소 / 안전 / 평화
34853,testification,yes,,3,0,1,0,,,,,증언 / 증명하기 / 증거
34887,unfeared,yes,,2,0,1,0,,,,,무섭지 않은 / 두렵지 않은
34912,sudser,no,sudder,2,0,1,0,,,,,거품 이는 것 / 멜로 드라마
34921,gruntingly,yes,,2,0,3,0,,,,,꿀꿀거리며 / 끙 앓는 소리를 하며
34926,solate,yes,,1,0,1,0,,,,,졸화하다
34934,membral,yes,,1,0,1,0,,,,,구성원의
34939,pikelet,yes,,2,0,1,0,,,,,어린 강꼬치고기 / 핫케이크의 일종
34962,handoverhand,no,,1,0,1,0,,,,,손을 옮겨가며; 두손을 번갈아; 손을 번갈아(몇 번이나)[움직여서
34964,inplainsight,no,,1,0,1,0,,,,,앞이 (가리는 것이 없이) 잘 보여
34967,goaway,no,,4,0,1,0,,,,,① 가버리다; 떠나다; (시골 따위에) 틀어박히다 ② 도망치다 / 도주하다 ③ 《부정문에서》 (문제 따위가) 사라지다 / 풀리다 ④  (고통 따위가) 가시다 / (설사 따위가) 낫다; (꿈·냄새 따위가) 사라지다 ⑤  신혼 여행을 가다 ⑥ 《구어》 《감탄사적》 바보 같은 소리 마라
34982,inchargeof,no,,3,0,1,0,,,,,① ~을 맡아서 / 담당해서 ② ~에게 맡겨져 / 위탁되어
35072,cowinner,no,,2,0,1,0,,,,,공동 수상자 / 공동 우승자
35152,runover,yes,,3,0,1,0,,,,,다음 면 등으로 넘어가서 끝난 부분 / 넘기는 부분 / 이월분
35153,nonremovable,no,,1,0,1,0,,,,,제거 할 수 없는
35166,hummimgbird,no,hummingbird,1,0,1,0,,,,,벌새
35171,tollage,yes,,3,0,1,0,,,,,사용료 / 통행세 / 그 징수
35173,evolutionally,yes,,2,0,1,0,,,,,진화하여 / 점진적으로
35182,becomprisedof,no,,2,0,1,0,,,,,~으로 구성되다 / ~으로 이루어지다
35183,feellike,no,eellike,1,0,1,0,,,,,① ~한 느낌이 있다
35184,inspiteof,no,,2,0,2,0,,,,,~에도 불구하고 / ~을 무릅쓰고
35192,giveatouchofropesend,no,,1,0,1,0,,,,,채찍으로 치다; 벌하다
35208,couragerous,no,courageous,1,0,1,0,,,,,화학적 반응
35209,athltic,no,athletic,1,0,1,0,,,,,운동선수
35237,washaway,yes,,3,0,2,0,,,,,① 깨끗이 씻다 / 씻어 없애다 ② 《美속어》 없애다 / 죽이다
35239,indulgency,yes,,3,0,1,0,,,,,탐닉 / 방종 / 욕망의 만족
35242,introductive,yes,,3,0,2,0,,,,,소개의 / 서두의 / 서문의
35253,windbort,no,windbore,1,0,1,0,,,,,윈드볼트-초록빛 바람
35256,superscale,no,,1,0,1,0,,,,,초대형[의
35266,duty-bound,yes,,1,0,1,0,,,,,의무에 얽매인
35289,mainstreamer,no,,1,0,1,0,,,,,주류파의 사람
35321,transvest,yes,,1,0,1,0,,,,,이성의 옷을 입다
35322,spright,no,sprighty|stright|upright,3,0,1,0,,,,,요정 / 스프라이트 / 작은 요정
35344,insignificancy,yes,,3,0,1,0,,,,,무의미 / 대수롭지 않은 사람 / 하찮은 것
35362,tridaily,yes,,3,0,1,0,,,,,1일 3회의 / 3일 1회의 / 3일에 한 번의
35364,unremitted,yes,,3,0,1,0,,,,,면제되지 않은 / 용서되지 않은 / 꾸준한
35417,unreasonble,no,unreasonable,2,0,1,0,,,,,불합리한 / 무리한
35422,knucklebone,yes,,3,0,1,0,,,,,손가락관절의 뼈 / 지골 / 무릎 도가니
35447,suntain,no,sustain,1,0,1,0,,,,,볕에타기
35459,popcicle,no,,1,0,1,0,,,,,아이스케잌
35461,tebbybear,no,,1,0,1,0,,,,,아기곰인형
35463,skateboartsnake,no,,1,0,1,0,,,,,스케이트보드
35467,pencill,no,pencil|pennill,1,0,1,0,,,,,연필
35488,lioncub,no,,1,0,1,0,,,,,새끼사자
35494,attaintment,yes,,2,0,1,0,,,,,달성 / 도달
35502,coevolve,no,convolve|corevolve,1,0,2,0,,,,,공진화하다
35508,advergame,no,,1,0,1,0,,,,,광고 메시지와 영상이 담긴 웹 컴퓨터 게임
35531,dblivion,no,oblivion,1,0,1,0,,,,,망각
35572,frawn,yes,,1,0,1,0,,,,,화난
35599,overfulfill,no,,1,0,1,0,,,,,초과하여달성하다
35601,drdicated,no,,1,0,1,0,,,,,헌신하다
35602,takeawalk,no,,2,0,2,0,,,,,① 산책하다 ② 《구어》 갑자기 걸어나가다 / 퇴장하다; 파업에 들어가다
35624,loathful,yes,,3,0,3,0,,,,,마지못해 하는 / 꺼리는 / 싫은
35628,smallage,yes,,1,0,1,0,,,,,셀러리
35633,comeupto,no,,2,0,1,0,,,,,① ~에 달하다 ② ~에게 말을 걸다 ③ (질·양 따위가) ~와 비슷하다 / ~에 필적하다;[기대·기준 따위]에 어긋나지 않다
35636,putupwith,no,,2,0,1,0,,,,,~을 참다 / 참고 견디다
35637,nearathand,no,,1,0,1,0,,,,,가까이에; 머지않아
35638,takeintoaccount,no,,3,0,1,0,,,,,~을 고려하다 / 참작하다 / 계산에 넣다
35639,puttogether,no,,4,0,1,0,,,,,①[부분·요소]를 모으다 / 짜맞추다 / 구성하다;[손]을 합장하다 ② ~을 종합하다 / 합계하다; 편집하다 ③ ~을 결혼시키다
35641,indanger,no,endanger,1,0,1,0,,,,,위험에 직면해서; 위독해서
35642,allthetime,no,,2,0,1,0,,,,,① 그 동안 내내 ② 언제나 / 쉬지 않고
35643,makeadifference,no,,3,0,2,0,,,,,① 차별을 두다 ②변화를 가져오다 / 차이를 낳다 / 영향을 주다; 중요하다; 플러스[도움]가 되다
35644,setfree,no,,2,0,1,0,,,,,~을 자유의 몸이 되게 하다 / 해방[석방]하다
35646,pointto,no,,1,0,1,0,,,,,~을 지적하다; ~의 증거가 되다
35647,onceinawhile,no,,2,0,2,0,,,,,때때로 / 이따금
35648,gothrough,no,,8,0,1,0,,,,,① ~을 통과하다 / 빠져 나가다; ~에 스며들다 ② (법안 따위가) 의회를 통과하다 / 가결되다 ③[과정·수속 따위]를 마치다 / 밟다;[의식 따위]를 행하다; (협상·거래 따위가) 매듭지어지다 / 끝나다 ④ [고생 따위]를 경험하다 / 겪다 / ~에 견디다 ⑤  (세밀히) ~을 조사[검토 / 검사]하다 ⑥ ~을 다 써버리다; (옷·신발 따위가) 해지다 ⑦ (책이) 판을 거듭하다 ⑧ (신청·계획
35649,totellthetruth,no,,2,0,1,0,,,,,사실은 / 사실대로 말한다면
35651,neckandneck,no,,2,0,1,0,,,,,(경마에서) 목을 나란히 하여; 비등하게 / 엇비슷하게
35652,takeforgranted,no,,2,0,1,0,,,,,① ~을 당연한 일로[의문의 여지가 없다고] 생각하다 ②[소유물·권리 따위]를 당연한 일로 생각하고 돌보지 않다 / 경시하다
35654,inthosedays,no,,1,0,1,0,,,,,그 때[당시]는
35664,aknifeandfork,no,,1,0,1,0,,,,,(식사용의) 한 벌의 나이프와 포크; 식사
35671,ancester,no,ancestor,1,0,1,0,,,,,뜻이 없어요
35689,jeum,no,geum|jem|jerm|meum,1,0,1,0,,,,,지음
35691,tietogether,no,,2,0,1,0,,,,,(생각 따위가) 일치하다; ~을 묶다 / 강하게 결부시키다
35692,fewandfarbetween,no,,1,0,1,0,,,,,아주 드물게
35693,cannothelpbutdo,no,,1,0,1,0,,,,,~하지 않을 수 없었다.
35707,microangstrom,yes,,1,0,1,0,,,,,마이크로옹스트롬
35709,pedobaptist,yes,,1,0,1,0,,,,,유아 세례론자
35711,maryknoller,no,,1,0,1,0,,,,,메리놀 회원
35712,circumciser,yes,,2,0,2,0,,,,,포경 수술을 하는 사람 / 할례를 실시하는 사람
35714,bachelorism,yes,,3,0,1,0,,,,,독신 / 독신 생활 / 독신자 기질
35716,radiostrontium,no,,2,0,1,0,,,,,방사성 스트론튬 / 스트론튬 90
35731,expencive,no,expensive,1,0,1,0,,,,,비싼
35752,elvolve,no,evolve,1,0,1,0,,,,,진화하다
35792,enoughisenough,no,,1,0,1,0,,,,,《구어》 이제 됐다!; 그쯤 해둬
35794,noteven,no,,1,0,1,0,,,,,《美속어》 전연 ~아니다; ~조차 않다
35795,slimdown,no,,1,0,1,0,,,,,① (절식하여) 마르다 ② ~의 규모를 줄이다; (기업의) 경비를 절감하다
35796,justabout,no,,4,0,1,0,,,,,《구어》 ① (수사·형용사·과거분사 앞에서》 거의 / 그런 대로 / 간신히 ② 《강조: 명사·동사·형용사 앞에서》 틀림없이 / 확실히
35797,workoff,no,,5,0,1,0,,,,,① (운동을 해서)[군살 따위]를 빼다 / 없애다; (일해서) ~을 끝내다 / 마무르다 ②[분노 따위]를 발산하다 / 풀다 ③ (교묘하게) ~을 억지로 시키다[떠맡기다]; 《美구어》 《재귀용법으로》 ~을 가장하다 ④ (아픔 따위가) 차츰 가시다 / 없어지다
35798,notexactly,no,,1,0,1,0,,,,,① 《부분부정》 반드시[꼭] ~하지는 않다[~은 아니다] ② 《구어》 ~은 아니나[지만
35799,grinfromeartoear,no,,1,0,1,0,,,,,입을 쩍 벌리고 싱글싱글 웃다
35800,comealongway,no,,1,0,1,0,,,,,크게 발전[진보]하다; (사람이) 건강해지다; 출세하다
35801,beoneself,no,,2,0,1,0,,,,,① 정상이다 / 자제하다 ② 자연스럽게 거동하다
35802,goalong,no,,2,0,1,0,,,,,① 앞으로 나아가다 / 앞서가다 ② 《명령형으로》 그만둬; 꺼져; 어리석은 소리 마라
35803,toomuchofagoodthing,no,,3,0,1,0,,,,,(너무 고마워서 / 너무 좋아서) 곤혹스러운 일 / 난처한 일
35804,howcouldyoudo,no,,1,0,1,0,,,,,《구어》 어쩌면 그럴 수 있어[~할 수 있어]?
35805,justso,no,justo,2,0,1,0,,,,,① 바로 그대로 ② 깔끔히 치워져 ③ 신중하게 ④ 《접속사적》 ~이면 / ~조건으로
35810,paryer,no,parer|parker|parser|parter|payer|prayer|pryer,2,0,1,0,,,,,기도문구 / 기도
35817,depollute,no,repollute,1,0,2,0,,,,,…의 오염을 제거하다
35830,tummyache,no,,2,0,3,0,,,,,배아픔 / 복통
35833,sweather,no,aweather|sheather|swather|sweater|weather,1,0,1,0,,,,,스웨터
35834,slove,no,clove|glove|love|scove|shove|slave|slive|sloe|sloke|slone|slope|slote|sloven|solve|stove,1,0,1,0,,,,,풀다
35835,staduim,no,stadium,1,0,1,0,,,,,경기장
35836,skycraper,no,skyscraper,1,0,1,0,,,,,초고층 빌딩
35837,immerge,yes,,3,1,5,0,,,,,뛰어들다 / 가라앉다 / 사라지다
35839,floatel,no,floater,1,0,1,0,,,,,수상 호텔
35841,antifriction,yes,,3,0,1,0,,,,,감마재 / 감마의 / 윤활재
35842,poeticism,yes,,2,0,1,0,,,,,시적 어법 / 고풍스러운 표현
35854,shrimpboat,no,,2,0,1,0,,,,,슈림프보트 / 새우잡이 어선
35857,resitance,no,hesitance|resistance,1,0,1,0,,,,,저항
35879,chickabiddy,yes,,3,0,1,0,,,,,아기 / 병아리 / 귀여운 아이
35883,leaptoonesfeet,no,,2,0,1,0,,,,,(기뻐·놀라) 뛰어오르다 / 벌떡 일어서다
35884,inthecourseoftime,no,,2,0,1,0,,,,,머지않아 / 이윽고
35886,underthecoverof,no,,3,0,1,0,,,,,① ~의 엄호 아래 / (어둠 따위)를 틈타서 ② ~을 핑계 삼아 / (병 따위)를 빙자하여
35887,withrespectto,no,,1,0,1,0,,,,,① ~에 관해서는 ② 《말 머리에서》 ~에게 실례입니다만
35890,swearat,no,,1,0,1,0,,,,,① ~을 욕하다
35893,breakinto,no,,3,0,2,0,,,,,① ~에 침입하다 / 밀고 들어가다 ②[이야기 따위]를 가로막다 / 방해하다 ③ 갑자기 ~하(기 시작하)다 ④[직업·분야 따위]에 일자리를 얻다[진출하다] ⑤[비상용 물자]에 손을 대다 ⑥ ~를 파먹다[파고들다
35894,quiteabit,no,,1,0,1,0,,,,,《구어》 꽤 많은; 상당히
35896,expectative,yes,,3,0,1,0,,,,,기대의 / 예기되는 것 / 바라는
35897,lookforward,no,,1,0,1,0,,,,,앞쪽을 보다; 앞날을 생각하다
35900,littery,yes,,3,0,1,0,,,,,난잡한 / 어질러진 / 어질러 놓은
35903,gointo,no,,3,0,1,0,,,,,① ~을 조사하다; ~을 연구하다 ②[어떤 직업 따위]에 들어가다 ③[어떤 장소]에 들어가다; (출입구 따위가) ~으로 통하다; ~에 포함되다 ④ [어떤 상태]로 되다 ⑤  ~에 참가하다 ⑥ ~에 언급하다 ⑦ ~을 입다[신다] / ~차림을 하다; (몸의 부분이)[옷 따위]에 꼭 맞다 ⑧[행동 따위]를 시작하다 / ~한 태도를 취하다 ⑨[나무·벽 따위]에 충돌하다
35908,takeon,no,taken,6,0,1,0,,,,,①[일 따위]를 떠맡다 ② ~을 고용하다 ③ (경기 따위에서) ~을 상대로 하다 ④[형태·성질·태도 따위]를 취하다 / ~인 체하다 / [형세]를 드러내다 ⑤[살 따위]를 붙이다 ⑥ ~에 감염되다 ⑦ (탈것이)[사람]을 태우다 / [짐]을 싣다 ⑧ 《구어》 떠들어 대다 / 흥분하다 / 화내다 ⑨ 《구어》 인기를 얻다
35909,inarms,no,inarm,1,0,1,0,,,,,무장을 하고[하여
35910,tradein,no,,1,0,1,0,,,,,① 장사하다 ② ~을 웃돈을 주고 신품과 바꾸다
35914,goafter,no,grafter,2,0,1,0,,,,,《구어》 ~을 구하다 / 얻으려 하다;[여자 등]의 꽁무니를 쫓아다니다;[범인 따위]를 추적하다
35915,gostraight,no,costraight,1,0,1,0,,,,,(출감 후) 착실하게 살다
35916,byfar,no,,2,0,1,0,,,,,훨씬 / 단연; 분명히
35917,bynow,no,,1,0,1,0,,,,,지금쯤은 이미; 이제
35919,teamupwith,no,,1,0,1,0,,,,,~와 협동[협력]하다
35920,speakof,no,,1,0,1,0,,,,,① ~에 관하여 말[평]하다 ② ~이라는 말[용어]을 쓰다
35922,puttouse,no,,2,0,1,0,,,,,~을 사용하다 / 이용하다
35928,pushaside,no,,1,0,1,0,,,,,~을 치우다[제쳐 놓다]; ~을 따로 떼어[남겨] 두다
35934,insuccession,no,,2,0,1,0,,,,,잇달아 / 계속하여
35935,inunison,no,,3,0,1,0,,,,,① 일치하여 / 조화되어 ② 제창으로 / 제주(齊奏)로
35959,quadrumana,yes,,1,0,1,0,,,,,사수류
35962,markout,no,,3,0,1,0,,,,,① ~을 구획[설계 / 계획]하다 / 가르다 ② ~을 선으로 지우다
35975,outspeak,yes,,3,0,2,0,,,,,…을 말로 이기다 / …보다 길게 말하다 / 분명히 의견을 말하다
35980,connation,yes,,2,0,1,0,,,,,선천적 합착 / 합착
35981,secretomotor,yes,,1,0,1,0,,,,,분비촉진
35989,hemolyze,yes,,2,0,1,0,,,,,용혈시키다 / 용혈하다
36005,asthema,no,anthema|asthma,1,0,1,0,,,,,천식
36011,clanhouse,no,,1,0,1,0,,,,,씨족회관
36013,devot,no,depot|devon|devote|devout|devow|divot,3,1,2,0,,,,,귀의자 / 디보트 / 골프채에 뜯기거나 한 잔디 조각
36023,thousnad,no,thousand,1,0,1,0,,,,,천(1000)
36032,doucument,no,document,1,0,1,0,,,,,서류
36040,anthrophobia,no,anthophobia,1,0,2,0,,,,,대인 공포증
36047,inrows,no,,1,0,1,0,,,,,여러 줄로 서서
36048,imhabitant,no,inhabitant,1,0,1,0,,,,,주민
36049,meteorist,yes,,1,0,1,0,,,,,유성 연구가
36088,inferrer,yes,,2,0,3,0,,,,,추측자 / 추론자
36117,offort,no,effort,1,0,1,0,,,,,노력
36181,binocle,yes,,1,0,2,0,,,,,쌍안경
36185,wrappage,yes,,3,0,1,0,,,,,포장지 / 몸에 감듯이 하여 입는 의류 / 포장
36203,crosssectional,no,,2,0,4,0,,,,,횡단면의 / 단면도의
36209,contrastable,yes,,1,0,1,0,,,,,대조할 수 있는
36220,linguisitic,no,linguistic,1,0,1,0,,,,,언어(학)의
36221,unhibited,no,unhabited,1,0,1,0,,,,,아무 제약을 받지 않는
36237,acclimatizable,yes,,1,0,1,0,,,,,적응할 수 있는
36261,igool,no,gool,1,0,1,0,,,,,이글루
36262,influeince,no,influence,1,0,1,0,,,,,영향
36263,cunfuse,no,confuse,1,0,1,0,,,,,못알아듯다
36266,kerchoo,yes,,1,0,1,0,,,,,에취
36270,gunpower,yes,,2,0,3,0,,,,,포격 능력 / 화력
36284,unexceptionally,yes,,2,0,1,0,,,,,예외없이 / 모두
36286,Urud,no,furud|rud|urd|urdu|uru|urus,1,0,1,0,,,,,우르드어
36289,stsrving,no,,1,0,1,0,,,,,굶어죽다
36301,sackless,yes,,3,0,1,0,,,,,마음이 약한 / 죄 없는 / 의지가 박약한
36304,lsraelit,no,,1,0,1,0,,,,,이스라엘자손
36314,forwhy,no,forthy,3,0,1,0,,,,,왜 / 왜냐하면 / 무엇 때문에
36316,noncommitment,no,,1,0,1,0,,,,,언질을 주지 않음
36333,blave,no,blade|blae|blake|blame|blare|blase|blate|blaver|blaze|brave|clave|lave|slave,1,0,1,0,,,,,나팔]울려 퍼지다
36340,anphibian,no,amphibian,1,0,1,0,,,,,양서동물
36353,pentaprism,no,,2,0,1,0,,,,,펜타 프리즘 / 5각 프리즘
36355,beamsplitting,no,,1,0,1,0,,,,,반투명의 광선분리 박막
36357,entended,no,extended|intended|untended,1,0,1,0,,,,,장기간에 걸친
36364,overfulfil,no,,2,0,1,0,,,,,표준 이상으로 이행하다 / 지정 기일 이전에 완료하다
36453,ecotour,no,,1,0,1,0,,,,,에코 투어
36486,sendbag,no,sandbag,1,0,1,0,,,,,모래가방
36487,creaditcard,no,,1,0,1,0,,,,,신용카드
36503,firewokrs,no,,1,0,1,0,,,,,불꽃놀이
36509,hardworked,no,,3,0,1,0,,,,,혹사당하는 / 피로한 / 낡은
36538,vittle,no,kittle|little|tittle,3,0,1,0,,,,,식량을 적재하다 / 식량 / 식량을 공급하다
36574,peculair,no,peculiar,3,0,1,0,,,,,이상한[기이한] / 특이한 / 약간 아픈
36584,retuse,yes,,1,0,2,0,,,,,약간 오목한
36631,antiarthritic,yes,,3,0,1,0,,,,,항관절염의 / 항관절염약 / 관절염을 경감하는
36635,sapogenin,yes,,2,0,1,0,,,,,사포게닌 / 트리테르펜에 속하는 것과 스테로이드에 속하는 것이 있으며
36638,frostless,yes,,2,0,1,0,,,,,서리가 없는 / 상해가 없는
36658,underfeed,yes,,3,1,2,0,,,,,…에 대하여 충분한 음식을 주지 않다 / 절식하다 / 연료를 밑에서 공급하다
36661,broddle,no,proddle,2,0,1,0,,,,,찌르다 / 꿰뚫다
36695,coreplot,no,,1,0,1,0,,,,,주요 줄거리
36700,cohension,no,cohesion,1,0,1,0,,,,,결속
36701,expentancy,no,expectancy,1,0,1,0,,,,,연장
36703,gritch,no,critch|grinch|grith|grutch|pritch,2,0,2,0,,,,,불평하다 / 불평하는 사람
36720,unblink,no,sunblink|unblind|unlink,1,0,1,0,,,,,눈을 깜박이지 않다
36729,freshblown,no,,1,0,1,0,,,,,막 피어난
36730,enring,yes,,2,0,1,0,,,,,…을 둘러싸다 / …에게 반지를 끼워주다
36739,bestead,yes,,3,0,2,0,,,,,…을 돕다 / 처지에 있는 / …을 이롭게 하다
36740,bespread,yes,,3,0,1,0,,,,,…을 덮다 / …에 온통 퍼지게 하다 / 펼치다
36741,begird,yes,,3,0,1,0,,,,,…을 두르다 / …을 둘러싸다 / 에워싸다
36742,fromplacetoplace,no,,2,0,1,0,,,,,이곳저곳 / 이리저리
36744,enwind,yes,,3,0,1,0,,,,,…에 감기다 / 달라붙다 / 휘감기다
36745,countbeans,no,,1,0,1,0,,,,,《美구어》 숫자[머릿수]만을 따지다[중시하다]; 숫자로 먹고 살다
36746,countagainst,no,,1,0,1,0,,,,,(실패 따위가[를]) ~에게 불리해지다[하다고 생각하다
36747,chooseup,no,,2,0,1,0,,,,,《구어》 ① 선수를 선발하다 / 팀을 구성하다 ② (선수를 뽑아)[팀·편 따위]를 만들다
36748,choosesides,no,,1,0,1,0,,,,,(경기 따위에서) 편을 짜다
36749,chooseoff,no,,1,0,1,0,,,,,《美속어》 싸움을 걸다
36750,choosehow,no,,1,0,1,0,,,,,《英구어》 좋아하든 좋아하지 않든 간에
36751,chanceitoronesluck,no,,1,0,1,0,,,,,운수를 시험해 보다
36753,seatoneself,no,,2,0,1,0,,,,,착석하다 / 앉다
36754,moreandmore,no,,2,0,1,0,,,,,점점 더 / 더욱더
36755,gooutofonesmind,no,,2,0,1,0,,,,,미치다 / 발광하다
36756,bemyfriend,no,,2,0,1,0,,,,,사이좋게 지내자 / 함께 놀자
36758,pullinto,no,,2,0,1,0,,,,,~에 도착하다 / (열차가) 역에 들어오다; (호텔 따위에) 들다
36759,calloff,no,,2,0,1,0,,,,,① ~을 세다 / 차례로 소리내어 읽다 ② 《구어》[계획]을 중지하다;[약속·예약 따위]를 취소하다; ~을 포기하다
36760,onfoot,no,,3,0,1,0,,,,,① 걸어서 / 도보로 ② (계획 따위가) 착수되어 / 진행중에 ③ 《美구어》 (소 따위가) 산 채로
36761,talkto,no,taluto,2,0,1,0,,,,,① ~에게 말을 걸다 ② 《구어》 ~을 꾸짖다 / 비난하다 ③ 《美》[여성]에게 구애[구혼]하다
36764,headcloth,yes,,1,0,1,0,,,,,머리에 감는 천
36766,thinkout,no,,2,0,1,0,,,,,~을 생각해 내다 / 안출하다
36772,outofdate,no,,2,0,1,0,,,,,《서술용법》 구식의[으로] / 시대에 뒤진[뒤져]; 무효의[로
36774,allkindsof,no,,3,0,1,0,,,,,《복수취급》 모든 종류의 / 온갖; 많은 / 다량의
36795,rightdown,no,,3,0,1,0,,,,,《구어》 솔직하게 / 사실대로; 아주 / 완전히
36796,ashpit,yes,,1,0,1,0,,,,,재 괴는 곳
36798,foolwith,no,,1,0,1,0,,,,,《구어》[위험물 따위]를 가지고 놀다;[남]과 놀이삼아 어울리다
36802,mapout,no,apout|mahout,3,0,1,0,,,,,① (지도에) 정밀하게 표시하다 ②[국가]를 지역으로 나누다 ③ (계획을) 면밀히 짜다 / 입안하다 / 기획하다
36807,interfuse,yes,,3,0,1,0,,,,,…에 침투시키다 / 스며들다 / …을 섞다
36808,inthatcase,no,,2,0,1,0,,,,,그 경우는 / 그렇다면
36809,lookthrough,no,,2,0,1,0,,,,,① ~을 통하여 보다 ② ~을 대강 보다 ③[마음·계략 따위]를 간파하다 / 꿰뚫어보다 ④ ~을 샅샅이 조사하다 ⑤ (감정 따위가) ~을 통해 보이다 ⑥ ~을 보고도 안 본 척하다
36810,comeupwith,no,,7,0,1,0,,,,,① ~에 다가가다 / 따라가다 / 따라잡다 ② 《美》[필요한 물건]을 공급하다 / 주다 / 산출하다 ③ ~을 제안하다 / [어떤 생각]을 꺼내다; ~이 생각나다 / 떠오르다 ④ ~을 발견하다
36811,payfor,no,payor,2,0,1,0,,,,,① 대금을 지불하다; 빚을 갚다 ②[손해 따위]를 입다; 보복당하다 / 벌을 받다
36812,incaseof,no,,2,0,1,0,,,,,① (보통 글머리에서) ~의 경우에는 / ~이 일어나면 ② (보통 문미에서) ~에 대비하여
36813,keepdown,no,,3,0,1,0,,,,,①[반란 따위]를 진압하다 ②[감정·경비·임금·인구 등]을 억제하다 / ~을 참다 ④[잡초·해충 따위]를 자라지 않게 하다 ④[남]의 향상을 방해하다;[사람·국가 따위]를 억압하다 ⑤ (들키지 않게) 몸을 낮추다 ⑥ (바람이) 자다 / 잠잠해지다
36817,settlein,no,,3,0,1,0,,,,,이사하다 / 거처를 정하다 / 안정(安定)하다[시키다
36818,leaveout,no,,3,0,1,0,,,,,① ~을 빼다 / 생략하다; 삭제하다 ② ~을 고려치 않다 / 무시하다 ③ 나간[내놓은] 채 내버려두다 ④ 《美중·남부》 출발하다; 《방언》 (수업 따위를) 끝마치다
36819,startover,no,,2,0,1,0,,,,,다시 시작하다 / [남]에게 다시 시작하게 하다
36820,headoff,no,leadoff,2,0,1,0,,,,,일의 진전 따위]를 가로막다 / 저지하다
36824,recipience,yes,,3,0,1,0,,,,,수령 / 수용 / 감수성
36825,resharpen,yes,,2,0,1,0,,,,,다시 날카롭게 하다 / 다시 벼리다
36828,beapttodo,no,,2,0,1,0,,,,,~하는 경향이 있다 / ~하기 쉽다; 《美구어》 ~할 것 같다
36830,tobesure,no,,3,0,1,0,,,,,① 틀림없이 / 물론; 과연 / 사실 ② 《감탄사적》 어머나! 저런!
36832,jumpahead,no,,1,0,1,0,,,,,남에게 패스하면서 앞으로 나아가다
36836,bymeansof,no,,3,0,1,0,,,,,~에 의하여 / ~을 써서 / ~으로
36837,owingto,no,,2,0,1,0,,,,,① 《서술》 ~에 의한 / ~에 기인하는 ② 《전치사구로서》 ~때문에
36838,becauseof,no,,2,0,1,0,,,,,~때문에 / ~의 이유로
36839,asfor,no,asor|astor,2,0,1,0,,,,,~에 관해서는 / ~은 어떤가 하면
36840,attheriskof,no,,2,0,1,0,,,,,~의 위험을 무릅쓰고 / ~을 희생하여
36842,drawtogether,no,,1,0,1,0,,,,,① 한데 모으다[모이다]; ~을 단결[협력]시키다 ②(의견 따위가) 일치하다
36844,pushoff,no,,2,0,1,0,,,,,① ~을 밀어내다 ② (배가) 기슭을 떠나다 ③ 《구어》 떠나다 / 출발하다; 《명령형으로》 썩 꺼져!
36845,carrythrough,no,,5,0,1,0,,,,,① ~을 완성하다 / 성취하다 ②[어려운 입장에 있는 사람]을 끝까지 지원하다 / 뚫고 나가게 하다 ③ 일관하다 / 지속하다;[계획 따위]를 수행하다 / 실현하다
36849,polydrug,no,,1,0,1,0,,,,,다종류의 마약 사용에 관한
36850,bogdown,no,,2,0,1,0,,,,,① 가라앉다 ②늪[수렁]에 빠지다 / 꼼짝 못하게 되다
36862,depollution,no,,1,0,2,0,,,,,오염 제거
36869,contexture,yes,,3,0,2,0,,,,,조직 / 구조 / 구성
36871,outfly,yes,,3,0,1,0,,,,,…보다 빨리 날다 / 멀리 날다 / 날아 나오다
36883,respirometer,yes,,1,0,1,0,,,,,호흡계
36884,hoarsen,yes,,3,0,1,0,,,,,쉬게 하다 / 목쉬게 하다 / 쉬다
36920,self-pity,yes,,1,0,1,0,,,,,자기 연민
36928,transation,no,transaction|transition|translation,1,0,1,0,,,,,업무처리
36929,collpase,no,collapse,2,0,1,0,,,,,붕괴하다 / 무너지다.
36932,suimate,yes,,1,0,1,0,,,,,자살
36936,Swahill,no,swahili,1,0,1,0,,,,,스와힐리[아프리카어
36937,demerge,no,deterge|emerge|remerge,2,0,1,0,,,,,본사에서 분리하다 / 기업의 분할
36942,hoove,yes,,1,0,5,0,,,,,고창증
36948,expellable,yes,,1,0,1,0,,,,,축출할 수 있는
36963,psychasthenia,yes,,1,0,1,0,,,,,정신 쇠약
36967,inveterately,yes,,3,0,1,0,,,,,뿌리깊게 / 만성적으로 / 상습적으로
36977,prinipal,no,principal,1,0,1,0,,,,,교장
36978,abestn,no,,2,0,1,0,,,,,부재의 / 결석한
36989,versu,no,verse|verso|verst|versus,1,0,1,0,,,,,-대
37002,gruffy,yes,,3,0,3,0,,,,,거친 목소리의 / 거친 / 퉁명스러운
37003,bluffy,yes,,3,0,2,0,,,,,절벽이 있는 / 험한 / 벼랑의
37007,hoofbeat,yes,,1,0,3,0,,,,,발굽 소리
37009,stithy,yes,,3,0,1,0,,,,,모루 / 대장간 / 대장간의 일터
37012,poillution,no,pollution,1,0,1,0,,,,,오염
37015,incredibae,no,incredible,1,0,1,0,,,,,믿을수 없는
37020,drawingroom,no,,1,0,1,0,,,,,응접실 (거실)
37022,spand,no,pand|sand|spad|spaid|spald|span|spandy|spane|spang|spank|spann|spend|stand,1,0,1,0,,,,,(돈 등을) 쓰다
37030,forgetable,no,forgeable|forgettable,2,0,1,0,,,,,잊기쉬운 / 잊어버려도 되는
37032,recoat,yes,,3,0,1,0,,,,,덧칠하다 / 다시 칠하다 / 겹쳐 칠하다
37037,persepective,no,perspective,1,0,1,0,,,,,통찰력있는
37040,hydrotropism,yes,,3,0,1,0,,,,,향수성 / 물굴성 / 굴수성
37041,diageotropism,yes,,3,0,1,0,,,,,측면 굴지성 / 가로땅굽성 / 측면 중력 굴성
37050,omnivora,yes,,1,0,3,0,,,,,잡식 동물
37064,scranny,yes,,3,0,1,0,,,,,여윈 / 말라붙은 / 마른
37073,isolaion,no,isolation,2,0,1,0,,,,,고립 / 격리
37086,misdemenor,no,misdemeanor,1,0,1,0,,,,,경범죄
37087,giganic,no,gigantic|gigmanic,1,0,1,0,,,,,거대한
37094,billycan,yes,,1,0,1,0,,,,,야영용 주전자
37095,unstopper,yes,,1,0,1,0,,,,,…의 마개를 빼다
37103,quavery,yes,,1,0,1,0,,,,,떨리는
37104,ferrety,yes,,3,0,1,0,,,,,흰담비 같은 / 흰족제비 같은 / 교활한
37109,clankingly,yes,,1,0,1,0,,,,,철커덕하는 소리를 내며
37123,engeneer,no,engender|engineer,1,0,1,0,,,,,엔지니어
37134,toerag,no,,3,0,1,0,,,,,부랑자 / 거지 / 바보
37142,eightyfold,yes,,1,0,1,0,,,,,80배의
37143,sixtyfold,yes,,1,0,1,0,,,,,60배의
37145,fiftyfold,yes,,1,0,1,0,,,,,50배의
37146,fortyfold,yes,,1,0,1,0,,,,,40배의
37147,thirtyfold,yes,,2,0,1,0,,,,,30배의 / 30개 부분을 가진
37149,fifteenfold,yes,,1,0,1,0,,,,,15배의
37150,twelvefold,yes,,3,0,1,0,,,,,12배의 / 12배로 / 12의 부분을 가진
37151,elevenfold,yes,,1,0,1,0,,,,,11배의
37182,passingmark,no,,1,0,1,0,,,,,합격점(수)
37184,furtermore,no,furthermore,2,0,1,0,,,,,뿐만 아니라 / 더욱이
37185,prounciation,no,pronunciation,1,0,1,0,,,,,발음
37197,dishmop,no,,1,0,2,0,,,,,접시닦이 헝겊
37202,indurstrious,no,industrious,1,0,1,0,,,,,성실한
37203,indurstry,no,industry,1,0,1,0,,,,,산업
37226,haplessness,yes,,2,0,1,0,,,,,불운함 / 불행함
37230,energumen,yes,,3,0,1,0,,,,,광신자 / 귀신들린 사람 / 열광자
37235,journeywork,yes,,3,0,1,0,,,,,장인의 일 / 도급일 / 품팔이 일
37236,sorrily,yes,,3,0,1,0,,,,,딱하게 여기고 / 섣불리 / 슬퍼하고
37263,whosit,no,,3,0,1,0,,,,,아무개 / 모씨 / 모모
37264,whozit,no,,3,0,1,0,,,,,아무개 / 모씨 / 모모
37267,inharmony,yes,,3,0,1,0,,,,,부조화 / 불협화 / 불화
37270,foreface,yes,,2,0,1,0,,,,,앞얼굴 / 전면
37294,doverner,no,,2,0,1,0,,,,,지사 / 장관
37295,biotechndldgy,no,,2,0,1,0,,,,,생물공학 / 인간 공학
37297,prereading,no,,1,0,1,0,,,,,읽기전에
37298,parsely,no,parsley|sparsely,1,0,1,0,,,,,파셀리
37303,fossial,no,fossil,1,0,1,0,,,,,화석화
37318,anticipointment,no,,2,0,1,0,,,,,기대에 어긋남 / 기대에 대한 실망
37322,kimchanwoo,no,,1,0,1,0,,,,,김찬우  (이름)
37324,disassemblable,no,,1,0,1,0,,,,,분해 가능한
37327,glimse,no,glime|glimpse,2,0,1,0,,,,,잠깐 봄 / 일견
37370,huhehot,no,,1,0,1,0,,,,,후허하오터
37373,rrroom,no,,2,0,1,0,,,,,윙윙 / 브르르
37387,eserine,yes,,1,0,1,0,,,,,에세린
37459,Trasition,no,tradition|transition,1,0,1,0,,,,,변화
37485,dynagraph,yes,,1,0,2,0,,,,,궤도 시험기
37497,backword,yes,,2,0,1,0,,,,,등뒤 / 등의
37527,gramary,no,gramarye|granary,2,0,1,0,,,,,마법 / 마술
37541,trimetric,yes,,2,0,2,0,,,,,삼보격의 / 사방 정계의
37544,unflamboyant,yes,,1,0,1,0,,,,,화려치 않은
37550,fusser,yes,,2,0,1,0,,,,,법석을 떠는 사람 / 안달하는 사람
37587,agrement,no,agreement,3,0,1,0,,,,,쾌적함 / 대사·공사 파견에 대한 주재국의 승인 / 장식음
37588,superstruct,yes,,2,0,1,0,,,,,토대 위에 짓다 / 건축물 위에 짓다
37604,gimchi,no,,1,0,1,0,,,,,김치
37607,morring,no,mooring|morning|morsing,1,0,1,0,,,,,아침
37630,safecracking,yes,,1,0,1,0,,,,,금고털이
37643,stomachahce,no,,1,0,1,0,,,,,복통
37644,counthy,no,country|county,1,0,1,0,,,,,나라
37669,applcation,no,application,2,0,1,0,,,,,어플리캐이션 / 앱
37675,deliveryperson,no,,1,0,1,0,,,,,배달원
37676,metaldehyde,yes,,1,0,1,0,,,,,메타알데히드
37677,komatik,yes,,1,0,1,0,,,,,에스키모의 눈썰매
37682,semidry,yes,,3,0,1,0,,,,,반건조의 / 반쯤 마른 / 반쯤 건조한
37684,squitters,no,squitter,1,0,1,0,,,,,설사
37686,stawberry,no,strawberry,1,0,1,0,,,,,딸기
37711,impotentness,yes,,2,0,1,0,,,,,무력함 / 발기불능임
37712,treasurable,yes,,2,0,1,0,,,,,소중한 / 귀중한
37713,enclasp,yes,,3,0,1,0,,,,,…을 움켜쥐다 / …을 껴안다 / 꼭 쥐다
37720,denyingly,yes,,2,0,1,0,,,,,부인하며 / 거절하며
37745,biliteral,yes,,2,0,1,0,,,,,두 자로 된 / 두 글자의
37753,gullish,yes,,3,0,1,0,,,,,바보 같은 / 멍청한 / 얼간이 같은
37783,overbrim,yes,,3,0,2,0,,,,,넘치다 / 넘쳐 흐르다 / 가득 차서 넘치다
37787,carnivory,no,carnivora|carnivore,1,0,1,0,,,,,육식성의
37805,claspe,no,clasp|clasper|claspt,1,0,1,0,,,,,꼭 쥐다. 움켜쥐다. 악수하다.
37841,phthisic,yes,,3,0,1,0,,,,,폐결핵의 / 결핵 환자 같은 / 폐결핵
37847,rose1,no,,1,0,1,0,,,,,장미
37868,interiorism,no,inferiorism,1,0,1,0,,,,,내관 주의
37869,monadism,yes,,3,0,1,0,,,,,모나드주의 / 단자론 / 모나드론
37870,occasionalism,yes,,2,0,1,0,,,,,우인론 / 기회 원인론
37871,experientialism,yes,,1,0,1,0,,,,,경험주의
37872,immoralism,yes,,1,0,1,0,,,,,배덕주의
37874,cosmism,yes,,1,0,1,0,,,,,우주론
37875,actualism,yes,,2,0,1,0,,,,,현실주의 / 현실설
37876,relationism,yes,,1,0,1,0,,,,,관계주의
37880,fortuitism,yes,,2,0,1,0,,,,,우연론 / 우연설
37885,finitism,no,finicism,2,0,1,0,,,,,유한론 / 유한주의
37893,outvalue,yes,,1,0,1,0,,,,,…보다 값어치가 있다
37894,outtop,yes,,2,0,1,0,,,,,…보다 높다 / …을 능가하다
37895,outstep,yes,,1,0,1,0,,,,,…의 도를 넘다
37898,outleap,yes,,3,0,1,0,,,,,앞쪽으로 뛰어넘다 / 뛰어나가다 / 급히 나가다
37899,outfoot,yes,,2,0,1,0,,,,,…보다 속도가 빠르다 / …보다 걸음이 빠르다
37911,constringency,yes,,3,0,2,0,,,,,수축성 / 수렴성 / 수축
37912,coaptation,yes,,3,0,3,0,,,,,접골 / 접착 / 내적 환경 적응
37918,levigate,yes,,3,0,1,0,,,,,…을 가루로 빻다 / …을 매끄럽게하다 / 매끄러운
37920,tepefy,yes,,2,0,1,0,,,,,미지근하게 하다 / 미지근해지다
37954,tonish,yes,,3,0,1,0,,,,,유행의 / 유행을 쫓는 / 현대적 감각의
37958,coldish,yes,,3,0,1,0,,,,,쌀쌀한 / 약간 추운 / 좀 추운
37962,clayish,yes,,2,0,1,0,,,,,점토 같은 / 점토상의
37967,detrude,yes,,3,0,5,0,,,,,밀어내다 / 밀어 넘어뜨리다 / 밀어젖히다
37973,crepitant,yes,,2,0,2,0,,,,,탕탕 소리 나는 / 염발음의
37980,expellee,yes,,3,0,3,0,,,,,추방당한 사람 / 국외로 추방당한 사람 / 추방된 사람
37982,epicedium,yes,,3,0,2,0,,,,,장송가 / 만가 / 애가
37993,undertime,yes,,1,0,1,0,,,,,업무 외의 일을 수행하기 위해 근무를 하지 않는 시간
37994,underdraw,yes,,3,0,1,0,,,,,안쪽에 판자를 대다 / 밑줄을 긋다 / …을 불충분하게 그리다
37997,granivorous,yes,,1,0,3,0,,,,,곡식을 먹는
38004,fetation,yes,,2,0,2,0,,,,,임신 / 태아 형성
38007,infallibilism,yes,,2,0,2,0,,,,,교황 불가류 성 / 교황 무류설
38010,imperturbation,yes,,3,0,3,0,,,,,침착 / 냉정 / 차분함
38014,hortation,yes,,3,0,4,0,,,,,장려 / 충고 / 권고
38018,flurrry,no,flurry,1,0,1,0,,,,,2
38021,transmogrifian,no,,1,0,1,0,,,,,2
38023,paraentage,no,parentage,1,0,1,0,,,,,2
38036,carreen,no,carbeen|careen,1,0,1,0,,,,,2
38041,blulge,no,blunge|bulge,1,0,1,0,,,,,2
38042,apopletic,no,apoplectic,1,0,1,0,,,,,3
38044,sliter,no,liter|skiter|slater|slicer|slider|slifter|slimer|slite|slither|slitter|sliver|smiter,1,0,1,0,,,,,4
38050,kepies,no,,1,0,1,0,,,,,5
38081,supernutrition,yes,,1,0,2,0,,,,,영양 과다
38082,superciliary,yes,,3,0,2,0,,,,,눈썹의 / 눈썹 위치에 있는 / 미반이 있는
38085,sitology,yes,,2,0,2,0,,,,,입지 연구 / 식품학
38086,picturedom,yes,,1,0,2,0,,,,,영화계
38091,peccancy,yes,,3,0,2,0,,,,,도덕적으로 잘못되어 있는 일 / 타락 / 위반
38112,dinnerless,yes,,3,0,1,0,,,,,정찬이 없는 / 단식하는 / 정찬을 뺀
38113,chiefless,yes,,1,0,1,0,,,,,장이 없는
38114,breezeless,yes,,1,0,1,0,,,,,바람이 없는
38129,juvenescent,yes,,3,0,2,0,,,,,청년기에 이른 / 젊은 / 다시 젊어지는
38138,prepense,yes,,2,0,2,0,,,,,고의의 / 계획적인
38143,photofinishing,yes,,2,0,1,0,,,,,사진 마무리 / 그 직업
38144,tripack,no,,1,0,1,0,,,,,트라이팩
38145,amidol,yes,,2,0,1,0,,,,,아미돌 / 무색 결정
38160,felsite,yes,,2,0,2,0,,,,,규장암 / 규장석
38163,hyalite,yes,,1,0,1,0,,,,,옥적석
38164,bytownite,yes,,1,0,1,0,,,,,아회장석
38177,mawworm,no,,2,0,1,0,,,,,회충 / 위선자
38178,scolopendrid,yes,,1,0,1,0,,,,,왕지네
38203,gypper,yes,,2,0,1,0,,,,,사기꾼 / 협잡꾼
38225,eupeptic,yes,,3,0,1,0,,,,,소화를 돕는 / 소화가 잘 되는 / 소화력이 왕성한
38229,parasang,yes,,2,0,1,0,,,,,파라상 / 일정하지 않으나 고대에는 약 4마일이었음
38249,grantsman,no,,1,0,1,0,,,,,보조금을 잘 받아내는 사람
38255,swellelegant,no,,2,0,2,0,,,,,아주 훌륭한 / 최고로 좋은
38276,headshrinker,no,,2,0,2,0,,,,,정신과 의사 / 사람 사냥에서 자른 머리를 수축 가공해서 보전하는 부족민
38286,sozzle,yes,,3,0,2,0,,,,,술 취하게 하다 / 빈둥거리다 / 철벅철벅 씻다
38290,prattfall,yes,,3,0,1,0,,,,,엉덩방아 / 난처한 실수 / 겸연쩍은 실패
38305,scutwork,no,cutwork,2,0,1,0,,,,,일상적 업무 / 지루한 일
38307,deliquescence,yes,,3,0,1,0,,,,,용해 / 조해 / 조해액
38346,cindery,yes,,1,0,2,0,,,,,타고남은 덩어리의
38364,weskit,yes,,1,0,1,0,,,,,조끼
38369,trothplight,yes,,3,0,2,0,,,,,…과 약혼하다 / 약혼한 / 혼약
38373,dromond,yes,,1,0,2,0,,,,,대형 쾌속 범선
38405,glede,yes,,2,0,1,0,,,,,유럽산 솔개의 일종 / 솔개
38416,forkball,no,,1,0,1,0,,,,,포크 볼
38419,fogball,no,,2,0,1,0,,,,,강속구 / 연구
38420,beatout,no,,1,0,1,0,,,,,내야 안타
38441,bearbaiting,yes,,3,0,1,0,,,,,곰놀리기 / 현재는 금지되어 있음 / 곰 곯리기
38450,bailot,no,bailor|ballot,1,0,1,0,,,,,(심각한 재정 위기에 처한 기업?국가 등에 대한) 긴급 구제
38468,abusage,no,,3,0,3,0,,,,,남용 / 오용 / 관용에서 벗어난 어법
38469,bubbleheaded,no,,3,0,1,0,,,,,머리가 텅 빈 / 바보 멍청이 같은 / 어리석은
38471,continently,yes,,1,0,1,0,,,,,자제하여
38475,abrogative,yes,,3,0,1,0,,,,,폐기하는 / 철폐하는 / 파기하는
38476,contracept,no,,2,0,3,0,,,,,피임하다 / 피임시키다
38503,entrammel,yes,,3,0,7,0,,,,,얽히다 / 구속하다 / 그물로 잡다
38509,pealike,yes,,2,0,1,0,,,,,완두콩 같은 / 나비 모양의
38535,incuriosity,yes,,2,0,1,0,,,,,호기심이 없음 / 무관심
38545,handcraftman,yes,,2,0,1,0,,,,,수공예품을 만드는 사람 / 공예가
38553,autogragh,no,autograph,2,0,1,0,,,,,자필서명 / 사인
38561,pollish,no,dollish|polish,1,0,1,0,,,,,닦다
38648,receptible,yes,,3,0,1,0,,,,,받을 수 있는 / 받아들이기 알맞은 / 수용할 수 있는
38655,pourparler,yes,,3,0,1,0,,,,,비공식 예비 회담 / 사전 의논 / 예비 교섭
38679,outargue,yes,,2,0,1,0,,,,,논파하다 / 말로써 꺾다
38691,scrooch,yes,,3,0,2,0,,,,,웅크리고 앉다 / 밀어넣다 / 쪼그리고 앉다
38705,offscouring,yes,,3,0,2,0,,,,,폐기물 / 오물 / 찌꺼기
38744,hatable,yes,,2,0,1,0,,,,,밉살스러운 / 싫은
38748,maxixe,yes,,1,0,1,0,,,,,마시시
38757,drawerful,no,,1,0,1,0,,,,,한 서랍분
38770,engirdle,yes,,3,0,1,0,,,,,…을 둘러싸다 / 에워싸다 / 띠로 감다
38794,coaler,yes,,3,0,1,0,,,,,석탄 수송선 / 석탄 수송 철도 / 석탄을 싣는 사람
38809,rugate,yes,,2,0,1,0,,,,,주름이 있는 / 주름진
38812,misdoubt,yes,,3,0,1,0,,,,,…을 의심하다 / 의심 / 혐의
38835,stunsail,yes,,2,0,1,0,,,,,스턴슬 / 보조 돛
38853,dismast,yes,,2,0,1,0,,,,,돛대를 앗아가다 / 돛대를 부러뜨리다
38887,gasogene,no,gazogene,3,0,1,0,,,,,가스 발생로 / 가스 발생 장치 / 탄산수 제조기
38893,logophobia,no,,1,0,1,0,,,,,언어 공포
38901,hellenize,yes,,2,0,1,0,,,,,그리스식으로 하다 / 그리스화하다
38910,geobotany,yes,,1,0,1,0,,,,,지구 식물학
38915,folivorous,no,,2,0,1,0,,,,,엽식성의 / 초식성의
38918,dialogism,yes,,3,0,1,0,,,,,대화식 토론법 / 하나의 전제에서 추론되는 선언적 판단 / 가공적인 대화
38919,dentation,yes,,3,0,1,0,,,,,치아상의 구조 / 거치상 돌기 / 치아 모양의 새김
38922,dentoid,yes,,3,0,1,0,,,,,이 같은 / 이 모양의 / 치형의
38925,fluctuant,yes,,3,0,2,0,,,,,변동하는 / 동요하는 / 파동하는
38926,excurrent,yes,,3,1,1,0,,,,,유출하는 / 유출성의 / 심장에서 흘러나오는
38927,ptochocracy,yes,,1,0,1,0,,,,,빈민 정치
38929,autocide,yes,,2,0,1,0,,,,,자살 / 자멸
38930,excide,yes,,3,0,1,0,,,,,떼어내다 / 잘라내다 / 절제하다
38966,hypofunction,yes,,2,0,1,0,,,,,기능 부전 / 기능 저하
38983,duodenitis,yes,,1,0,2,0,,,,,십이지장염
38985,gastrotomy,yes,,2,0,2,0,,,,,위 절개술 / 위절개
38986,hyperchlorhydria,yes,,2,0,1,0,,,,,위산과다증 / 과염산증
38990,vangurad,no,vanguard,1,0,1,0,,,,,최신의
38993,transilient,yes,,3,0,1,0,,,,,급변하는 / 갑자기 뛰어넘는 / 뛰어 넘는
38994,disimprison,yes,,2,0,1,0,,,,,석방하다 / 출감시키다
38998,periphrase,yes,,2,0,1,0,,,,,에둘러 말하다 / 우언법으로 표현하다
39001,vidiot,no,idiot,1,0,1,0,,,,,텔레비전 광
39006,cinerator,yes,,1,0,1,0,,,,,화장로
39013,amenably,yes,,2,0,1,0,,,,,유순하게 / 처리하기 쉽게
39015,elutriation,yes,,3,0,2,0,,,,,정화 / 세정 / 세광
39017,flagrance,yes,,3,0,3,0,,,,,극악 / 흉악 / 잔인
39022,decollation,yes,,3,0,1,0,,,,,참수 / 목을 베기 / 참수의 그림
39029,circumjacent,yes,,2,0,1,0,,,,,주변에 있는 / 에워싼
39054,pessinistic,no,pessimistic,1,0,1,0,,,,,절망적인
39065,infecund,yes,,3,0,2,0,,,,,열매를 맺지 않는 / 불모의 / 새끼를 낳지 않는
39066,insalvageable,no,,1,0,2,0,,,,,구해낼수 있는
39073,methphysical,no,metaphysical,1,0,1,0,,,,,형이상학적인
39091,prefloriferous,no,,1,0,1,0,,,,,꽃이 출현하기 전의
39097,collectedness,yes,,1,0,1,0,,,,,아주 침착함
39099,carnivorousness,yes,,1,0,1,0,,,,,육식성임
39101,bulkily,yes,,3,0,1,0,,,,,부피가 커서 / 옮기기 어렵게 / 덩치가 커서
39102,bipartisanism,no,,1,0,3,0,,,,,양당주의
39109,adnominal,yes,,3,0,1,0,,,,,명사를 수식하는 / 연체적인 / 관형사적인
39111,abluent,yes,,3,0,3,0,,,,,세제 / 세정하는 / 세정
39123,Jazzercize,no,,1,0,1,0,,,,,재즈 체조
39133,unremunerated,yes,,1,0,2,0,,,,,보수도 받지않는
39146,treadmil,no,treadmill,1,0,1,0,,,,,단조롭고 고된 일
39158,unsling,yes,,2,0,1,0,,,,,매단 밧줄을 풀다 / …을 풀다
39166,subcellar,yes,,1,0,1,0,,,,,지하 2층
39203,aswarm,yes,,3,0,1,0,,,,,가득 차 / 우글우글하여 / 가득한
39207,pisspot,no,,3,0,2,0,,,,,실내 변기 / 요강 / 천하의 천한 녀석
39233,yabber,yes,,1,0,1,0,,,,,수다
39236,triarchy,yes,,3,0,1,0,,,,,삼두 정치 / 세 통치자 / 각각 다른 통치자를 가진 3개국 연합체
39240,acrawl,yes,,3,0,1,0,,,,,우글우글하는 / …이 꿈틀거리는 / 우글거려
39244,tourmalin,no,tourmaline,1,0,1,0,,,,,전기석
39246,magistery,yes,,2,0,1,0,,,,,자연의 변성력 / 현자의 돌
39250,demurrable,yes,,3,0,1,0,,,,,이의를 주장할 수 있는 / 방소 항변할 수 있는 / 항변할 수 있는
39251,deferrable,yes,,1,0,2,0,,,,,연기할 수 있는
39254,busbody,no,busybody,1,0,1,0,,,,,참견쟁이
39270,philanthropism,yes,,2,0,1,0,,,,,박애주의 / 인애
39273,orthographize,yes,,3,0,1,0,,,,,정자법에 따라 철자하다 / 옳은 철자법에 따르다 / 옳게 철자하다
39280,micronize,yes,,1,0,1,0,,,,,미분으로 만들다
39281,mellifluousness,yes,,1,0,1,0,,,,,꿀같이 달콤함 ; 감미로운
39287,insuppressible,yes,,2,0,1,0,,,,,억압할 수 없는 / 억누를 수 없는
39291,impennate,yes,,2,0,1,0,,,,,비력이 있는 날개를 가지지 않은 / 무익의
39296,flaccidly,yes,,2,0,1,0,,,,,축 늘어져 / 탄력이 없어
39306,drollness,yes,,1,0,1,0,,,,,우스꽝스러움
39307,dossil,yes,,3,0,1,0,,,,,린트 / 붕대 / 인쇄판의 잉크를 씻어내는 천 뭉치
39308,dolose,yes,,1,0,1,0,,,,,범의 있는
39309,disserve,yes,,3,0,3,0,,,,,…을 구박하다 / 위해를 가하다 / 해를 입히다
39312,dazzlement,yes,,3,0,1,0,,,,,눈이 부시게 함 / 눈이 부심 / 현란함
39316,contemporariness,yes,,1,0,1,0,,,,,동시대임; 동년배
39321,unbandage,yes,,1,0,1,0,,,,,…의 붕대를 풀다
39323,thrummy,yes,,3,0,1,0,,,,,술이 달린 / 보풀투성이의 / 풀린 실로 만든
39337,unsuspect,no,,1,0,1,0,,,,,예상치못한
39339,surgy,yes,,3,0,1,0,,,,,큰 파도가 인 / 높이 굽이치는 / 거친 파도의
39351,noncommittally,yes,,1,0,1,0,,,,,언질을 주지 않아; (태도 따위가) 애매하게; 특징 없이.
39387,expressionlessness,yes,,1,0,1,0,,,,,표정이 없음
39395,mistify,yes,,2,0,1,0,,,,,안개로 가리다 / 안보이게 하다.
39406,wuther,yes,,1,0,1,0,,,,,강하게 불다
39424,segregative,yes,,3,0,1,0,,,,,인종 차별적인 / 분리적인 / 남과 어울리기 싫어하는
39441,nephrolithotripsy,no,,1,0,2,0,,,,,신결석파쇄술
39442,rectoclyster,no,,1,0,2,0,,,,,직장관장
39443,perineorrhaphy,yes,,1,0,2,0,,,,,회음봉합술
39444,litholapaxy,yes,,1,0,2,0,,,,,추석술
39445,gastrojejunostomy,yes,,1,0,2,0,,,,,위빈창자문합술
39448,nephrohydrosis,yes,,1,0,2,0,,,,,신수종증
39449,erythropenia,yes,,1,0,2,0,,,,,적혈구감소증
39450,enterorrhexis,no,,1,0,2,0,,,,,장파열
39454,unigravida,yes,,1,0,2,0,,,,,초임부
39455,ultrasono,no,,1,0,2,0,,,,,초음파
39456,panperitonitis,no,,1,0,2,0,,,,,범복막염
39459,sinistrocerebral,yes,,1,0,2,0,,,,,왼쪽 뇌의
39460,dexiocardia,yes,,2,0,2,0,,,,,우심 / 심장이 오른쪽에 있는 일
39461,infrasternal,yes,,1,0,2,0,,,,,복장뼈밑의
39463,circumocular,yes,,1,0,2,0,,,,,눈 주위의
39464,ambidexter,yes,,3,0,3,0,,,,,양손잡이의 / 손재주가 비상한 / 양손잡이인
39465,perihepatic,yes,,1,0,2,0,,,,,간주위
39466,posteroanterior,no,,1,0,2,0,,,,,후전의
39467,ventrotomy,yes,,1,0,2,0,,,,,개복술
39468,chromocyte,yes,,1,0,2,0,,,,,섹소소체
39469,sclero,no,scler|sclera|sclere,1,0,1,0,,,,,「단단한」 「경화의」 「 공막」의 뜻
39474,nephrolysis,yes,,2,0,2,0,,,,,신장 박리 / 신세포 용해
39475,nephropexy,yes,,1,0,2,0,,,,,신장 고정
39485,gastroptosis,yes,,1,0,2,0,,,,,위하수
39488,polyphagia,yes,,2,0,3,0,,,,,다식증 / 잡식성
39497,multipara,yes,,2,0,2,0,,,,,경산부 / 둘 이상의 아이를 낳은 여성
39499,sinistro,no,,1,0,2,0,,,,,「왼쪽의」 「왼손잡이의」 「왼쪽으로 감기는」의 뜻
39535,litmusless,no,,2,0,1,0,,,,,중립적인 / 긍정도 부정도 아닌
39588,crob,no,brob|carob|chob|cob|crab|crib|cro|croc|crom|crop|crow|croy|prob|rob|scrob,3,0,1,0,,,,,농작물 / 수확물 / 생산고
39589,inapproachable,yes,,3,0,2,0,,,,,접근할 수 없는 / 가까이하기 어려운 / 당할 수 없는
39590,disregardful,yes,,3,0,2,0,,,,,무시하는 / 묵살하는 / 무시한
39592,provisionality,yes,,2,0,1,0,,,,,임시 / 일시적임
39593,insomnolence,yes,,1,0,1,0,,,,,불면
39597,eradicative,yes,,1,1,1,0,,,,,근절시키는
39599,elligible,no,eligible,2,0,1,0,,,,,적격의 / 적임의
39603,inassimilable,yes,,1,0,1,0,,,,,동화되지 않는
39612,improbity,yes,,3,0,2,0,,,,,부정직 / 불성실 / 사악
39615,nonfulfillment,yes,,1,0,1,0,,,,,불이행
39617,airproof,yes,,3,0,3,0,,,,,공기가 통하지 않는 / …을 공기가 통하지 않게 하다 / 내기성의
39621,irradicable,yes,,2,0,2,0,,,,,근절할 수 없는 / 뿌리깊은
39622,vicissitudinous,yes,,3,0,3,0,,,,,유위 전변의 / 변화 있는 / 성쇠 있는
39662,obtrusion,yes,,3,0,1,0,,,,,강요 / 주제넘은 참견 / 강요당한 것
39681,intrigant,yes,,1,0,1,0,,,,,책략가
39686,impassability,yes,,2,0,1,0,,,,,통행 불가 / 폐쇄
39688,evincive,yes,,2,0,1,0,,,,,명시적인 / 증명하는
39689,evincible,yes,,1,0,1,0,,,,,분명히 밝힐 수 있는
39690,emendate,yes,,2,0,1,0,,,,,본문을 교정하다 / 정정하다
39699,elucidator,yes,,3,0,1,0,,,,,해명자 / 설명하는 사람 / 해설자
39716,discordancy,yes,,3,0,1,0,,,,,부조화 / 불일치 / 불화
39739,condolatory,yes,,3,2,1,0,,,,,조의를 표하는 / 애도하는 / 문상의
39740,compunctiously,yes,,2,0,1,0,,,,,죄책감을 느끼며 / 꺼림칙하게
39741,commodiously,yes,,1,0,1,0,,,,,널찍하게
39745,attrite,yes,,1,0,2,0,,,,,마멸된
39746,appositely,yes,,1,0,1,0,,,,,아주 적절하게
39749,affrontive,yes,,3,0,1,0,,,,,공격 / 모욕적인 / 불쾌한
39768,glossectomy,yes,,1,0,2,0,,,,,혀절제
39769,frenotomy,no,,1,0,1,0,,,,,설소대절단술
39770,glossoplasty,yes,,1,0,1,0,,,,,혀성형술
39771,stomatoplasty,yes,,3,0,3,0,,,,,구내 정형술 / 구부 형성술 / 구강성형술
39772,chelioplasty,no,,1,0,1,0,,,,,입술성형술
39773,edentia,no,,1,0,1,0,,,,,무치증
39774,hypercementosis,no,,2,0,1,0,,,,,과백악질증 / 과시멘트증
39776,aglossia,yes,,1,0,1,0,,,,,무설
39777,microstomia,yes,,1,0,1,0,,,,,소입증
39778,magaloglossia,no,megaloglossia,1,0,1,0,,,,,대혀증
39779,macrocheilia,yes,,1,0,1,0,,,,,대입술증
39782,staphylitis,yes,,1,0,1,0,,,,,구개수염
39795,midsagittal,no,,1,0,1,0,,,,,정중시상
39798,inguin,no,inguen|pinguin,1,0,1,0,,,,,「서혜부의」의 뜻
39800,hypogastrium,yes,,1,0,2,0,,,,,하복부
39801,mesogastrium,yes,,2,0,2,0,,,,,중복부 / 위간막
39807,colocate,no,collocate|colonate|colorate,1,0,1,0,,,,,같은 장소에 배치하다
39810,misdescription,yes,,2,0,1,0,,,,,미비한 기술 / 오기
39811,unclarity,yes,,3,0,1,0,,,,,애매함 / 분명하지 않음 / 불투명
39813,conversantly,yes,,2,0,1,0,,,,,을 알아 / 에 친숙하여
39817,entomologize,yes,,2,0,1,0,,,,,곤충학을 연구하다 / 곤충 채집을 하다
39818,frienemy,no,,2,0,1,0,,,,,적처럼 행동하는 친구 / 위급시 도움이 못되거나 믿을 수 없는 친구
39823,unhasty,yes,,3,0,1,0,,,,,서두르지 않는 / 성급하지 않은 / 느긋한
39825,encyclopedian,yes,,1,0,1,0,,,,,백과사전의
39828,unmuffle,yes,,2,0,1,0,,,,,소음 장치를 제거하다 / 덮개를 벗다
39830,cremationist,yes,,1,0,1,0,,,,,화장 옹호론자
39833,crosscurrented,yes,,2,0,1,0,,,,,일반적인 생각과 다른 / 상반되는 의견의
39836,unqualifying,yes,,1,0,1,0,,,,,자격을 잃게 하는
39842,confoundable,yes,,3,0,1,0,,,,,혼동할 수 있는 / 틀렸음을 입증할 수 있는 / 물리칠 수 있는
39844,aprowl,no,prowl,3,0,1,0,,,,,살금살금 돌아다니는 / 헤매는 / 배회하는
39845,bludgeoneer,yes,,2,0,1,0,,,,,패는 사람 / 강요하는 사람
39846,hibernant,no,,2,0,1,0,,,,,동면의 / 동면 동물
39847,hibernator,yes,,1,0,1,0,,,,,동면하는 동물
39848,cornfactor,no,,1,0,1,0,,,,,곡물 도매상
39849,suboptimize,no,,1,0,1,0,,,,,서브시스템을 최대한으로 이용하는
39850,photogen,yes,,2,0,1,0,,,,,발광체 / 발광원
39851,proclamatory,yes,,3,0,2,0,,,,,선언의 / 선언서의 / 선언적인
39852,diagnostication,yes,,1,0,1,0,,,,,진단
39854,acyesis,yes,,1,0,1,0,,,,,불임
39855,cyesis,yes,,1,0,2,0,,,,,임신
39856,harassingly,yes,,2,0,1,0,,,,,괴롭히며 / 희롱하며
39858,savagedom,yes,,2,0,1,0,,,,,야만 상태 / 야만인의 세계
39860,envisagement,yes,,1,0,1,0,,,,,예상함
39866,metempirical,yes,,3,0,1,0,,,,,초경험론적인 / 경험을 초월한 / 선험적인
39868,blizzardy,yes,,2,0,1,0,,,,,눈보라 치는 / 눈보라 같은
39870,besiegement,yes,,1,0,1,0,,,,,포위
39872,impeder,yes,,2,0,1,0,,,,,방해자 / 장애물
39874,heapy,yes,,1,0,1,0,,,,,쌓아 올린
39875,heaper,yes,,2,0,1,0,,,,,쌓아 올리는 사람 / 많이 하는 사람
39876,plagi,no,plaga|plage,1,0,2,0,,,,,「비스듬한」의 뜻
39877,overinvoice,no,,2,0,1,0,,,,,과다 청구하다 / 청구서에 실액이외의 액수를 보태다
39879,denounceness,no,,1,0,1,0,,,,,맹비난
39880,impertinentness,yes,,2,0,1,0,,,,,무례함 / 버릇없음
39881,goodwilled,no,,2,0,1,0,,,,,친선의 / 호의적인
39886,blandisher,yes,,2,0,2,0,,,,,아첨하는 사람 / 감언이설로 꾀는 사람
39889,shunless,yes,,1,0,1,0,,,,,피할 수 없는
39892,pretexting,no,,1,1,1,0,,,,,프리텍스팅
39893,nullifidian,yes,,3,0,1,0,,,,,신앙이 없는 사람 / 회의론자 / 신앙이 없는
39897,bittersweetly,no,,2,0,1,0,,,,,희비가 엇갈려 / 달콤 쌉쌀하게
39900,morbidezza,no,,3,0,1,0,,,,,섬세 / 부드러움 / 박진의 아름다움
39902,gradualistic,yes,,3,0,1,0,,,,,점진주의적인 / 점진 진화론의 / 연속주의의
39903,synonymize,yes,,3,0,1,0,,,,,동의어를 사용하다 / 유의어의 분석 해설을 싣다 / 동의어를 부여하다
39905,literality,yes,,3,0,1,0,,,,,문자 그대로임 / 자구에 구애됨 / 글자대로임
39906,multilateralize,no,,1,0,1,0,,,,,다국화 하다
39907,bequeathment,yes,,2,0,1,0,,,,,유증 / 물려줌
39908,bequeathal,yes,,2,0,1,0,,,,,유증 / 물려줌
39912,notionate,yes,,2,0,1,0,,,,,변덕스러운 / 완고한
39913,exultance,yes,,2,0,1,0,,,,,기뻐서 어쩔 줄 모름 / 의기양양함
39914,acclamatory,yes,,3,0,1,0,,,,,환호의 / 갈채의 / 격찬의
39915,dissectible,yes,,1,0,1,0,,,,,해부할 수 있는
39917,gymnastically,yes,,1,0,1,0,,,,,체조와 관련하여
39918,constellatory,yes,,3,0,1,0,,,,,별자리의 / 성좌의 / 기라성 같은
39920,disillusionary,no,,1,0,1,0,,,,,환멸적인
39921,obtusity,yes,,3,0,1,0,,,,,둔감 / 어리석은 짓 / 우둔
39924,ghastlily,yes,,3,0,1,0,,,,,무시무시하게 / 섬뜩하게 / 지독하게
39925,citational,no,,3,0,1,0,,,,,인용의 / 열거하는 / 표창의
39927,abridgeable,yes,,2,0,1,0,,,,,짧게 줄일 수 있는 / 축소할 수 있는
39928,leachy,yes,,2,0,2,0,,,,,다공질의 / 물을 스며들게 하는
39929,unprolific,yes,,2,0,1,0,,,,,불모의 / 생산력이 없는
39930,doter,yes,,2,0,1,0,,,,,노망난 사람 / 지독하게 좋아하는 사람
39931,derisiveness,yes,,3,0,1,0,,,,,조롱 / 조소 / 말도 안 됨
39933,crucifier,yes,,2,0,1,0,,,,,십자가에 못 박는 사람 / 호되게 비판하는 사람
39935,citatory,yes,,2,0,1,0,,,,,소환의 / 인용의
39936,citator,yes,,2,0,1,0,,,,,인용하는 것 / 판례 기록
39938,surveille,no,,2,0,2,0,,,,,…을 엄중한 감시하에 두다 / 감독하다
39942,intervenient,yes,,3,0,2,0,,,,,개재하는 / 사이에 일어나는 / 중재자
39944,unhandy,yes,,3,0,1,0,,,,,서투른 / 불편한 / 손재주가 없는
39946,unlicked,yes,,3,0,1,0,,,,,모양이 다듬어지지 않은 / 볼품 없는 / 버릇없는
39948,husbandless,yes,,1,0,1,0,,,,,남편이 없는
39949,husbander,yes,,1,0,1,0,,,,,절약하는 사람
39950,glariness,yes,,2,0,1,0,,,,,반짝반짝 빛남 / 눈부심
39951,furnacelike,yes,,2,0,1,0,,,,,용광로 같은 / 보일러 같은
39953,trudgen,yes,,2,0,2,0,,,,,양팔매 수영법의 일종 / 팔은 크롤식
39955,overjolt,no,,2,0,1,0,,,,,마약 과다 복용 / 마약을 과다 복용하다
39957,futileness,yes,,2,0,1,0,,,,,헛됨 / 소용없음
39958,futilitarian,yes,,3,0,1,0,,,,,무익론의 / 쓸데없는 일에 미쳐있는 / 이기적이고 편협한
39959,quakeproof,yes,,3,0,1,0,,,,,내진 구조로 짓다 / 내진 설계를 하다 / 지진에 안전한
39960,homelikeness,yes,,1,0,1,0,,,,,자기 집 같음
39966,vealy,yes,,3,0,1,0,,,,,송아지 같은 / 미숙한 / 풋내기의
39967,eyeappealing,no,,2,0,1,0,,,,,시선을 끄는 / 매력적인
39968,endenizen,yes,,2,0,1,0,,,,,귀화시키다 / …에 시민권을 주다
39969,denizenship,yes,,2,0,1,0,,,,,시민권 / 영주권
39976,decentness,yes,,3,0,1,0,,,,,괜찮음 / 적절함 / 온당함
39979,daydreamy,yes,,2,0,1,0,,,,,백일몽 같은 / 백일몽을 꾸는
39982,excursional,yes,,2,0,1,0,,,,,여행의 / 외도의
39987,furriery,yes,,3,0,1,0,,,,,모피업 / 모피 가공술 / 모피류
39988,dilatedness,yes,,1,0,1,0,,,,,확장
39989,dilatedly,yes,,2,0,1,0,,,,,확장되어 / 팽창해서
39990,matinal,yes,,2,0,1,0,,,,,아침의 / 아침 기도의
39992,remittee,yes,,2,0,1,0,,,,,어음 수취인 / 송금 수취인
39993,unstuffy,no,unstuff,3,0,1,0,,,,,답답한 기가 없는 / 음산하지 않은 / 딱딱하지 않은
39995,instituter,yes,,3,0,1,0,,,,,설립자 / 제정자 / 창시자
39999,depreciatingly,yes,,3,0,1,0,,,,,경시하여 / 깔보아서 / 얕보아
40000,pulpiteer,yes,,2,0,1,0,,,,,설교자 / 설교사
40003,stouten,yes,,2,0,1,0,,,,,튼튼하게 만들다 / 튼튼하게 하다
40004,stouty,yes,,1,0,1,0,,,,,가능한 한 빠른
40008,transpierce,yes,,2,0,1,0,,,,,…을 꿰뚫다 / 관통하다
40011,supernaturalize,yes,,3,0,1,0,,,,,…에 초자연성을 부여하다 / 초자연의 작용으로 짐작하다 / 초자연적으로 하다
40013,ejectable,yes,,3,0,1,0,,,,,쫓아낼 수 있는 / 튀어나오게 할 수 있는 / 탈출할 수 있는
40016,enlightenedly,yes,,3,0,1,0,,,,,깨우쳐 / 계몽되어 / 개화되어
40019,preintimate,no,reintimate,1,0,1,0,,,,,미리 알리다
40022,clarificant,no,clarifiant,1,0,1,0,,,,,청정제
40027,expertism,yes,,3,0,1,0,,,,,전문적 지식 / 숙달 / 숙련
40029,contestableness,yes,,3,0,1,0,,,,,경쟁을 벌일 만함 / 다퉈볼 만함 / 이의를 제기할 만함
40031,giganticness,yes,,1,0,1,0,,,,,거대함
40032,neurocirculatory,yes,,1,1,1,0,,,,,신경 순환의
40033,cardiocirculatory,no,,1,0,1,0,,,,,심장 순환기 계통의
40034,camouflager,yes,,1,0,1,0,,,,,위장하는 사람
40037,brainwasher,yes,,1,0,1,0,,,,,세뇌를 시키는 사람
40062,disobligingly,yes,,1,0,1,0,,,,,비협조적으로
40064,pulpless,yes,,3,0,1,0,,,,,과육이 없는 / 수가 없는 / 바짝 마른
40068,kyke,no,cyke|dyke|fyke|hyke|kike|kyle|kyte|pyke|tyke|wyke,1,0,1,0,,,,,유대인의 속어
40079,unprosperous,yes,,3,0,1,0,,,,,번영하지 않은 / 소망스러운 결과가 될 것 같지 않은 / 건강하지 않은
40100,fragilely,yes,,3,0,1,0,,,,,부서지기 쉬워 / 취약하여 / 허술하여
40105,impressionability,yes,,3,0,1,0,,,,,감동하기 쉬움 / 감수성이 강함 / 감수성
40129,naiff,no,naif,1,0,1,0,,,,,순진한
40132,haughtness,yes,,2,0,1,0,,,,,오만 / 거만
40135,unassuaged,yes,,3,0,1,0,,,,,달래지지 않은 / 만족하지 않은 / 진정되지 않은
40143,umimpeachable,no,unimpeachable,1,0,1,0,,,,,비난의 여지가 없는
40155,stronghearted,yes,,2,0,2,0,,,,,용감한 / 용기가 있는
40160,rejectamenta,yes,,3,0,2,0,,,,,폐물 / 폐기물 / 쓰레기
40173,brusque/brusk,no,,1,0,1,0,,,,,무뚝뚝한
40241,fullbore,no,,2,0,1,0,,,,,최고 속도로 움직이는 / 최대의 힘으로 작동하는
40301,chifforobe,yes,,2,0,1,0,,,,,시포로브 / 시퍼로브
40311,incunabulum,yes,,2,0,1,0,,,,,초기 간행본 / 요람기의 인쇄본
40348,grumly,yes,,2,0,1,0,,,,,시무룩하게 / 뚱하니
40380,faterhood,no,fatherhood,1,0,1,0,,,,,아버지임/아버지의 자격/부권
40386,inoculable,yes,,3,0,1,0,,,,,접종할 수 있는 / 면역이 아닌 / 접종 가능한
40391,downpouring,yes,,1,0,1,0,,,,,억수같이 비가 오는
40405,understuff,yes,,2,0,1,0,,,,,인원부족의 / 손이 모자라는
40441,medicalize,no,medialize,2,0,1,0,,,,,치료하다 / 환자로 받아들이다
40449,cartelize,yes,,1,0,2,0,,,,,카르텔화하다
40470,plasia,no,aplasia|blasia|plasma|plusia,1,0,1,0,,,,,「체조직 형성」의 뜻
40472,penia,no,penda|penial|penis|penna|pennia|penta|xenia,1,0,2,0,,,,,「…의 부족」의 뜻
40486,algia,no,alga|algic|algid|algin|alogia,1,0,1,0,,,,,「…통」의 뜻
40490,monosome,yes,,3,0,1,0,,,,,1염색체 / 모노솜 / 단일 리보솜
40493,epimysium,yes,,3,0,2,0,,,,,근외막 / 근육초 / 근상막
40519,dythymia,no,,1,0,1,0,,,,,순환성 우울장애
40522,confabulaion,no,confabulation,1,0,1,0,,,,,작화증 [조작된 이야기로 기억의 결함을 메꾸려는 것
40524,circumstantiality,yes,,3,0,1,0,,,,,상세함 / 사정 / 정세
40525,caralepsy,no,catalepsy,1,0,1,0,,,,,강직증 [부동자세를 취하는 행동장애
40526,terpolymer,no,,3,0,1,0,,,,,터폴리머 / 삼합체 / 3량체
40534,affreight,yes,,1,0,1,0,,,,,화물선으로서 용선하다
40536,quintuplicate,yes,,3,0,1,0,,,,,…을 5통 복사하다 / 5개 / 5통 복사
40564,risidue,no,residue,2,0,1,0,,,,,잔여물 / 나머지
40566,diaphragmatically,yes,,2,0,1,0,,,,,횡격막으로 / 격막 모양으로
40568,increate,yes,,2,0,1,0,,,,,창조되지 않은 / 창조되지 않고 처음부터 존재하는
40579,unisonant,yes,,2,0,1,0,,,,,음이 일치하는 / 동음의
40583,enneagon,yes,,2,0,1,0,,,,,9각형 / 9변형
40597,jurisprudent,yes,,1,0,2,0,,,,,법률에 정통한
40599,tchick,yes,,3,0,1,0,,,,,끌끌 / 끌끌하고 혀를 차다 / 이런 쯧쯧
40602,esoterical,yes,,3,0,1,0,,,,,비밀의 / 심원한 / 난해한
40608,highhandedness,yes,,2,0,1,0,,,,,고압적임 / 독단적임
40630,lickspit,yes,,2,0,1,0,,,,,아첨꾼 / 알랑거리다
40646,irrefragable,yes,,3,0,1,0,,,,,거절할 수 없는 / 부정할 수 없는 / 엉뚱한
40659,grubstreet,yes,,3,0,1,0,,,,,삼문 문사가 쓴 / 저급의 / 가난한 삼류작가들
40662,hucksterize,yes,,3,0,1,0,,,,,…에 억지로 강요하는 수단을 쓰다 / …에 강요하다 / 강매하다
40669,farmout,no,farmost,3,0,1,0,,,,,임대 / 리스 / 임대물
40684,supracellular,no,,3,0,1,0,,,,,세포보다 위의 / 세포보다 큰 / 세포 이상의
40685,nonpermissive,no,,1,0,1,0,,,,,복제를 허용하지 않는
40702,denervate,yes,,1,0,1,0,,,,,…의 신경을 마비시키다
40711,duikerbok,yes,,2,0,1,0,,,,,다이커 / 영양의 일종
40717,vaunty,yes,,2,0,1,0,,,,,자랑하는 / 자만하는
40729,moider,yes,,3,0,1,0,,,,,어리둥절하게 하다 / 괴롭히다 / 초조하게 하다
40731,cetology,yes,,3,0,3,0,,,,,고래 연구 / 경학 / 고래학
40743,fyce,no,dyce|face|fice|fyke|syce,3,0,1,0,,,,,잡종 강아지 / 쓸모없는 사람 / 시시한 놈
40763,pseudarthrosis,yes,,1,0,1,0,,,,,위관절[가관절
40765,mellituria,no,melituria,1,0,1,0,,,,,당뇨병
40766,intestin,no,intestine,2,0,1,0,,,,,장 / 창자
40768,lipomatous,yes,,1,0,1,0,,,,,지방종성
40773,gonarthrosis,no,,1,0,1,0,,,,,무릎관절염/ 슬관절염
40775,posterize,yes,,1,0,1,0,,,,,적이나 라이벌을 당황하게 하다
40782,texturize,no,,1,0,2,0,,,,,특정한 결을 내다
40789,protectedness,no,,1,0,1,0,,,,,안전함
40797,thermit,yes,,2,0,1,0,,,,,테르밋 / 용접에 이용됨
40798,regenerable,no,regnerable,2,0,1,0,,,,,재생이 가능한 / 혁신할 수 있는
40820,lordling,yes,,3,0,3,0,,,,,소군주 / 소공자 / 시시한 귀족
40827,deferable,yes,,2,0,2,0,,,,,연기할 수 있는 / 징병 유예를 받을 자격이 있는
40840,vindicative,yes,,3,0,2,0,,,,,변명적인 / 옹호하는 / 징벌의
40886,growable,yes,,1,0,1,0,,,,,키울 수 있는
40922,allusively,yes,,1,0,1,0,,,,,암시적으로
40926,overinterpretation,no,,3,0,2,0,,,,,과대 해석 / 지나친 해석 / 확대 해석
40939,guideboard,yes,,1,0,1,0,,,,,길 안내판
40941,resultingly,yes,,3,0,1,0,,,,,결국 / 결과로서 / 결과적으로
40953,delightedness,yes,,1,0,1,0,,,,,아주 기뻐함
40957,spillback,no,,1,0,1,0,,,,,차량 혼잡
40961,unvaryingly,yes,,1,0,1,0,,,,,한결같이
40982,chrisake,no,,3,0,1,0,,,,,제발 / 정말 / 맙소사
41025,blimy,yes,,3,0,3,0,,,,,어렵쇼 / 이런 / 저런
41036,Egyptain,no,egyptian,2,0,1,0,,,,,이집트인 / 이집트 어
41039,ancle,no,acle|ancile|anele|angle|anile|ankle|anole|uncle,2,0,1,0,,,,,발목 / 복사뼈
41045,cobelligerent,yes,,3,0,1,0,,,,,공동 참전국 / 함께 싸우는 / 맹방
41046,acopic,yes,,1,0,1,0,,,,,피로 회복의
41048,epigene,yes,,3,0,3,0,,,,,표면에서 생성된 / 외력적인 / 화학적으로 변질된
41051,unwarned,yes,,2,0,1,0,,,,,예고 없는 / 경고받지 않은
41071,retranscription,yes,,1,0,1,0,,,,,재전사
41094,laggardly,yes,,1,0,1,0,,,,,꾸물꾸물
41099,hurryingly,yes,,3,0,1,0,,,,,서둘러 / 재촉하여 / 급히
41102,aggrievedly,yes,,2,0,1,0,,,,,분개하여 / 억울해 하며
41108,floutingly,yes,,2,0,1,0,,,,,어겨 / 무시하여
41110,eventfully,yes,,2,0,1,0,,,,,다사다난하게 / 파란만장하게
41118,cumbersomely,yes,,2,0,1,0,,,,,크고 무겁게 / 다루기 힘들게
41119,adherently,yes,,3,0,1,0,,,,,부착하여 / 접착성으로 / 따라
41126,babblingly,yes,,3,0,1,0,,,,,왁자지껄하게 / 횡설수설하며 / 졸졸거리며
41128,deterrently,no,,2,0,1,0,,,,,단념시키며 / 제지하여
41131,imperviously,yes,,3,0,2,0,,,,,에 영향을 받지 않고 / 통과시키지 않고 / 불침투성으로
41168,ill-advised,yes,,2,0,1,0,,,,,경솔한 / 현명하지 못한
41169,duke it out,yes,,1,0,1,0,,,,,끝장을 보기 위해 싸우다
41175,rinky-dink,no,,2,0,1,0,,,,,싸구려의 / 보잘것없는
41184,bachelorship,yes,,1,0,1,0,,,,,독신
41189,fradulently,no,fraudulently,1,0,1,0,,,,,부정하게
41198,reproachable,yes,,2,0,1,0,,,,,비난할 만한 / 나무라야 할
41200,inconsequentiality,yes,,3,0,1,0,,,,,대수롭지 않음 / 하찮음 / 비논리성
41202,implacableness,yes,,3,0,1,0,,,,,확고함 / 바꿀 수 없음 / 완강함
41219,calvinize,yes,,2,0,1,0,,,,,칼뱅교도로 만들다 / 칼뱅교도가 되다
41225,antilogy,yes,,1,0,1,0,,,,,전후 모순
41238,aerostatics,yes,,3,0,1,0,,,,,공기 정역학 / 경항공기학 / 기체 정역학
41240,achillean,yes,,3,0,1,0,,,,,아킬레스의 / 불사신의 / 힘이 장사인
41257,deuteranope,yes,,1,0,1,0,,,,,제2색맹을 가진 사람
41259,catchlight,no,,1,0,1,0,,,,,반짝이는 반사광
41268,armtwisting,no,,3,0,1,0,,,,,강압 / 강제 / 그러한 압력을 가하기
41285,causticity,yes,,3,0,1,0,,,,,부식성 / 신랄함 / 가성
41288,dilatant,yes,,3,0,2,0,,,,,다일레이턴트 / 부푸는 / 팽창성의 물건
41291,fractography,no,,1,0,1,0,,,,,금속의 깨진 면·구조상의 흠 등의 현미경 관찰
41303,peritectic,yes,,1,0,1,0,,,,,포정의
41323,diversional,yes,,2,0,1,0,,,,,기분 전환이 되는 / 재미 나는
41327,sedentarily,yes,,3,0,1,0,,,,,눌러 앉아서 / 앉기를 좋아하여 / 정주하여
41333,ill-founded,no,,1,0,1,0,,,,,근거 없는
41342,mananger,no,manager,1,0,1,0,,,,,부장
41343,recognizant,yes,,3,0,1,0,,,,,의식하는 / 알아차리는 / 인정하는
41349,picocurie,no,,1,0,1,0,,,,,피코퀴리
41351,psychometrician,yes,,1,0,1,0,,,,,정신측정자
41359,dithery,yes,,3,0,1,0,,,,,떨리는 / 초조해 하는 / 안절부절못하는
41363,isochor,yes,,2,0,1,0,,,,,등용 변화 / 등용식
41364,deuterate,no,,2,0,1,0,,,,,중수소를 넣다 / 중수소화하다
41365,oxazine,yes,,1,0,1,0,,,,,옥사진
41381,gyppo,yes,,3,0,1,0,,,,,삯일 / 속이다 / 일용 노동자
41394,goatish,yes,,3,0,2,0,,,,,염소 같은 / 음란한 / 호색의
41421,eloge,yes,,3,0,1,0,,,,,찬사 / 추도 연설 / 추도사
41431,mycorhiza,yes,,2,0,2,0,,,,,균뿌리 / 균근
41455,resemblant,yes,,3,0,1,0,,,,,유사한 / 닮은 / 재현하는
41457,unclose,yes,,3,0,1,0,,,,,…을 열다 / 드러내다 / 폭로하다
41463,filmscript,no,,2,0,1,0,,,,,영화 각본 / 시나리오
41475,pedit,no,edit|perit|petit|pewit,1,0,1,0,,,,,페딧  좌표확인
41476,matchprop,no,,1,0,1,0,,,,,매치프롬 속성 복사
41484,gemutlich,no,,3,0,1,0,,,,,마음 편한 / 느낌이 좋은 / 기분이 좋은
41520,euthymic,no,,1,0,1,0,,,,,평상의
41526,firstling,yes,,3,0,1,0,,,,,첫수확 / 최초의 결과 / 맏물
41533,seizable,yes,,2,0,2,0,,,,,잡을 수 있는 / 압류할 수 있는
41534,citification,yes,,2,0,1,0,,,,,도시화 / 도시인화
41539,fringer,no,bringer|cringer|finger|flinger|fringe|fringed|ringer|wringer,3,0,2,0,,,,,과격론자 / 일탈자 / 이단자
41542,substantialize,yes,,3,0,3,0,,,,,실체화하다 / 실재화하다 / 실현하다
41549,patriate,no,patrizate,1,0,2,0,,,,,개정 권한을 영국 정부에서 캐나다 연방 정부로 이양하다
41551,inkslinger,yes,,3,0,1,0,,,,,작가 / 삼류 작가 / 편집자
41552,incant,no,incan|incast|infant,1,0,2,0,,,,,주문을 외다
41557,libelant,yes,,3,0,1,0,,,,,신청자 / 원고 / 명예 훼손자
41566,profluent,yes,,1,0,1,0,,,,,도도히 흐르는
41570,revulsed,yes,,2,0,2,0,,,,,반감을 가진 / 혐오하는
41572,indign,yes,,3,0,1,0,,,,,부당한 / 어울리지 않는 / 가치 없는
41576,planish,yes,,3,0,1,0,,,,,망치 등으로 쳐서 평평하게 하다 / 롤러로 윤내다 / 편평하게 하다
41581,charlatanry,yes,,2,0,1,0,,,,,허풍 / 야바위
41583,causable,yes,,1,0,1,0,,,,,야기할 수 있는
41588,propagable,yes,,2,0,1,0,,,,,보급할 수 있는 / 전할 수 있는
41589,fasciate,yes,,3,0,1,0,,,,,동여맨 / 묶은 / 띠 모양의 줄무늬가 있는
41596,cacumen,no,acumen,2,0,1,0,,,,,정점 / 절정
41602,feasance,yes,,3,0,3,0,,,,,이행 / 작위 / 행위
41605,votable,yes,,3,1,1,0,,,,,투표로 정할 수 있는 / 표결에 부칠 수 있는 / 투표권을 가지는
41607,anthropo,no,anthropos,1,1,2,0,,,,,「사람」의 뜻
41609,pudicity,yes,,3,0,2,0,,,,,조심성 / 정절 / 정숙
41610,pudic,yes,,1,0,1,0,,,,,외음부의
41611,inurn,yes,,3,0,1,0,,,,,매장하다 / 매장용 유골 단지에 넣다 / 납골하다
41614,pulverator,no,,1,0,1,0,,,,,분쇄기
41617,bronchotomy,yes,,1,0,1,0,,,,,기관지 절개
41620,tauriform,yes,,1,0,1,0,,,,,수소 모양의
41623,ferous,no,cerous|fergus|ferrous|serous,3,0,1,0,,,,,「…을 생기게 하다 / 산출하다 / 포함하다」의 뜻
41625,viruliferous,yes,,1,0,1,0,,,,,병원체를 가지는
41627,ethereality,yes,,3,0,1,0,,,,,지극히 가볍고 여림 / 천상의 것과 같음 / 영묘함
41628,facetiae,yes,,3,0,1,0,,,,,익살맞은 글 / 익살 / 외설책
41629,mercery,yes,,3,0,1,0,,,,,직물점 / 피륙점 / 피륙
41633,reliction,yes,,2,0,2,0,,,,,수위 감퇴에 의한 토지의 증대 / 수위 감퇴 고정지
41634,attrit,no,attrist|attrite,2,0,1,0,,,,,예상되는 소모율 / 반복 공격으로 소모시키다
41636,glomerate,yes,,3,0,2,0,,,,,공 모양으로 모인 / 굳어진 / 덩어리 모양의
41638,roborant,yes,,3,0,1,0,,,,,힘을 북돋우는 / 강장제 / 강장하게 하는
41640,revendicate,yes,,2,0,1,0,,,,,회복을 제소하다 / 회복하다
41642,iterant,yes,,2,0,1,0,,,,,반복하는 / 되풀이하는
41650,ephebus,yes,,1,0,2,0,,,,,청년시민
41657,presurmise,yes,,3,0,3,0,,,,,사전에 억측 하다 / 사전에 하는 억측 / 사전의 억측
41658,skepsis,no,scepsis|sepsis,2,0,1,0,,,,,회의 / 회의적 견해
41663,pudency,yes,,3,0,1,0,,,,,수줍음 / 겸손 / 내성적임
41665,grasseater,no,,2,0,1,0,,,,,경찰관 / 수회 경관
41666,prosage,no,presage|prisage,1,0,1,0,,,,,프로시지
41669,naderism,no,,1,0,1,0,,,,,소비자 보호 운동
41672,eptitude,no,aptitude,2,0,4,0,,,,,능력 / 솜씨
41687,presentient,yes,,2,0,2,0,,,,,예감적인 / 예감하는
41693,biforate,no,biborate|biflorate,1,0,1,0,,,,,두 구멍의
41694,arrestive,yes,,3,0,1,0,,,,,이목을 끌기 쉬운 / 저지하는 / 눈에 띄는
41700,sciolto,no,,2,0,1,0,,,,,자유롭게 / 가볍게
41701,scintigram,no,,1,0,1,0,,,,,신티그램
41702,scincoid,yes,,1,0,1,0,,,,,도마뱀의
41704,machy,no,achy|machi|mashy|matchy,1,0,1,0,,,,,「싸움」의 뜻
41705,sacrebleu,no,,2,0,2,0,,,,,젠장 / 제기랄
41710,hyperaggressive,no,,1,0,1,0,,,,,매우 공격적인
41720,folksiness,yes,,3,0,1,0,,,,,서민적임 / 소탈함 / 전통적임
41759,rigorism,yes,,2,0,1,0,,,,,엄격주의 / 리거리즘
41773,fatiguingly,yes,,1,0,1,0,,,,,고된 방법으로
41792,fonticulus,yes,,1,0,1,0,,,,,숫구멍
41809,endomysium,yes,,1,0,1,0,,,,,근섬유막
41810,mosquitoey,yes,,1,0,1,0,,,,,모기가 많은
41820,carcin,no,cardin|carlin,1,0,1,0,,,,,「게」 「종양」 「암」의 뜻
41831,glumpy,yes,,3,0,1,0,,,,,시무룩한 / 침울한 / 부루퉁한
41834,chiphead,no,,1,0,1,0,,,,,컴퓨터광
41839,agapeic,no,,1,0,1,0,,,,,아가페적 사랑의
41843,eroto,no,proto|roto,1,0,1,0,,,,,「성욕」의 뜻
41846,unextinguishable,yes,,3,0,1,0,,,,,끌 수 없는 / 말릴 수 없는 / 억제할 수 없는
41847,unextinguished,yes,,3,0,1,0,,,,,꺼지지 않고 남은 / 꺼지지 않은 / 소멸되지 않은
41863,entreeee,no,,1,0,1,0,,,,,입구
41871,corruptable,no,corruptible,1,0,1,0,,,,,부패하기 쉬운
41874,navaid,no,,2,0,2,0,,,,,항해용 기기 / 항법 보조 시설
41885,cirriform,yes,,2,0,1,0,,,,,권운 모양의 / 덩굴손 모양의
41905,sweepback,yes,,1,0,1,0,,,,,후퇴각
41906,agonic,yes,,2,0,1,0,,,,,각을 이루지 않는 / 무편각선의
41913,disgrunt,no,,1,0,1,0,,,,,내뱉듯이 말하다
41918,annualize,yes,,2,1,3,0,,,,,연간 계산하다 / 년을 기준으로 계산하다
41921,yubormoq,no,,1,0,1,0,,,,,보내다
41922,chaqmoq,no,,1,0,1,0,,,,,쪼개다
41923,solmoq,no,,1,0,1,0,,,,,채우다
41924,ishonmoq,no,,1,0,1,0,,,,,믿다
41926,yugurmoq,no,,1,0,1,0,,,,,달리다
41927,ulgurmoq,no,,1,0,1,0,,,,,이르다
41928,shoshmoq,no,,1,0,1,0,,,,,서두르다
41929,tayyorlamoq,no,,1,0,1,0,,,,,준비하다
41930,xavotirlanmoq,no,,1,0,1,0,,,,,걱정하다
41932,nishonlanmoq,no,,1,0,1,0,,,,,경축하다
41933,pishirilmoq,no,,1,0,1,0,,,,,요리되다
41935,tegmoq,no,,1,0,1,0,,,,,만지다
41936,tashlamoq,no,,1,0,1,0,,,,,버리다
41940,tekkixmoq,no,,1,0,1,0,,,,,손대다
41942,urmoq,no,,1,0,1,0,,,,,때리다
41943,tuzalmoq,no,,1,0,1,0,,,,,회복하다
41945,yashirmoq,no,,1,0,1,0,,,,,숨기다
41947,tanlamoq,no,,1,0,1,0,,,,,선택하다
41948,ovqatlanmoq,no,,1,0,1,0,,,,,식사하다
41949,charchamoq,no,,1,0,1,0,,,,,피곤하다
41950,kirmoq,no,,1,0,1,0,,,,,들어가다
41951,aylanmoq,no,,1,0,1,0,,,,,산책(구경)하다
41952,haydamoq,no,,1,0,1,0,,,,,운전하다
41953,demoq,no,demob|demon|demos,1,0,1,0,,,,,말하다
41954,chaqirmoq,no,,1,0,1,0,,,,,부르다
41955,almashtirmoq,no,,1,0,1,0,,,,,환전하다
41956,tiktirmoq,no,,1,0,1,0,,,,,꿰매게하다
41958,yashamoq,no,,1,0,1,0,,,,,살다
41960,damlamoq,no,,1,0,1,0,,,,,우려내다
41961,tinglamoq,no,,1,0,1,0,,,,,듣다
41963,sotmoq,no,,1,0,1,0,,,,,팔다
41964,kutmoq,no,,1,0,1,0,,,,,기다리다
41965,tushmoq,no,,1,0,1,0,,,,,내리다. 타다
41967,hisoblamoq,no,,1,0,1,0,,,,,간주하다
41968,tozalamoq,no,,1,0,1,0,,,,,청소하다
41969,qatnashmoq,no,,1,0,1,0,,,,,참가하다
41970,yuvinmoq,no,,1,0,1,0,,,,,씻다
41971,boshlanmoq,no,,1,0,1,0,,,,,시작되다
41972,kiyinmoq,no,,1,0,1,0,,,,,옷 입다
41973,turmoq,no,,2,0,1,0,,,,,"""일어나다; 서다"" / ""일어나다"""
41975,qilmoq,no,,1,0,1,0,,,,,하다
41977,boshlamoq,no,,1,0,1,0,,,,,시작하다
41978,chiqmoq,no,,2,0,1,0,,,,,"""나가다"" / ""타다"""
41980,uchrashmoq,no,,1,0,1,0,,,,,만나다
41981,qaytmoq,no,,1,0,1,0,,,,,돌다; 되돌아오다
41982,ishlamoq,no,,1,0,1,0,,,,,일하다
41984,yurmoq,no,,2,0,1,0,,,,,"""지내다"" / ""걷다"""
41985,yotmoq,no,,1,0,1,0,,,,,눕다
41987,uxlamoq,no,,1,0,1,0,,,,,자다
41989,uylanmoq,no,,1,0,1,0,,,,,장가가다
41990,tanishmoq,no,,1,0,1,0,,,,,소개하다
41991,ketmoq,no,,1,0,1,0,,,,,가다
41992,kelmoq,no,,1,0,1,0,,,,,오다
41993,qolmoq,no,,2,0,1,0,,,,,남다 / 머무르다
41995,gapirmoq,no,,1,0,1,0,,,,,말하다
41996,bormoq,no,,1,0,1,0,,,,,가다; 다니다
42023,ureterolithiasis,yes,,1,0,1,0,,,,,요관돌증
42032,cheiloplasty,no,chiloplasty,2,0,1,0,,,,,입술 형성 / 입술 성형 수술
42039,tautomerization,yes,,1,0,1,0,,,,,상호변이
42044,limitrophe,yes,,3,0,1,0,,,,,경계에 있는 / 인접한 / 국경의
42046,grabble,yes,,3,0,1,0,,,,,손으로 더듬다 / 네발로 기다 / 움켜잡다
42069,runlet,yes,,3,0,2,0,,,,,시내 / 개울 / 작은 통
42147,frigidarium,yes,,2,0,1,0,,,,,냉수욕실 / 냉욕장
42163,snubby,yes,,3,0,5,0,,,,,콧방귀 뀌는 / 사자코의 / 짤막하고 뭉툭한
42164,antigraft,yes,,1,0,1,0,,,,,반부정부패
42168,blurrily,no,,2,0,1,0,,,,,흐릿하게 / 모호하게
42169,ripply,yes,,3,0,1,0,,,,,잔물결 같은 / 소근거리는 / 잔물결이 이는
42178,scrouge,yes,,2,0,1,0,,,,,밀어넣다 / 채워넣다
42182,offput,no,offcut,2,0,1,0,,,,,당혹시키다 / 당황하게 하다
42188,unfordable,yes,,1,0,1,0,,,,,걸어서 건널 수 없는
42190,temporocentrism,no,,1,0,1,0,,,,,동시대 중심주의
42199,halolike,yes,,2,0,1,0,,,,,광륜 같은 / 광관 같은
42201,hamfatter,yes,,3,0,1,0,,,,,서투른 주제에 과시벽이 있는 연기자 / 엉터리 배우 / 하급 배우
42203,hereout,no,thereout|whereout,2,0,2,0,,,,,여기에서 / 이것에서
42205,impartible,yes,,2,0,2,0,,,,,분할할 수 없는 / 불가분의
42207,icono,no,icon,1,1,1,0,,,,,「상」 「유사물」의 뜻
42208,inclinatory,yes,,2,0,1,0,,,,,경사의 / 기울어져 있는
42209,inclinable,yes,,3,0,1,0,,,,,경향이 있는 / 하고 싶어하는 / 기울일 수 있는
42216,gossoon,yes,,3,0,1,0,,,,,소년 / 젊은이 / 머슴
42217,galloon,yes,,3,0,1,0,,,,,가는 끈 / 좁다란 레이스 / 끈목
42220,grumblingly,yes,,3,0,1,0,,,,,투덜거리며 / 툴툴거리며 / 우르릉거리며
42228,folivore,no,,3,0,1,0,,,,,엽식 동물 / 엽식수 / 초식 동물
42229,folious,yes,,1,0,1,0,,,,,「…엽의」의 뜻
42236,integrodifferential,yes,,2,0,1,0,,,,,미적분의 / 적분 미분의
42237,icosa,no,,1,1,1,0,,,,,「20」의 뜻
42242,physiognomist,yes,,3,0,2,0,,,,,관상가 / 관상학자 / 인상학자
42245,pinchpenny,yes,,3,0,3,0,,,,,구두쇠 / 인색한 / 욕심쟁이
42246,polyarchy,yes,,1,0,2,0,,,,,다두 정치
42247,polycentrism,no,,2,0,1,0,,,,,다중심주의 / 다극 구조
42260,omniparity,yes,,1,0,2,0,,,,,완전 평등
42274,neatherd,yes,,1,0,1,0,,,,,소치는 사람
42275,neuropsychic,yes,,1,0,1,0,,,,,신경 심리의
42283,jutty,yes,,3,0,1,0,,,,,돌출하다 / 돌출부 / 돌제
42287,calisthenical,yes,,1,0,1,0,,,,,건강체조의
42289,deglamorize,no,,1,0,1,0,,,,,…의 매력을 빼앗다
42292,delayering,no,,2,0,2,0,,,,,직계 축소 / 직계의 간소화
42302,entomo,no,entomb,1,1,2,0,,,,,「곤충」의 뜻
42306,ephebe,yes,,1,0,2,0,,,,,청년
42307,enfoldment,yes,,2,0,2,0,,,,,안아주기 / 감싸기
42310,encephalo,no,encephala|encephalon,1,1,1,0,,,,,「뇌」의 뜻
42312,elatedly,yes,,2,0,1,0,,,,,마냥 행복해 하며 / 아주 신이 나서
42313,droningly,yes,,3,0,1,0,,,,,웅웅거리며 / 무위도식하며 / 빈둥거리며
42319,citizenly,yes,,1,0,1,0,,,,,시민다운
42328,conventionary,yes,,3,0,1,0,,,,,명문화된 협정에 따른 / 협정 차지 / 협정 차지인
42330,crani,no,crain|cran|crane|crania|cranic|crank|irani|rani,1,0,1,0,,,,,「두개」의 뜻
42333,brevipennate,yes,,2,1,2,0,,,,,단익의 / 날개가 짧은
42338,bleacherite,yes,,1,0,1,0,,,,,외야석의 관람객
42343,bumbledom,yes,,2,0,1,0,,,,,하급 공무원 근성 / 벼슬아치 근성
42348,applicably,yes,,2,0,2,0,,,,,적용할 수 있게 / 해당되게
42354,aurigo,no,auriga,1,0,1,0,,,,,황달
42361,prepotence,yes,,2,0,1,0,,,,,우세 / 우성 유전
42368,perquisition,yes,,1,0,1,0,,,,,철저한 수사
42373,omnigenous,yes,,2,0,1,0,,,,,온갖 종류의 / 모든 종류의
42378,orgulous,yes,,3,0,1,0,,,,,긍지가 높은 / 교만한 / 훌륭한
42389,colleaguesmanship,no,,1,0,1,0,,,,,우수한 동료와의 접촉에 따른 이점을 강조하여 대학 등에 우수한 인재를 초빙하는 일
42392,bolsterer,yes,,1,0,1,0,,,,,부추기는 사람
42394,broadbanding,no,,1,0,1,0,,,,,작업 분담 영역의 확대
42395,brevetcy,yes,,1,0,1,0,,,,,명예 계급
42397,bimodality,yes,,1,0,1,0,,,,,이중 모드
42399,bumbleheaded,no,,3,0,1,0,,,,,서투른 / 꿈지럭거리는 / 어리석은
42410,apriorism,yes,,3,0,1,0,,,,,연역적 추론 / 선천 주의 / 선험 적 가정
42411,autosuggestive,yes,,1,0,1,0,,,,,자기 암시의
42415,equifinal,no,,1,0,1,0,,,,,같은 결과로 되는
42417,excludability,no,,1,0,1,0,,,,,배제 가능성
42420,dendro,no,denaro|dendron,1,0,1,0,,,,,「수목」의 뜻
42421,divestible,yes,,1,0,1,0,,,,,박탈할 수 있는
42422,dissensus,no,,1,0,1,0,,,,,의견 불일치
42423,denegation,yes,,3,0,1,0,,,,,거절 / 부인 / 부정
42426,declaimer,yes,,1,0,1,0,,,,,열변을 토하는 사람
42427,denunciator,yes,,2,0,1,0,,,,,탄핵자 / 비난자
42428,diaphaneity,yes,,1,0,1,0,,,,,투명도
42436,configurate,yes,,3,0,12,0,,,,,형성하다 / 일치하다 / 만들다
42440,coinsurer,no,coinsure,1,0,1,0,,,,,공동 보험자
42445,somato,no,pomato|somata|tomato,1,1,1,0,,,,,「신체」의 뜻
42451,slily,no,lily|saily|silly|slimly|slimy|slyly|smily|soily,3,0,1,0,,,,,교활하게 / 장난스럽게 / 몰래
42453,regild,yes,,1,0,1,0,,,,,다시 도금하다
42459,unhailed,yes,,2,0,1,0,,,,,열렬한 환영을 받지 못한 / 큰 소리로 부르지 않은
42460,unenvied,yes,,1,0,1,0,,,,,부러워하는 사람이 없는
42462,unscanned,yes,,1,0,1,0,,,,,음각으로 갈리지 않은
42466,toothcomb,yes,,2,1,1,0,,,,,참빗 / 살이 가는 빗
42477,visard,no,vizard,3,0,1,0,,,,,복면 / 가면 / 챙
42482,uncoined,yes,,3,0,1,0,,,,,진짜의 / 아직 주화되지 않은 / 경화로 주조되지 않은
42483,utterless,yes,,1,0,1,0,,,,,말로 표현할 수 없는
42494,investitive,yes,,3,0,1,0,,,,,관직을 수여하는 / 임관의 / 투자의
42497,uncompromisable,no,,1,0,1,0,,,,,타협할 수 없는
42498,unchary,yes,,3,0,1,0,,,,,부주의한 / 아끼지 않는 / 조심성 없는
42499,undecked,yes,,3,0,1,0,,,,,갑판이 없는 / 장식이 없는 / 꾸미지 않은
42500,unwit,no,inwit|unbit|unfit|unhit|unit|unlit|unwet|unwig|unwist|unwrit,2,0,1,0,,,,,발광하게 하다 / 미치게 하다
42506,uprush,yes,,3,0,2,0,,,,,갑작스러운 분출 / 급격한 고조 / 급증
42508,unbiddable,yes,,3,0,1,0,,,,,온순하지 않은 / 다루기 힘든 / 순종하지 않는
42509,unbid,yes,,3,1,3,0,,,,,자발적인 / 초대받지 않은 / 명령받지 않은
42517,transfixion,yes,,2,0,1,0,,,,,그 자리에 못박힌 듯 움직이지 못함 / 관통
42527,scootch,no,scotch,2,0,2,0,,,,,약간 옮기다 / 살짝 움직이다
42529,seignorial,yes,,2,0,1,0,,,,,군주의 / 영주의
42550,holeproof,yes,,3,0,1,0,,,,,빠져나갈 구멍이 없는 / 구멍이 잘 뚫어지지 않는 / 결점 없는
42552,polarograph,yes,,2,0,1,0,,,,,폴라로그래프 / 전기 분해 자동 기록기
42561,eliminable,yes,,1,0,3,0,,,,,제거할 수 있는
42564,flannelet,no,flanneled,1,0,1,0,,,,,면플란넬
42579,farmost,yes,,1,0,1,0,,,,,가장 먼
42582,futureness,yes,,1,0,2,0,,,,,미래성
42597,amscray,no,,2,0,1,0,,,,,나가다 / 떠나다
42598,substantialism,yes,,1,0,2,0,,,,,실재론
42611,retrofire,no,,1,0,1,0,,,,,점화하다
42616,rugula,no,regula,1,0,1,0,,,,,잔주름
42622,prepositive,yes,,2,0,1,0,,,,,전치의 / 전치어
42630,vection,yes,,1,0,1,0,,,,,병원체 전염
42632,rigadoon,yes,,3,0,1,0,,,,,리고동 / 리고동의 곡 / 그 곡
42640,yakky,no,yakka|yanky,3,0,1,0,,,,,말이 많은 / 수다스러운 / 시끄러운
42650,tuboplasty,no,,1,0,1,0,,,,,관성형술
42653,poind,yes,,3,0,1,0,,,,,압류하여 경매하다 / 몰수하다 / 압류
42655,multiplepoinding,yes,,2,0,1,0,,,,,경합 수속을 밟는 사람 / 경합 권리자 확인 수속
42657,retardate,yes,,1,0,3,0,,,,,지능이 뒤진 사람
42660,goaf,yes,,3,0,1,0,,,,,채굴자리 / 폐석 / 버력
42662,outtalk,yes,,2,0,2,0,,,,,…을 입씨름으로 패배시키다 / …보다 빨리 말하다
42664,clouter,yes,,1,0,1,0,,,,,때리는 사람
42667,griper,yes,,2,0,1,0,,,,,불평을 늘어놓는 사람 / 불평가
42668,reconvention,yes,,3,0,1,0,,,,,반소 / 반소하다 / 반대 요구
42669,duplicitously,no,,3,0,1,0,,,,,일구이언하여 / 표리부동하게 / 불성실하게
42680,devilishness,yes,,3,0,1,0,,,,,사악함 / 악마 같음 / 악마적임
42681,chuddies,no,,1,0,2,0,,,,,팬츠
42711,toilful,yes,,3,0,1,0,,,,,고달픈 / 고된 / 힘든
42722,purposiveness,yes,,2,0,1,0,,,,,목적있음 / 의도적인
42727,sitomania,yes,,3,0,1,0,,,,,폭식증 / 병적 기아 / 이상 식욕
42730,detoxication,yes,,1,0,2,0,,,,,해독
42733,maldigestion,yes,,1,0,1,0,,,,,소화불량
42734,hyperosmia,yes,,1,0,1,0,,,,,후각 과민
42737,migraineur,no,,1,0,1,0,,,,,편두통 환자
42738,horsepox,yes,,2,0,1,0,,,,,말의 두창 / 마두
42740,thoracoscopy,yes,,1,0,1,0,,,,,흉강경검사
42747,prolongate,yes,,5,0,1,0,,,,,장기화하다 / 연장하다 / 길어지다 / 지속되다 / 오랫동안
42748,scapegoatism,yes,,1,0,1,0,,,,,책임전가
42749,veepstake,no,,1,0,3,0,,,,,부통령 지명
42754,unwinking,yes,,3,0,1,0,,,,,눈 한 번 깜짝 않는 / 경계를 게을리 하지 않는 / 계속 주시하는
42763,calmative,yes,,3,0,5,0,,,,,진정시키는 / 진정 / 진정제
42765,skeigh,yes,,3,0,1,0,,,,,힘이 왕성한 / 위세가 좋은 / 거만한
42778,untact,no,intact|unact|unfact|untack|untaut,2,0,1,0,,,,,비대면 / 비접촉
42779,immergence,yes,,3,0,2,0,,,,,담금 / 뛰어듦 / 가리어짐
42784,evapotranspire,no,,1,0,3,0,,,,,증발 발산시키다
42787,commemorabilia,no,,1,0,1,0,,,,,유명한 사람 또는 사건을 기억하거나 기리기 위한 제작물
42797,decolorization,yes,,2,0,1,0,,,,,탈색 / 탈색법
42801,renegado,yes,,3,0,1,0,,,,,변절자 / 배교자 / 배반하다
42802,quisle,yes,,3,0,1,0,,,,,변절하다 / 변절자가 되다 / 배반하다
42805,braggartism,yes,,2,0,1,0,,,,,큰 자랑 / 호언
42813,rubout,no,runout,2,0,3,0,,,,,말살 / 살인
42816,engarland,yes,,1,0,1,0,,,,,…을 화환으로 꾸미다
42821,bleakish,yes,,3,0,1,0,,,,,암울한 / 황량한 / 음산한
42828,rightaboutface,no,,3,0,2,0,,,,,뒤로 돌아 / 전환 / 방향 전환
42829,upgather,yes,,3,0,1,0,,,,,모으다 / 긁어 모으다 / 수집하다
42832,libertinage,yes,,2,0,1,0,,,,,자유로운 행동 / 방종
42834,transpiratory,yes,,2,0,1,0,,,,,발산하는 / 증발 작용의
42836,fisticuff,yes,,3,0,3,0,,,,,주먹으로 때리기 / 주먹 싸움 / 난투
42837,forestallment,yes,,2,0,1,0,,,,,기선 제압 / 선수를 침
42840,debouchment,yes,,3,0,1,0,,,,,진출 / 유출 / 출구
42841,wirepuller,yes,,3,0,2,0,,,,,막후의 인물 / 꼭두각시의 줄을 조종하는 사람 / 배후 조종자
42843,pejoration,yes,,3,0,1,0,,,,,하락 / 악화 / 타락
42844,derogatively,yes,,2,0,1,0,,,,,경멸적으로 / 비판적으로
42845,contemner,yes,,1,0,1,0,,,,,경멸하는 사람
42846,contemnor,yes,,2,0,1,0,,,,,경멸하는 사람 / 법정 모욕죄를 범한 사람
42852,castigatory,yes,,2,0,1,0,,,,,징벌적인 / 혹평하는
42854,gainsayer,yes,,1,0,1,0,,,,,부정하는 사람
42858,ichthyic,yes,,3,0,2,0,,,,,물고기의 / 어족의 / 어류의
42859,ichthyography,yes,,3,0,1,0,,,,,어류 기록학 / 어류지 / 어론
42860,swordfishing,yes,,1,0,2,0,,,,,황새치 낚시
42861,crustaceology,yes,,1,0,2,0,,,,,갑각류학
42867,auditee,no,,1,0,2,0,,,,,회계 감사를 받는 사람
42868,unthread,yes,,3,2,3,0,,,,,…의 실을 뽑다 / 수습하다 / 빠져나가다
42871,moviedom,yes,,1,0,2,0,,,,,영화계
42873,grandeeship,yes,,2,0,2,0,,,,,고급 귀족 신분 / 고위층 신분
42875,epicentrum,yes,,3,0,1,0,,,,,진앙 / 진원지 / 중심점
42880,misroute,no,,1,0,1,0,,,,,틀린 루트로 보내다
42881,embus,yes,,1,0,1,0,,,,,버스에 타다
42882,anility,yes,,3,0,3,0,,,,,노망 / 노쇠 / 실없는 생각
42885,embowel,yes,,1,0,1,0,,,,,…의 창자를 빼내다
42887,dismemberer,yes,,2,0,1,0,,,,,절단하는 사람 / 분할하는 사람
42888,becripple,yes,,1,0,1,0,,,,,절름발이로 만들다
42889,preadolescence,no,,2,0,1,0,,,,,사춘기전 / 사춘기 이전
42890,skytroops,no,,1,0,1,0,,,,,공수 부대
42892,cajoler,yes,,2,0,1,0,,,,,감언이설로 속이는 사람 / 부추기는 사람
42893,cadreman,no,,2,0,3,0,,,,,장교 / 간부
42899,frostbelt,no,,1,0,1,0,,,,,미국 북부를 동서로 뻗은 한랭 지대
42903,recessionproof,no,,2,0,2,0,,,,,경기 후퇴의 영향을 받지 않는 / 불경기에도 끄덕 없는
42904,straddler,yes,,1,0,1,0,,,,,기회주의자
42905,sleez,no,slee|sleek|sleep|sleer|sleet|slepez,3,0,1,0,,,,,쌍스러운 사람 / 저속한 것 / 비열한 사람
42908,clatterer,yes,,2,0,1,0,,,,,달각달각 소리를 내는 물건 / 수다스러운 사람
42913,sleaseball,no,,1,0,6,0,,,,,밥 맛 없는 인간
42915,unambivalent,no,,2,0,1,0,,,,,단호한 / 우물쭈물하지 않는
42916,procreator,yes,,3,0,1,0,,,,,어버이 / 산출자 / 낳는 사람
42918,surrogation,yes,,3,0,1,0,,,,,대리를 내세움 / 긴 항목을 간단한 것으로 대치하기 / 치환
42920,mediocritize,no,,3,0,1,0,,,,,평범하게 하다 / 진부하게 하다 / 시시하게 하다
42927,cofound,no,confound,1,0,1,0,,,,,공동창립하다
42950,pubcrawl,no,,2,0,1,0,,,,,술집을 옮겨가며 술을 마시다 / 그렇게 술을 마시기
42956,decondition,no,recondition,3,0,1,0,,,,,몸의 상태를 나쁘게 하다 / 건강을 해치다 / 소거하다
42957,dividual,yes,,3,0,2,0,,,,,나눌 수 있는 / 분할된 / 별개의
42961,chaperonage,yes,,2,0,2,0,,,,,시중들기 / 시중드는 일
42962,overlooker,yes,,3,0,3,0,,,,,감독 / 감독자 / 반장
42963,gundown,no,sundown,3,0,1,0,,,,,총격 / 총살 / 사살
42964,preservator,no,preservatory,1,0,1,0,,,,,자연 관광 자원 보호관
42969,upperdog,no,,3,0,2,0,,,,,이긴 쪽 / 우두머리 / 중요 인물
42973,reconnoissance,yes,,3,0,1,0,,,,,답사 / 정찰 / 정찰대
42982,superpatriot,no,,1,0,1,0,,,,,광신적 애국자
42999,clinograph,yes,,2,0,1,0,,,,,1.광산·건설 공사 따위에서 / 땅속에 뚫은 구멍 따위가 연직선에서 벗어나지 않았는지의 여부를 판별하기 위한 기구.2.\t2개의 직선자를 경첩으로 연결하여 어떤 각도로든 조정할 수 있도록 만든 제도 용구.
43001,hypotactic,yes,,2,0,1,0,,,,,종속적인 / 종속 구문의
43002,semptemvirate,no,septemvirate,2,0,1,0,,,,,1. (고대 로마에서의) 7두 정체 / 7인 위원회. 2. 7두 정치: 1의 통치체의 임무·지배.
43004,censorate,yes,,1,0,1,0,,,,,검열 기관
43005,Aviculidae,yes,,1,0,1,0,,,,,화석 (정확한 뜻을 찾을 수 없음)
43020,gowster,no,,2,0,1,0,,,,,마약 중독자 / 마리화나 끽연자
43021,provisor,yes,,3,0,1,0,,,,,조달자 / 성직 후임자로 서임된 사람 / 사교 대리
43023,sterilant,no,,3,0,1,0,,,,,멸균제 / 소독약 / 제초제
43031,amassment,yes,,2,0,2,0,,,,,축적 / 수집
43033,humdrumness,no,,2,0,1,0,,,,,단조로움 / 따분함
43036,gabbler,yes,,1,0,1,0,,,,,빠르게 말하는 사람
43040,schismatize,yes,,3,0,2,0,,,,,분열을 꾀하다 / 분열시키다 / 분리에 가담하다
43041,schismatist,yes,,3,0,1,0,,,,,분리의 / 종파 분립론자 / 분리적인
43042,repenter,yes,,2,0,1,0,,,,,후회하는 사람 / 회개하는 사람
43047,expulse,yes,,3,0,1,0,,,,,추방하다 / 제적하다 / 내뿜다
43049,seditionary,yes,,3,0,1,0,,,,,선동적인 / 반란 선동자 / 치안 방해자
43053,snitchy,no,snatchy|snitch|snithy|switchy,3,0,1,0,,,,,기분이 상한 / 화가 난 / 성깔이 있는
43059,finicality,yes,,2,0,1,0,,,,,지나치게 까다로움 / 세심한 주의를 요함
43071,adjurer,yes,,1,0,1,0,,,,,명령하는 사람
43074,disamenity,yes,,3,0,2,0,,,,,불쾌함 / 불편 / 부적합
43080,onym,yes,,1,0,1,0,,,,,「명」 「어」의 뜻
43092,slaughterman,yes,,3,0,1,0,,,,,도축인 / 도살인 / 도살자
43093,holocaustal,yes,,2,0,1,0,,,,,대참사의 / 대파괴의
43094,genocidaire,no,,1,1,1,0,,,,,집단 학살자
43097,imperilment,yes,,2,0,1,0,,,,,위기 / 위험에 빠짐
43101,exultancy,yes,,2,0,1,0,,,,,기뻐서 어쩔 줄 모름 / 의기양양함
43102,eluder,yes,,2,0,1,0,,,,,피하는 사람 / 이룰 수 없는 것
43103,slopewise,yes,,2,0,1,0,,,,,경사지게 / 물매를 내서
43104,insurrectionize,yes,,2,0,1,0,,,,,폭동을 일으키다 / 선동해서 폭동을 일으키다
43108,truffe,no,truff|truffle,3,0,1,0,,,,,송로버섯의 일종 / 농민 / 시골 사람
43114,phagia,no,aphagia|hagia|shagia,1,0,1,0,,,,,「식욕」의 뜻
43115,autophagia,yes,,3,0,1,0,,,,,자가 소화 작용 / 자기 소모 / 자식 작용
43123,waterish,yes,,3,0,1,0,,,,,물기가 있는 / 묽은 / 물 같은
43130,caterwauler,yes,,1,0,1,0,,,,,새된 소리로 말하는 사람
43136,heterophony,no,,2,0,2,0,,,,,헤테로포니 / 이음성
43137,sleazemonger,no,,1,0,1,0,,,,,저속한 오락물 제작자
43151,beseecher,yes,,1,0,1,0,,,,,탄원하는 사람
43153,bumbleberry,yes,,1,1,1,0,,,,,여러 딸기류를 혼합해 만든
43158,flaunter,yes,,1,0,2,0,,,,,과시하는 사람
43159,conmanship,no,,2,0,1,0,,,,,사기술 / 사기꾼의 솜씨
43161,hoodlumish,yes,,2,0,1,0,,,,,깡패 같은 / 불량배 같은
43162,deceivable,yes,,3,0,1,0,,,,,속기 쉬운 / 속일 수 있는 / 남을 속이는
43164,factionalist,no,factionalism,1,0,1,0,,,,,파벌주의자
43168,drunkometer,no,,2,0,3,0,,,,,음주 측정기 / 알코올양 측정기
43171,bewitcher,yes,,3,0,1,0,,,,,매혹하는 사람 / 마술사 / 요술쟁이
43176,imponderableness,yes,,1,0,1,0,,,,,헤아리기 힘듦
43177,abandoner,yes,,3,0,1,0,,,,,유기자 / 권리를 포기한 사람 / 위부자
43178,abandonee,yes,,3,0,3,0,,,,,피위부자 / 피유기자 / 피위탁자
43181,outrunner,yes,,3,0,1,0,,,,,뛰어나가는 사람 / 말구종 / 선도견
43182,expellant,yes,,3,0,1,0,,,,,구충제 / 구축력이 있는 / 쫓아내는
43184,polygrapher,yes,,1,0,1,0,,,,,폴리그래프 조작자
43186,uncurb,yes,,2,0,1,0,,,,,재갈을 벗기다 / 구속을 풀다
43187,halterbreak,yes,,1,0,1,0,,,,,굴레를 씌워 길들이다
43189,arsonous,no,absonous|arsenous,1,0,1,0,,,,,방화의
43190,nomocracy,yes,,1,0,1,0,,,,,법치 정치
43191,disenthrone,yes,,1,0,1,0,,,,,퇴위시키다
43196,balloter,yes,,1,0,1,0,,,,,투표자
43212,malingery,yes,,1,0,1,0,,,,,꾀병
43225,autocatharsis,no,,2,0,1,0,,,,,자가 정화 요법 / 자기 정화
43231,routinize,yes,,3,0,1,0,,,,,…을 규칙화하다 / 일상화하다 / 관례화하다
43238,pseudopregnancy,yes,,2,0,1,0,,,,,가임신 / 상상 임신
43239,colonialize,yes,,1,0,1,0,,,,,식민지화하다
43251,uniquitous,no,iniquitous|ubiquitous,2,0,1,0,,,,,어디에나 있는 / 아주 흔한
43254,handspan,no,,1,0,1,0,,,,,한 뼘
43255,sexwise,no,setwise,1,0,1,0,,,,,섹스에 관해서
43259,uncrease,no,increase|uncreased|uncreate,1,0,1,0,,,,,(주름)을 펴다
43263,toadyism,yes,,3,0,1,0,,,,,아첨 / 아부 / 알랑거림
43274,philogynous,yes,,1,0,2,0,,,,,여자를 좋아하는
43276,pictography,yes,,1,0,3,0,,,,,그림 문자의 사용
43288,bereaver,yes,,1,0,1,0,,,,,앗아가는 것
43291,vulnerary,yes,,3,0,2,0,,,,,외상 치료약 / 외상에 잘 듣는 / 창상을 고쳐주는
43292,cryptonym,yes,,1,0,2,0,,,,,익명
43303,impounder,yes,,3,0,1,0,,,,,압수자 / 몰수자 / 가두는 사람
43307,plottage,yes,,2,0,1,0,,,,,부지 / 합필
43311,overfree,yes,,3,0,1,0,,,,,너무 자유스러운 / 뻔뻔한 / 허물없는
43312,pluri,no,luri|piuri,2,1,3,0,,,,,「여러 개의」 「많은」의 뜻 / 「다수」의 뜻
43324,pregnable,yes,,3,0,3,0,,,,,공략할 수 있는 / 취약점이 있는 / 정복할 수 있는
43325,effcacy,no,efficacy,1,0,2,0,,,,,효능
43326,multiloquent,yes,,3,0,5,0,,,,,말이 많은 / 수다스러운 / 구변이 좋은
43331,affinitive,yes,,1,0,1,0,,,,,밀접한 관계에 있는
43333,phocus,no,hocus|pholcus,2,0,1,0,,,,,포코스 / 이복 형제에게 살해됨
43334,repositorium,no,,2,0,1,0,,,,,보물 창고 / 저장고
43349,epicuticular,no,,1,0,1,0,,,,,겉큐티쿨라의
43391,gapingly,yes,,3,0,1,0,,,,,입을 딱 벌리고 / 떡 벌어져 / 입을 벌리고
43418,entreee,no,entree,1,0,1,0,,,,,입구
43419,involveness,no,involvedness,1,0,1,0,,,,,복잡함
43432,flunkyism,yes,,3,0,1,0,,,,,하인 근성 / 추종주의 / 사대주의
43433,lawk,yes,,3,0,1,0,,,,,이런 / 이키 / 야단났군
43434,cawk,yes,,1,0,1,0,,,,,짝짓다
43435,indigenist,yes,,2,0,1,0,,,,,현지 우선 주의자 / 현지인 채용론자
43444,arseno,yes,,1,0,2,0,,,,,「비소를 함유하는」의 뜻
43445,slurf,no,scurf|shurf|slur|slurp|surf,2,0,2,0,,,,,시끄럽게 소리내어 먹다 / 소리내어 먹기
43449,pteropod,yes,,1,0,1,0,,,,,익족류의
43458,crankish,no,frankish|prankish|rankish,3,0,1,0,,,,,심술궂은 / 기분이 상한 / 성미가 까다로운
43463,effulge,yes,,3,0,2,0,,,,,빛나다 / 번쩍이다 / 발하다
43464,hermaphroditical,yes,,2,0,1,0,,,,,자웅동체의 / 암수한몸의
43473,exegetically,yes,,1,0,1,0,,,,,주해와 관련하여
43507,whizzkid,no,,1,0,1,0,,,,,신동
43544,parotiditis,yes,,3,0,1,0,,,,,이하선염 / 항아리손님 / 볼거리
43575,obtest,yes,,3,0,1,0,,,,,…에게 탄원하다 / …을 증인으로 부르다 / 항의하다
43579,popback,no,,1,0,1,0,,,,,흡기 시스템 안에서 일어나는 폭팔
43584,unspeculative,yes,,3,0,1,0,,,,,사색적이 아닌 / 투기적이 아닌 / 신중한
43589,trochoid,yes,,3,0,1,0,,,,,트로코이드 / 여파선 / 축으로 회전하는
43594,flirtingly,yes,,1,0,1,0,,,,,추파를 던지듯
43598,volitation,yes,,3,0,1,0,,,,,비행 / 날아가는 힘 / 날기
43607,xenial,yes,,5,1,2,0,,,,,친절한 / 빈객과 주인의 사이인 / 주객간의 / 주객 관계의 / 손님을 잘 대하는
43615,unhasp,yes,,1,0,1,0,,,,,…의 문고리를 벗기다
43616,halidom,yes,,3,1,1,0,,,,,신성한 장소 / 성전 / 신성한 물건
43631,weasand,yes,,3,0,2,0,,,,,목 / 숨통 / 식도
43636,couter,yes,,1,0,2,0,,,,,팔꿈치받이
43641,mislike,yes,,3,0,1,0,,,,,…을 싫어하다 / …을 불쾌하게 하다 / 화나게 하다
43643,gisarme,yes,,1,0,1,0,,,,,언월도창
43646,featly,yes,,3,0,2,0,,,,,말쑥하게 / 솜씨 있게 / 바르게
43660,flappable,no,,3,0,1,0,,,,,동요하기 쉬운 / 흥분하기 쉬운 / 갈팡질팡하는
43662,multangular,yes,,1,0,1,0,,,,,다각의
43670,freischutz,no,,1,0,1,0,,,,,마탄의 사수
43671,bigoty,no,bigot|bigotry|bigotty,3,0,1,0,,,,,자만하는 / 잘난 척 하는 / 무례한
43674,grittily,yes,,3,0,1,0,,,,,모래가 들어 있어 / 모래같이 / 투지 있게
43679,promine,no,bromine|primine|proline|promise|propine|provine,1,0,1,0,,,,,프로민
43722,irrebuttable,yes,,1,0,1,0,,,,,반론할 수 없는
43730,incorrigibility,yes,,3,0,1,0,,,,,교정 할 수 없음 / 길들일 수 없음 / 고칠 수 없음
43731,inappreciation,yes,,3,0,1,0,,,,,인식 부족 / 올바로 평가 못함 / 몰이해
43741,ahistoric,no,historic,2,0,1,0,,,,,역사와 관계 없는 / 역사에 무관심한
43749,crosslight,yes,,3,0,1,0,,,,,교차 광선 / 교차하는 빛 / 다른 각도에서의 관찰
43754,judgmatic,yes,,2,0,1,0,,,,,분별있는 / 현명한
43756,agoing,yes,,2,1,2,0,,,,,움직여 / 진행하여
43759,grubworm,yes,,1,0,1,0,,,,,땅벌레
43765,unauthorize,yes,,1,0,1,0,,,,,허가되지않다
43772,suggestopedia,no,,1,0,1,0,,,,,암시학 적용
43777,pinprink,no,pinprick,2,0,1,0,,,,,한번 찌르기 / 작은 핀 구멍
43785,decremental,no,recremental,2,0,1,0,,,,,감소하는 / 점감하는
43790,focusable,yes,,1,0,1,0,,,,,초점을 맞출 수 있는
43799,dourness,yes,,3,0,1,0,,,,,시무룩함 / 음침함 / 재미없음
43800,extradose,no,extrados|extradosed,1,0,1,0,,,,,외곽
43802,pediatry,yes,,1,0,1,0,,,,,소아과
43809,revegetate,yes,,2,0,1,0,,,,,다시 식물이 자라나게 하다 / 다시 자라나다
43811,overstaff,yes,,1,0,1,0,,,,,필요 이상의 많은 종업원을 두다
43814,narcotine,yes,,2,0,1,0,,,,,나르코틴 / 해열제용
43817,holidaymaking,yes,,1,0,1,0,,,,,휴일의 행락
43824,allotype,yes,,2,0,1,0,,,,,별모식 표본 / 알로타이프
43826,primely,yes,,2,0,1,0,,,,,굉장히 / 최고로
43830,paraconsciously,no,,2,0,1,0,,,,,무의식과 가까운 / 반의식의
43837,bawlout,no,,1,0,1,0,,,,,심하게 꾸짖다
43846,irresponsive,yes,,2,1,1,0,,,,,반응이 없는 / 응답하지 않는
43863,pulmometry,yes,,1,0,1,0,,,,,패활량측정법
43864,irretention,yes,,1,1,1,0,,,,,유지할 수 없음
43865,nephroselerosis,no,nephrosclerosis,1,0,1,0,,,,,신경화증
43870,gestosis,no,,1,0,1,0,,,,,임신 중독
43878,arteriotomy,yes,,1,0,1,0,,,,,동맥 절개
43879,myeloneuritis,yes,,1,0,1,0,,,,,척수신경염
43884,colposcope,yes,,2,0,1,0,,,,,질경 / 질확대경
43887,ditheism,yes,,3,0,1,0,,,,,이신론 / 이신교 / 선악 2신 신봉
43907,agrarianly,yes,,1,0,1,0,,,,,농지에 관하여
43914,infilter,yes,,2,0,1,0,,,,,걸러서 넣다 / 체질하여 넣다
43916,routeway,no,,1,0,1,0,,,,,설정된 코스
43943,blurringly,no,,1,0,1,0,,,,,흐릿하게 하면서
43949,cineast,no,,3,0,1,0,,,,,영화인 / 영화 제작자 / 프로듀서
43963,plesi,no,,1,0,1,0,,,,,「근접한」의 뜻
43964,lineable,no,fineable|linable|linkable,1,0,1,0,,,,,한 줄로 세울 수 있는
43966,ransomless,yes,,3,0,1,0,,,,,배상금이 없는 / 몸값을 가지지 않은 / 배상 의무가 없는
43976,sememe,no,semese,1,0,1,0,,,,,의의소
43978,portfire,yes,,3,0,1,0,,,,,화기 점화 장치 / 발파 점화 장치 / 불꽃 점화 장치
43991,canniness,yes,,2,0,1,0,,,,,약삭빠름 / 영리함
43992,nonconcrete,no,,1,0,1,0,,,,,추상적인
43996,uninhibitedness,no,uninhabitedness,1,0,1,0,,,,,자유로운
43997,kiddydrome,no,,1,0,1,0,,,,,대형 어린이 용품 점문점
44000,pyramidist,yes,,1,0,1,0,,,,,피라미드 연구가
44002,coachload,no,,1,0,1,0,,,,,버스 여행 승객들
44005,inappreciative,yes,,2,0,1,0,,,,,감식력 없는 / 올바르게 평가 못하는
44006,overshade,yes,,3,0,1,0,,,,,가리다 / …을 흐리게 하다 / …을 어둡게 하다
44008,catnapper,no,,2,0,1,0,,,,,(습관적으로) 선잠 자는 사람 / 고양이를 훔치는 사람
44022,mammonism,yes,,2,0,1,0,,,,,배금주의 / 황금만능주의
44027,damnify,yes,,1,0,3,0,,,,,…을 손상하다
44028,lysostaphin,no,,1,0,1,0,,,,,리소스타핀
44053,sublessee,yes,,1,0,1,0,,,,,전차인
44060,extensity,yes,,3,0,1,0,,,,,신장성 / 공간성 / 퍼짐
44067,macrobiosis,yes,,2,0,1,0,,,,,장수 / 수명
44068,prolongment,yes,,2,0,1,0,,,,,연장 / 연기
44069,increscent,yes,,3,0,1,0,,,,,증대하는 / 상현의 / 점점 차 가는
44070,Decalog,no,dechlog,1,0,1,0,,,,,모세의 십계명
44074,cataclasm,yes,,2,0,1,0,,,,,파열 / 분열
44075,triturate,yes,,3,0,1,0,,,,,가루약 / …을 부수다 / 분쇄
44083,undesignedly,yes,,2,0,1,0,,,,,우연히 / 뜻하지 않게
44084,goatling,yes,,2,0,1,0,,,,,새끼염소 / 염소 새끼
44085,forswearer,yes,,2,0,1,0,,,,,그만두는 사람 / 그만두겠다고 맹세하는 사람
44086,volitionary,yes,,3,0,1,0,,,,,의지의 / 의지적인 / 의지에 의한
44103,conduciveness,yes,,2,0,1,0,,,,,좋음 / 도움이 됨
44110,brigandish,yes,,2,0,1,0,,,,,도둑 같은 / 산적 같은
44112,intellctual,no,intellectual,2,0,1,0,,,,,지적인 / 머리를 쓰는
44123,gemlike,yes,,1,0,1,0,,,,,보석 같은
44138,postdoctorate,yes,,2,0,1,0,,,,,박사 학위 취득 후의 연구의 / 박사 과정 수료 후의 연구자
44148,accumulatively,yes,,2,0,1,0,,,,,축적되어 / 누적적으로
44152,lawmarker,no,lawmaker,1,0,1,0,,,,,국회의원
44160,bushhog,no,,1,0,1,0,,,,,땅의 나무나 덤불을 치우다
44170,railload,no,railroad,1,0,1,0,,,,,철도
44175,preclear,no,preclean|reclear,1,0,1,0,,,,,사전에 안전하다고 증명하다
44389,redbait,yes,,2,0,1,0,,,,,정치적으로 과격파라 하여 추궁하다 / 공산주의자를 색출하다
44391,inequable,yes,,3,0,1,0,,,,,고르지 못한 / 균일하지 않은 / 불균등한
44409,amateurship,yes,,2,0,1,0,,,,,아마추어임 / 아마추어 자격
44410,leviable,yes,,3,0,1,0,,,,,과세 대상이 되는 / 부과할 수 있는 / 과세해야 할
44411,passimeter,yes,,2,0,1,0,,,,,승차권 자동 판매기 / 보수계
44413,conjugality,yes,,2,0,1,0,,,,,부부 관계 / 혼인
44419,isonomy,yes,,3,0,1,0,,,,,법적 평등 / 시민권의 평등성 / 동권
44451,ultraliberal,yes,,1,0,1,0,,,,,급진적 자유주의의
44452,disappiontment,no,disappointment,2,0,1,0,,,,,실망 / 낙담
44453,suable,yes,,3,0,1,0,,,,,고소되어야 할 / 고소할 수 있는 / 고소할 만한
44493,diversifiable,yes,,1,0,1,0,,,,,다양화할 수 있는
44494,diversifier,yes,,1,0,1,0,,,,,다양화하는 사람
44502,conquettish,no,coquettish,1,0,1,0,,,,,요염한
44507,anthropometrically,yes,,2,0,1,0,,,,,인체측정적으로 / 인체계측 상으로
44534,chirper,yes,,1,0,1,0,,,,,지저귀는 새
44586,simulacre,yes,,3,0,1,0,,,,,상 / 닮은 모습 / 환영
44593,patrifocal,no,patrilocal,1,0,1,0,,,,,아버지 중심의
44598,deliberator,yes,,2,0,1,0,,,,,숙고자 / 심의자
44612,grainless,yes,,2,0,1,0,,,,,입자가 없는 / 나뭇결이 없는
44619,doggoned,yes,,2,0,2,0,,,,,괘씸한 / 지긋지긋하게
44625,compend,yes,,3,0,1,0,,,,,요약 / 개론 / 개요
44644,expressman,yes,,3,0,1,0,,,,,지급편 화물 집배원 / 운송 업자 / 운송 회사 사원
44646,weathertight,no,,3,1,2,0,,,,,비바람에 견디는 / 비바람을 막는 / 날씨에 영향을 받지 않는
44653,cameleer,yes,,3,0,1,0,,,,,낙타 기병 / 낙타를 모는 사람 / 낙타 몰이꾼
44655,meritocrat,no,,3,0,2,0,,,,,개인의 실력으로 권력을 잡은 사람 / 실력자 / 엘리트
44658,arious,no,arius|carious|various,1,0,1,0,,,,,「…에 관한」의 뜻
44664,developted,no,,3,0,1,0,,,,,발달한 / 선진의 / 고도로 발달한
44666,forebody,yes,,1,0,1,0,,,,,전부 선체
44667,canikin,no,cannikin|manikin,1,0,1,0,,,,,작은 깡통
44672,gangle,no,angle|bangle|cangle|dangle|fangle|gaggle|gange|gangly|gangue|gargle|hangle|jangle|langle|mangle|rangle|tangle|wangle,2,0,2,0,,,,,어색하게 움직이다 / 어색하게 걷다
44677,borborygmus,yes,,2,0,3,0,,,,,배에서 소리가 나는 증상 / 복명
44678,retaliative,yes,,2,1,1,0,,,,,보복의 / 복수의
44704,rockcrusher,no,,3,0,1,0,,,,,암석 분쇄기 / 매우 우세한 수 / 교도소에 있는 녀석
44707,chrematistic,yes,,2,0,1,0,,,,,이재의 / 화식의
44708,troilism,no,,1,0,1,0,,,,,3사람이 하는 성교
44709,gourmandise,no,gourmandism,2,0,1,0,,,,,식도락 / 미식
44723,dormered,yes,,1,0,1,0,,,,,지붕창이 있는
44725,depredator,yes,,1,0,1,0,,,,,약탈자
44738,autoeuthanasia,no,,1,0,1,0,,,,,안락자살
44740,mneme,yes,,3,0,2,0,,,,,개인의 기억과 종의 기억을 합친 것 / 므네메 / 기억의 여신
44743,unwinged,yes,,2,0,1,0,,,,,날개가 없는 / 무익의
44747,scioptic,yes,,1,0,1,0,,,,,암상자의
44748,pansophy,yes,,3,0,1,0,,,,,박식 / 백과 사전적 지식 / 전지식
44751,idoneous,yes,,3,0,1,0,,,,,꼭 들어맞는 / 적당한 / 알맞은
44754,preprimary,yes,,1,1,1,0,,,,,예비 선거 전의
44759,syntonize,yes,,1,0,1,0,,,,,…을 동조시키다
44761,appraisable,yes,,1,0,1,0,,,,,평가할 수 있는
44762,guddle,yes,,1,0,1,0,,,,,바위 밑에 손을 넣어 잡다
44763,splore,yes,,3,0,1,0,,,,,소동 / 들떠서 떠들고 놀기 / 대주연
44769,superconduct,no,,1,0,1,0,,,,,초전도하다
44775,headforemost,yes,,3,0,1,0,,,,,거꾸로 / 몹시 서둘러서 / 무턱대고
44779,tallowy,yes,,3,0,1,0,,,,,살찐 / 수지질의 / 수지 같은
44781,femble,no,famble|feeble|female|fimble|fumble|remble|semble,1,0,1,0,,,,,저항하다. 꾸려가다. 받아넘기다. 피하다
44791,rabate,no,abate|rabat|rabatte|ramate|rebate,2,0,1,0,,,,,환불 / 할인하다
44798,heterozygously,no,,1,0,1,0,,,,,이형 접합체로
44808,crimine,yes,,2,0,1,0,,,,,이것 참 / 이런
44821,metallograph,yes,,3,0,4,0,,,,,금속 현미경 / 금속 표면 확대도 / 금속판
44831,feudality,yes,,3,0,1,0,,,,,봉건 제도 / 영지 / 봉토
44838,zipperhead,no,,2,0,1,0,,,,,멍청이 / 꽉막힌 사람
44840,fisticuffer,yes,,1,0,1,0,,,,,주먹다짐을 벌이는 사람
44853,disbound,no,,2,0,1,0,,,,,낱낱이 풀린 / 철이 흐트러진
44855,Tasseography,no,,1,0,1,0,,,,,찻잎이나 커피찌꺼기를 활용한 점술
44863,burier,yes,,3,0,2,0,,,,,매장자 / 매장 도구 / 매장인
44885,aritficial,no,artificial,1,0,1,0,,,,,인공의
44886,mansfactuer,no,,1,0,1,0,,,,,제조하다
44887,fulent,no,fluent|fulgent,1,0,1,0,,,,,유창한
44888,assemvle,no,assemble,1,0,1,0,,,,,조립하다
44889,desreve,no,deserve,1,0,1,0,,,,,~받을가치가있다
44895,ablare,yes,,1,1,1,0,,,,,크게 울리며
44904,contemplable,yes,,3,0,1,0,,,,,예상되는 / 생각할 수 있는 / 꾀할 수 있는
44905,extemporally,yes,,2,0,1,0,,,,,즉흥적으로 / 임시변통으로
44908,coercer,yes,,1,0,1,0,,,,,강요하는 사람
44912,profert,yes,,3,0,1,0,,,,,기록 등의 제출 / 서증의 제출 / 서증 신청
44916,ergonomical,no,,1,0,1,0,,,,,인간공학의
44918,graminivorous,yes,,3,0,1,0,,,,,초식성의 / 낟알을 먹는 / 풀을 먹는
44920,conglomerator,no,,1,0,1,0,,,,,복합 기업 경영자
44921,tormentingly,yes,,3,0,1,0,,,,,괴로워할 만큼 / 마치 뇌쇄시키려는 듯이 / 몹시 성가시게
44932,trinocular,no,trilocular|triocular,1,0,1,0,,,,,3안 현미경의
44954,nonalign,no,,2,0,1,0,,,,,제휴하지 않다 / 중립을 지키다
44958,systemicity,no,,3,0,1,0,,,,,체계성 / 계통성 / 조직성
44961,bureaucratize,yes,,3,0,2,0,,,,,관료 체제로 하다 / 관료화하다 / 관료 정치화하다
44962,essentialize,yes,,2,0,1,0,,,,,정수를 추출하다 / 요점을 말하다
44963,unilineal,no,unilinear|unlineal,1,0,1,0,,,,,한쪽의 혈통인
44966,grogshop,yes,,2,0,1,0,,,,,술집 / 싸구려 술집
44970,mutine,no,butine|murine|mutiny|mutive,1,0,1,0,,,,,반란을 일으키다
44979,nonsupport,yes,,2,0,1,0,,,,,부양 의무 불이행 / 지지하지 않음
44984,braggable,no,,1,0,1,0,,,,,자랑할 만한
44986,sustainablility,no,,1,0,1,0,,,,,지속가능성.
44989,unexpensive,yes,,3,0,1,0,,,,,비싸지 않은 / 값이 싼 / 저렴한
44994,irrespirable,yes,,2,0,1,0,,,,,호흡에 적당하지 않은 / 흡입할 수 없는
45006,muniment,yes,,3,0,1,0,,,,,공식 기록 / 부동산에 관한 증거 서류 / 공문서
45013,xenophile,yes,,1,0,2,0,,,,,외국인을 좋아하는 사람
45016,bizarrerie,no,,3,0,1,0,,,,,기이함 / 특이함 / 기이한 행동
45022,ditchwater,yes,,2,0,1,0,,,,,도랑에 괸 물 / 괴어서 더러워진 물
45033,protreptic,yes,,1,0,1,0,,,,,권고의
45034,hotheadedness,yes,,1,0,1,0,,,,,성급함
45044,rareripe,yes,,2,0,2,0,,,,,조생의 / 조생종의 과일
45046,ochlophobia,yes,,1,0,1,0,,,,,군중 공포증
45048,unwept,yes,,3,0,1,0,,,,,슬퍼해주는 이 없는 / 흘리지 않는 / 나오지 않는
45057,demesmerize,yes,,2,0,1,0,,,,,…의 최면 상태를 풀다 / 각성시키다
45058,bedabble,yes,,3,0,1,0,,,,,…에 튀기다 / …에 더럽히다 / 끼얹다
45061,unstop,yes,,3,0,1,0,,,,,…의 마개를 뽑다 / …의 장애를 없애다 / 음전을 열다
45062,unbred,yes,,3,0,1,0,,,,,훈련 받지 않은 / 새끼를 낳은 적이 없는 / 배우지 못한
45064,compurgation,yes,,2,0,1,0,,,,,면책 선서 / 무죄 입증
45065,compotation,yes,,2,0,1,0,,,,,주연 / 술잔치
45070,sitophobia,yes,,3,0,1,0,,,,,음식 공포증 / 공식증 / 거식증
45087,agonistically,yes,,1,0,1,0,,,,,논쟁적으로
45088,temporalize,yes,,2,0,1,0,,,,,시간적으로 한정하다 / 세속화하다
45115,cinquain,yes,,3,0,2,0,,,,,5행련 / 5행시 / 5행으로 된 스탠자
45122,hecto,no,hecte|hector|recto,1,1,1,0,,,,,「100」의 뜻
45135,bastile,no,bastide|bastille|bastite|pastile,3,0,1,0,,,,,바스티유 감옥 / …을 투옥하다 / 감옥
45154,burdensom,no,burdensome,1,0,1,0,,,,,부담스러운 힘든
45167,sleekit,yes,,3,0,1,0,,,,,매끈거리는 / 교활한 / 흉물스러운
45174,tensometer,no,tensimeter|tensiometer,1,0,1,0,,,,,장력계
45176,tensive,yes,,2,0,1,0,,,,,긴장의 / 신장의
45183,exterminater,no,exterminate|exterminator,1,0,1,0,,,,,파괴하는 사람
45216,imparity,yes,,3,0,1,0,,,,,부동 / 부등 / 차이
45234,prancingly,yes,,2,0,1,0,,,,,의기양양하게 / 기세 좋게
45239,arborescence,yes,,2,0,2,0,,,,,수지상 / 나무 모양
45246,compathy,no,,2,0,2,0,,,,,공감 / 동감
45250,ratracer,no,,1,0,1,0,,,,,공격적인 경쟁자
45253,emblaze,yes,,3,0,1,0,,,,,…에 불을 붙이다 / 타오르게 하다 / 환히 비추다
45260,discretionally,yes,,2,0,1,0,,,,,임의로 / 자유재량으로
45263,sublate,yes,,3,0,1,0,,,,,부인하다 / 부정하다 / 지양하다
45281,infinie,no,infinite,1,0,1,0,,,,,무한한
45285,brance,no,brace|branch|branle|crance|prance|rance|trance,1,0,1,0,,,,,분기
45287,inreduce,no,,1,0,1,0,,,,,받아들이다
45305,tesselated,no,tessellated|tesserated,1,0,2,0,,,,,바둑판 무늬의
45306,extrudable,no,,2,0,1,0,,,,,밀어낼 수 있는 / 압출 성형 가능한
45320,rtfgytygt,no,,1,0,1,0,,,,,5
45338,coverable,no,covetable|overable,1,0,1,0,,,,,덮을 수 있는
45344,hygroscopicity,yes,,2,0,2,0,,,,,흡습성 / 흡수성
45358,fecial,no,aecial|facial|fecal|ferial|fetial,3,0,1,0,,,,,외교의 / 종군 제관 / 전령사제
45386,cosurety,yes,,1,0,1,0,,,,,공동 보증인
45387,suretyship,yes,,2,0,1,0,,,,,보증인·채무자·채권자 삼자의 보증 계약 관계 / 보증 계약
45394,imprest,yes,,2,0,1,0,,,,,전도금 / 선불금
45396,priviligentsia,no,,1,0,1,0,,,,,특권 계급
45397,erythrism,no,eryhtrism,2,0,1,0,,,,,적발증 / 적우증
45401,venatic,yes,,3,0,1,0,,,,,사냥의 / 사냥을 좋아하는 / 사냥으로 생활하는
45403,eelpot,yes,,1,0,1,0,,,,,뱀장어 잡는 통발
45413,seminomad,yes,,1,0,1,0,,,,,반유목민
45437,CNCV,no,,1,0,1,0,,,,,케이블
45439,XLPE,no,olpe|xipe,1,0,1,0,,,,,케이블의 절연
45444,MCCB,no,,1,0,1,0,,,,,배선용 차단기
45452,desulfur,no,,2,0,1,0,,,,,…에서 탈황하다 / 탈황하다
45457,charterage,yes,,3,0,1,0,,,,,임대차 계약 / 용선 계약 / 용선료
45463,gnomist,yes,,1,0,1,0,,,,,금언 작가
45467,fatigueless,yes,,2,0,1,0,,,,,지치지 않는 / 피로를 모르는
45470,kinetoplast,yes,,3,0,1,0,,,,,동원핵 / 유전적으로 자율성이 있음 / 운동핵
45478,clingingly,yes,,2,0,1,0,,,,,몸에 달라붙어 / 사람에게 매달려
45482,subsumable,yes,,1,0,1,0,,,,,포함하다
45483,cingulotomy,no,,1,0,1,0,,,,,대상 회전부 절제
45497,spriggy,yes,,2,0,1,0,,,,,잔가지가 많은 / 잔가지 같은
45516,ostensively,yes,,1,0,1,0,,,,,겉으로
45519,captiousness,yes,,2,0,2,0,,,,,트집을 잡음 / 까다로움
45522,bodysurf,no,,1,0,1,0,,,,,서핑보드 없이 파도타기를 하다
45523,unguard,yes,,2,0,1,0,,,,,무방비 상태로 두다 / 가지고 있어야 할 낮은 패를 내놓아 잃는 모험을 하다
45530,attenuant,yes,,3,0,2,0,,,,,희석하는 / 희석제 / …을 희박하게 하는
45531,delineable,yes,,1,0,1,0,,,,,묘사 가능한
45533,interauthority,no,,1,0,1,0,,,,,당국간의
45536,interwork,yes,,3,0,1,0,,,,,서로 영향을 미치다 / …을 합쳐 만들다 / 섞어 짜다
45565,spae,yes,,1,0,1,0,,,,,예언하다
45566,deburr,no,,1,0,1,0,,,,,깔쭉깔쭉한 자리를 제거하다
45573,regitry,no,registry,1,0,1,0,,,,,선물 리스트
45575,stanine,yes,,1,0,1,0,,,,,스테이나인
45576,ligitious,no,,1,0,1,0,,,,,합법적인
45580,ligitiou,no,,1,0,1,0,,,,,합법의
45629,endocranial,yes,,2,0,2,0,,,,,두개내의 / 경막의
45639,myria,no,maria|myaria|myra|myrcia|myriad|myrica,1,1,2,0,,,,,「1만」의 뜻
45643,hemialgia,yes,,2,0,1,0,,,,,편두통 / 반측 신경통
45645,stockindex,no,,1,0,1,0,,,,,주식 상장표
45651,prelibation,yes,,1,0,2,0,,,,,시식
45654,dissipatedly,yes,,1,0,1,0,,,,,방탕하게
45655,impetrate,yes,,3,0,1,0,,,,,…을 간청하여 얻다 / 탄원하여 얻다 / 탄원하다
45657,exiguously,yes,,2,0,1,0,,,,,근소하게 / 부족하게
45669,apocr,no,,3,0,1,0,,,,,경외 성서 / 외경 / 외전
45672,oneliner,no,,2,0,2,0,,,,,짤막한 재치있는 농담 / 익살
45674,defiantness,yes,,2,0,1,0,,,,,반항 / 저항
45675,extravagantness,yes,,3,0,1,0,,,,,낭비함 / 낭비벽이 있음 / 사치스러움
45681,surjection,no,subjection|surrection,1,0,1,0,,,,,전사
45704,desiccator,yes,,3,0,1,0,,,,,건조시키는 사람 / 건조기 / 데시케이터
45713,semimembranous,yes,,1,0,1,0,,,,,반막 모양의
45721,tibiale,yes,,1,0,1,0,,,,,경측골
45739,thraw,yes,,3,0,1,0,,,,,비틀다 / 가로지르다 / 비틀리다
45784,pencilcase,no,,1,0,1,0,,,,,필통
45788,monthling,no,,2,0,1,0,,,,,생후 1개월 된 아이 / 한 달간 계속된 것
45791,actualist,yes,,2,0,1,0,,,,,현실주의자 / 현실주의의 신봉자
45796,kiester,no,,3,0,1,0,,,,,가방 / 슈트 케이스 / 엉덩이
45798,downzone,no,downgone,2,0,1,0,,,,,구역 지정 등급을 하향시키다 / 다운존화하다
45844,hyperspatial,yes,,1,0,1,0,,,,,초공간의
45855,dolorously,yes,,2,0,1,0,,,,,비통하게 / 비통해 하며
45860,encarnalize,yes,,3,0,1,0,,,,,육감적으로 만들다 / 관능적으로 하다 / …에 육체를 부여하다
45861,cograil,yes,,3,0,1,0,,,,,톱니꼴 레일 / 톱니 궤도 / 톱니 레일
45867,extrapolability,no,,2,0,1,0,,,,,추정 능력 / 추정 가능성
45872,soakaway,yes,,1,0,1,0,,,,,배수 구멍
45874,anelace,no,anlace,1,0,1,0,,,,,양날의 단검
45876,thyrotropic,yes,,1,1,2,0,,,,,갑상선 자극의
45877,thixotropy,yes,,2,0,2,0,,,,,요변성 / 틱소트로피
45881,monoacid,yes,,2,0,1,0,,,,,1산의 / 1산
45885,robotize,yes,,2,0,1,0,,,,,로봇화하다 / …을 자동화하다
45890,guieded,no,,1,0,1,0,,,,,가이드를 했다
45901,orginized,no,organized,1,0,1,0,,,,,체계적인
45908,technigue,no,technique,2,0,1,0,,,,,(음악 미술 따위의)기교 / 기술.기법
45914,outfrown,yes,,3,0,1,0,,,,,못마땅한 표정을 하다 / 엄숙한 얼굴로 말을 듣게 하다 / 말 못하게 하다
45916,soothsay,yes,,3,0,2,0,,,,,예언하다 / 예언 / 전조
45924,youngerbrother,no,,1,0,1,0,,,,,남자 동생(나이 어린 남자형제
45925,youngersister,no,,1,0,1,0,,,,,여자 누이(나이 어린 여자형제)
45926,olderbrother,no,,1,0,1,0,,,,,형(나이많은 남자형제)
45927,eldersister,no,,1,0,1,0,,,,,누나 (나이많은 여자형제)
45934,alogia,yes,,2,0,1,0,,,,,운동성 실어증 / 알로기
45942,assaultiveness,no,,2,0,1,0,,,,,공격적임 / 공격성
45950,deceptional,no,,2,0,1,0,,,,,기만적인 / 사기의
45970,soothfast,no,,3,0,1,0,,,,,진실의 / 정직한 / 성실한
45973,alleger,yes,,1,0,1,0,,,,,주장하는 사람
45982,herbivora,yes,,2,0,1,0,,,,,초식 동물 / 초식류
45983,zooxanthella,yes,,1,0,1,0,,,,,조초 산호에 공생하는 와편모충
45989,physiocrat,yes,,1,0,1,0,,,,,중농주의자
45997,websurfer,no,,1,0,1,0,,,,,웹 사용자
46004,aprosexia,yes,,2,0,1,0,,,,,주의 집중 불능 / 주의 감퇴증
46008,compliable,yes,,3,0,1,0,,,,,유순한 / 고분고분한 / 순종하는
46011,monopolism,yes,,3,0,1,0,,,,,독점주의 / 독점 상태 / 전매 제도
46017,excuted,no,excited|executed,1,0,1,0,,,,,실행
46028,chitterling,yes,,1,0,1,0,,,,,돼지 곱창
46029,shoerack,no,shoepack,1,0,1,0,,,,,신발 장
46030,hammerer,yes,,2,0,1,0,,,,,대장장이 / 해머로 두드리는 사람
46032,humbuck,no,jumbuck,1,0,1,0,,,,,``
46033,brdock,no,bodock|brock|burdock,1,0,1,0,,,,,우엉
46035,fumigacin,no,,1,0,1,0,,,,,푸미가신
46051,depigment,yes,,2,0,1,0,,,,,탈색하다 / …의 색소를 없애다
46057,consumingly,yes,,2,0,1,0,,,,,엄청나게 강렬하게 / 온 마음을 사로잡아
46077,poloneck,no,,1,0,1,0,,,,,터틀네크의
46083,purgee,no,burgee|puree|purge|purger|purree,2,0,1,0,,,,,추방된 사람 / 추방당한 사람
46090,paludism,yes,,1,0,1,0,,,,,말라리아
46093,endostosis,yes,,1,0,1,0,,,,,연골내골 형성
46094,dysmenorrheal,yes,,1,0,1,0,,,,,월경 곤란의
46095,subcortex,yes,,2,0,1,0,,,,,피질하 / 피질 하부
46096,antihelix,yes,,1,0,1,0,,,,,대이륜
46097,strangury,yes,,2,0,1,0,,,,,배뇨 곤란 / 유통 배뇨 곤란
46099,hematidrosis,yes,,1,0,1,0,,,,,혈한증
46100,necrotize,yes,,3,0,1,0,,,,,괴사시키다 / 괴사를 일으키다 / 괴사하다
46103,pustulation,yes,,2,0,1,0,,,,,고름집 / 농포
46117,adverseness,yes,,2,0,1,0,,,,,부정적임 / 불리함
46141,outplace,yes,,2,0,1,0,,,,,새 직장을 주선하다 / 재취직시키다
46158,smackhead,no,,1,0,1,0,,,,,헤로인 상습자
46172,refect,yes,,1,0,1,0,,,,,…을 기운나게 하다
46177,expropriator,yes,,1,0,1,0,,,,,몰수자
46208,antimutagen,no,,1,0,1,0,,,,,항돌연 변이 물질
46220,circumscrib,no,circumscribe,1,0,1,0,,,,,주위에 경계선을 긋다. 한계를 정하다. 제한하다.
46234,deoxidation,yes,,2,0,1,0,,,,,탈산 / 환원
46237,drudgeon,no,dudgeon,1,0,1,0,,,,,악착스럽게 일하는 사람
46240,miraclous,no,miraculous,1,0,1,0,,,,,기적적인
46247,etymologic,yes,,3,0,1,0,,,,,어원의 / 어원학의 / 어원상의
46269,suckup,no,,2,0,1,0,,,,,아첨쟁이 / 아부하는 녀석
46280,propend,yes,,2,0,1,0,,,,,~으로 기울다 / ~할 기분이 되다
46285,apograph,yes,,1,0,1,0,,,,,사본
46291,recoinage,yes,,2,0,1,0,,,,,개주 / 개주 화폐
46293,clublaw,no,,2,0,2,0,,,,,폭력 / 폭력주의
46296,contraprop,yes,,2,0,1,0,,,,,이중 반전 프로펠러 / 동축 프로펠러
46309,pollutionfree,no,,1,0,1,0,,,,,무공해의
46317,impropriate,yes,,3,0,1,0,,,,,개인 재산으로 옮기다 / 속인에게 옮겨진 / 성직자가 아닌 속인에게 옮기다
46318,kremlinology,no,,3,0,1,0,,,,,크렘리놀러지 / 구 소련학 / 구소련 연구
46324,crisic,yes,,3,0,1,0,,,,,위기의 / 고비의 / 공황의
46327,adhibit,yes,,3,0,2,0,,,,,들이다 / 쓰다 / 충당하다
46329,detractory,yes,,3,0,1,0,,,,,비난하는 / 욕하는 / 줄이는
46330,horizonal,no,horizontal,2,0,1,0,,,,,수평선의 / 지평선의
46333,breakoff,yes,,3,0,1,0,,,,,결렬 / 급히 멈추기 / 갑작스런 중단
46344,cloop,yes,,2,0,1,0,,,,,풍 / 펑
46348,erratical,yes,,3,0,1,0,,,,,불규칙한 / 일정치 못한 / 변덕스런
46349,impassibly,no,impassably|impassible|impossibly,3,0,1,0,,,,,고통에 둔감하여 / 무감각하게 / 무신경하게
46360,cardioactive,no,,1,1,1,0,,,,,심장 작용성의
46361,viscotoxin,no,,1,0,1,0,,,,,비스코톡신
46364,cyperaceous,yes,,1,0,1,0,,,,,사초과의
46367,chirurgeon,yes,,1,0,1,0,,,,,외과 의사
46368,piacular,yes,,3,0,1,0,,,,,속죄의 / 속죄하기 위한 / 속죄해야 할
46391,autointoxication,yes,,2,0,1,0,,,,,자기 중독 / 자가 중독
46396,wheelhorse,no,wheelhouse,2,0,1,0,,,,,뒤쪽 말 / 견실하고 유능한 일꾼
46418,socically,no,socially,1,0,1,0,,,,,사회적으로
46421,geniture,yes,,3,0,1,0,,,,,출생시의 항성의 위치 / 탄생 / 출생
46422,equinely,yes,,2,0,1,0,,,,,말처럼 / 말같이
46438,overween,yes,,2,0,1,0,,,,,뽐내다 / 거만하게 굴다
46443,immaterialist,yes,,1,0,1,0,,,,,비물질론자
46444,straphang,yes,,2,0,1,0,,,,,손잡이에 매달리다 / 통근하다
46445,apothecrary,no,apothecary,1,0,1,0,,,,,약제사
46447,foamingly,yes,,2,0,1,0,,,,,거품을 일으키며 / 입에 거품을 물고
46452,stickey,no,snickey|sticked|sticker|stickly|sticky|tickey,1,0,1,0,,,,,스티키
46472,pubococcygeal,yes,,1,0,1,0,,,,,치골미골
46479,nonshrink,no,,2,0,1,0,,,,,빨아도 줄지 않는 / 수축하지 않는
46482,loxygen,no,oxygen,1,0,1,0,,,,,액체 산소
46484,inconformity,yes,,2,0,2,0,,,,,불복종 / 불일치
46500,collapsibility,yes,,1,0,1,0,,,,,접을 수 있음
46501,croakily,yes,,1,0,2,0,,,,,쉰 목소리로
46503,uninterpreted,yes,,1,0,1,0,,,,,해석되지 않은
46508,upspring,yes,,3,0,1,0,,,,,뛰어오르다 / 발생하다 / 뛰어오름
46510,metooism,no,metopism,2,0,1,0,,,,,모방주의 / 추종
46513,drencher,yes,,3,0,2,0,,,,,호우 / 억수 / 물약 투여기
46516,flotage,yes,,3,0,1,0,,,,,부유 / 부유물 / 뗏목
46534,monachism,yes,,3,0,1,0,,,,,수도원 제도 / 수도원 생활 / 금욕 생활
46540,makedowith,no,,2,0,1,0,,,,,~으로 임시 변통하다 / 때우다
46545,ifany,no,fany,1,0,1,0,,,,,만약에 있다면; 만약에[설사] 있다손치더라도
46556,followsuit,no,,2,0,1,0,,,,,① 남이 내놓은 패와 같은 짝의 패를 내다 ② 남이 하는 대로 하다 / 선례를 따르다
46557,touchoff,no,,2,0,1,0,,,,,① ~을 발사하다; (폭발물에) 점화하다 ② 전화를 끊다 ③ ~을 정확히 묘사[표현]하다 ④ ~을 유발하다 / ~의 계기가 되다 ⑤ ~을 급히 스케치하다 ⑥ (그림에) 마지막 손질[가필]을 하다
46567,organogram,no,,1,1,2,0,,,,,조직도
46576,nonfreezing,yes,,2,0,1,0,,,,,부동의 / 얼지 않는
46591,lalapalooza,no,,2,0,1,0,,,,,눈에 띄는 사람 / 모범이 될 만한 걸작
46592,solanin,no,solanine,1,0,1,0,,,,,솔라닌
46599,imponderably,yes,,1,0,1,0,,,,,헤아리기 어렵게
46608,topograph,yes,,2,0,2,0,,,,,물체 표면의 정밀 사진 / 토포그래프
46613,Zenlike,no,henlike|penlike,2,0,1,0,,,,,1. 선불교같은 / 선문답같은  2. 스트레스 받아도 조용하고 차분한
46615,backover,no,,1,0,1,0,,,,,(신조어) 후방에 사람(특히 어린이)이 있는지 운전자가 모른 채 차량을 후진하여 치는 사고
46636,sphygmo,no,,1,0,1,0,,,,,「맥박」의 뜻
46657,massymore,no,,1,0,1,0,,,,,지하 감옥
46659,japlish,no,jailish|japish,3,0,1,0,,,,,일본 영어 / 영어를 많이 섞어 쓰는 일본어 / 일본식 영어
46671,satirizer,yes,,1,0,1,0,,,,,풍자하는 사람
46676,rufuge,no,refuge,2,0,1,0,,,,,피난처 / 은신처
46685,indigoid,yes,,1,0,1,0,,,,,인디고이드
46688,isooctane,no,,1,0,1,0,,,,,이소옥탄
46690,signalment,yes,,2,0,1,0,,,,,인상서 / 인상 착의
46694,photobiotic,yes,,2,0,1,0,,,,,생존에 빛을 필요로 하는 / 광생성의
46700,bedplate,yes,,2,0,1,0,,,,,대판 / 바닥널
46705,nigrosine,yes,,1,0,1,0,,,,,니그로신
46708,seperateness,no,separateness,1,0,1,0,,,,,개별성
46709,poruwa,no,,1,0,1,0,,,,,퍼루와 예식장 연단 스리랑카의
46714,nomadize,yes,,3,0,2,0,,,,,유목 생활을 하다 / 방랑하다 / 방랑하지 않을 수 없게 하다
46738,impavid,yes,,3,0,2,0,,,,,대담한 / 두려워하지 않는 / 겁없는
46740,multiformity,yes,,2,0,2,0,,,,,다양성 / 많은 형태
46750,stomatic,yes,,2,0,1,0,,,,,입의 / 기공의
46755,emulsifiable,yes,,1,0,1,0,,,,,유화할 수 있는
46756,pupilary,no,pupilar|pupillary,3,1,1,0,,,,,동공의 / 학생의 / 미성년기의
46757,gennesaret,no,,2,0,1,0,,,,,게네사렛 호 / 갈릴리 호
46764,deformalize,yes,,1,0,1,0,,,,,보다 통속적인 것으로 하다
46767,pressgang,yes,,2,0,1,0,,,,,강제로 징집하다 / 강요하다
46777,inclemnet,no,inclement,1,0,1,0,,,,,날씨가 엄혹한
46778,tranfusion,no,transfusion,1,0,1,0,,,,,주입.수혈
46781,loborsaving,no,laborsaving,1,0,1,0,,,,,노동절약
46783,plcid,no,placid|plaid,1,0,1,0,,,,,평온한
46785,omniscinet,no,omniscient,1,0,1,0,,,,,전지적인
46798,prestress,yes,,1,0,1,0,,,,,압축 응력을 주기
46817,ploid,no,aloid|plaid|plod|pyoid|uloid,1,0,1,0,,,,,「염색체수가 …인」의 뜻
46823,dornick,yes,,3,0,1,0,,,,,거력 / 주먹만한 크기의 둥근 돌 / 문직의 튼튼한 리넨
46831,fumblingly,no,humblingly|jumblingly|mumblingly|rumblingly|tumblingly,3,0,1,0,,,,,더듬거리며 / 어설프게 / 머뭇거리며
46837,battalia,yes,,3,0,1,0,,,,,전투 대형 / 진용 / 전투 서열
46841,praedial,yes,,3,0,1,0,,,,,토지의 / 부동산에 관한 / 토지에 예속한
46842,predial,yes,,3,0,1,0,,,,,토지의 / 부동산에 관한 / 토지에 예속한
46858,dicrotic,yes,,2,1,1,0,,,,,중박성의 / 중박의
46861,retibution,no,retribution,2,0,1,0,,,,,보상 / 앙갚음
46863,machiavellism,yes,,1,0,2,0,,,,,마키아벨리주의
46867,coalescer,no,coalesce,2,0,1,0,,,,,콜레서 / 코어레서
46869,elutriator,yes,,2,0,1,0,,,,,세광기 / 수비기
46877,sparger,yes,,3,0,1,0,,,,,스파저 / 분무기 / 다공 분산관
46880,precontract,yes,,3,0,1,0,,,,,예약 / 예약하다 / 선약
46883,boxroom,no,,1,0,1,0,,,,,작은 방
46893,assistor,yes,,3,0,2,0,,,,,조력자 / 돕는 사람 / 방조자
46897,eurocrat,no,,1,0,1,0,,,,,유럽 공동 시장의 사무국원
46903,mascon,no,ascon|gascon|macon|mascot|mason,2,0,1,0,,,,,매스콘 / 마스콘
46925,graywacke,yes,,2,0,1,0,,,,,유사 사암 / 경사암
46955,coerciveness,yes,,2,0,1,0,,,,,강압적임 / 강제적임
46962,retainable,yes,,2,0,1,0,,,,,보유할 수 있는 / 보류할 수 있는
46965,postponable,yes,,1,0,1,0,,,,,연기할 수 있는
46990,downrightly,yes,,3,0,1,0,,,,,솔직하게 / 노골적으로 / 주저 없이
46993,swellfish,yes,,1,0,1,0,,,,,복어
47001,phizog,yes,,2,0,1,0,,,,,얼굴 / 면상
47002,rhabdom,yes,,2,0,1,0,,,,,감간 / 봉상체
47012,necrotomy,yes,,3,0,1,0,,,,,시체 해부 / 괴사 조직 제거 / 부골 적출
47017,deflowerer,yes,,2,0,1,0,,,,,처녀성을 빼앗는 자 / 꽃과 같은 것을 앗아가는 이
47021,insurant,yes,,2,0,1,0,,,,,피보험자 / 보험 계약자
47029,anthropologic,no,,2,0,1,0,,,,,인류학의 / 인류학적인
47073,parotoid,yes,,2,0,1,0,,,,,이하선 / 이하선 모양의
47076,ethnogeny,yes,,1,0,1,0,,,,,민족 발생학
47081,archaeocyte,no,archeocyte,2,0,1,0,,,,,원시 세포 / 원생 세포
47090,preperably,no,preferably,3,0,1,0,,,,,되도록이면 / 오히려 / 차라리
47100,exobiologist,no,,1,0,1,0,,,,,우주 생물학자
47125,togate,yes,,1,0,1,0,,,,,고대 로마의
47127,decury,yes,,3,0,1,0,,,,,10인대 / 10인단 / 구분 집단
47132,bumpily,yes,,2,0,1,0,,,,,울퉁불퉁하게 / 평탄치 못하게
47139,riceballs,no,,1,0,1,0,,,,,주먹밥
47145,embosomed,no,,2,0,1,0,,,,,에워싸인 / 안긴
47150,procreant,yes,,3,0,1,0,,,,,출산의 / 아이를 낳는 / 출산력이 있는
47153,magnetical,yes,,3,0,1,0,,,,,자기의 / 마그네틱 / 매력 있는
47164,bottomry,yes,,2,0,1,0,,,,,선박 저당 항차 임차 계약 / 선박 저당 계약
47181,cardinally,yes,,2,0,1,0,,,,,가장 중요하게 / 가장 기본적으로
47199,semiretirement,yes,,1,0,1,0,,,,,비상근
47201,twolegged,no,,1,0,1,0,,,,,다리가 둘인
47218,basketlike,no,,1,0,1,0,,,,,바구니 같은
47220,cutesyness,no,,1,0,1,0,,,,,깜찍을 떪
47225,cameralism,yes,,1,0,1,0,,,,,카메랄리즘
47233,englishment,no,,1,0,1,0,,,,,영어역
47235,englishry,yes,,3,0,1,0,,,,,영국인임 / 영국 주민 / 영국 태생임
47237,speako,no,speak,2,0,1,0,,,,,발언 실수 / 스피코
47256,enveloper,yes,,1,0,1,0,,,,,둘러싸는 사람
47274,wrastle,yes,,4,0,1,0,,,,,레슬링 / 씨름하다 / 싸우다 / 빼앗다
47275,postkantian,no,,1,0,1,0,,,,,칸트 이후의
47277,heteronomously,yes,,3,0,1,0,,,,,타율적으로 / 다른 발달 법칙을 따라 / 보통 모양과 다르게
47284,bindingly,yes,,1,0,1,0,,,,,법적 구속력을 가지고
47298,bandog,yes,,2,0,1,0,,,,,맹견 / 번견
47324,ceyx,yes,,1,0,1,0,,,,,케이크스
47338,polydeuces,no,,1,0,1,0,,,,,폴리데우케스
47379,vertumnus,yes,,1,0,1,0,,,,,베르툼누스
47399,evanish,yes,,3,0,3,0,,,,,사라지다 / 소멸하다 / 죽다
47401,sparkish,yes,,3,0,1,0,,,,,화려한 / 멋진 / 미남자티를 내는
47402,libellist,no,libelist,2,0,1,0,,,,,중상자 / 비방자
47413,illegit,no,,3,0,2,0,,,,,부정직한 / 절조가 없는 / 부도덕한
47415,hyperconnectivity,no,,1,0,1,0,,,,,고도로 연결된 사회
47421,reckonable,yes,,2,0,1,0,,,,,계산할 수 있는 / 짐작할 수 있는
47425,overharvest,no,,2,0,1,0,,,,,너무 많이 수확하다 / 추수하다
47431,panelized,no,,2,0,1,0,,,,,프리패브의 / 조립식의
47435,nondiscriminate,no,,1,0,1,0,,,,,구별할수 없는
47440,excretive,yes,,3,0,1,0,,,,,배설하는 / 분비하는 / 배설적인
47444,genderlect,no,,2,0,1,0,,,,,성별언어 / 성별방언
47449,pinguid,yes,,3,0,2,0,,,,,지방이 많은 / 기름기가 도는 / 기름진
47453,cattlepost,no,,1,0,1,0,,,,,소키우는 곳
47457,overlearn,yes,,1,0,1,0,,,,,숙달 후에도 더욱 공부를 계속하다
47480,teletypesetter,yes,,2,0,1,0,,,,,텔레타이프 통신기 / 전송식 식자기
47483,balloonflower,yes,,1,0,1,0,,,,,도라지
47484,smalt,yes,,3,0,1,0,,,,,화려한 감청색 / 스몰트 / 화감청
47490,evenement,no,,3,0,1,0,,,,,사회적·정치적 대사건 / 사변 / 사건
47510,bradykinetic,yes,,1,0,1,0,,,,,동작이 완만한
47512,boarishly,yes,,2,0,1,0,,,,,음탕하게 / 잔인하게
47513,boarish,yes,,3,0,1,0,,,,,수퇘지 같은 / 육욕적인 / 잔인한
47518,nebulize,yes,,2,0,2,0,,,,,…을 안개 모양으로 하다 / 분무하다
47523,structurize,no,,1,0,1,0,,,,,조직화 하다
47540,innuit,yes,,3,0,1,0,,,,,이뉴잇어 / 이뉴잇족 / 그 언어
47542,unpliable,yes,,3,0,1,0,,,,,완고한 / 쉽게 굽혀지지 않는 / 설득에 따르지 않는
47546,tritagonist,yes,,2,0,1,0,,,,,제3역 / 제3 배우
47547,deuteragonist,yes,,3,0,1,0,,,,,제2역 / 주인공을 돋보이게 하는 배역 / 들러리 역할
47548,overcrow,yes,,2,0,1,0,,,,,…에 이겨서 뽐내다 / …을 압도하다
47554,triform,yes,,2,0,1,0,,,,,세 부분으로 이루어진 / 세 가지 성질을 가진
47561,natheless,no,nathless,2,0,1,0,,,,,그럼에도 불구하고 / 그렇지만
47563,forpined,no,forpine,2,0,1,0,,,,,수척해진 / 초췌해진
47565,gruffish,yes,,3,0,1,0,,,,,좀 걸걸한 / 다소 거친 / 좀 쉰
47566,quotha,yes,,3,0,1,0,,,,,참으로 / 정말 / 과연
47576,isomorph,yes,,3,0,1,0,,,,,이종 동형체 / 형태론적 등어선 / 동형체
47581,underrepresent,yes,,1,0,2,0,,,,,실제의 수량·정도보다 적게 표시하다
47586,crepy,yes,,2,0,1,0,,,,,크레이프 / 얇은 펜케이크
47589,stingaree,yes,,2,0,1,0,,,,,노랑가오리 / 가오리
47590,towaway,no,stowaway,2,1,1,0,,,,,강제 견인 / 강제 견인된 차
47610,auditiorium,no,auditorium,3,0,1,0,,,,,강당 / 대강의실 / 객석
47611,speedcop,no,,1,0,1,0,,,,,순찰 경관
47612,eyewithness,no,eyewitness,1,0,1,0,,,,,목격자
47613,ploof,no,aloof|cloof|loof|plook|poof|proof,1,0,1,0,,,,,증거
47615,experise,no,,3,0,1,0,,,,,지식 / 기술 / 전문가적인 의견
47616,introgue,no,intrigue,3,0,1,0,,,,,음모를 꾸미다 / 흥미를 불러일으키다 / 음모
47617,relapase,no,relapse,3,0,1,0,,,,,되돌아가다 / 다시 빠지다 / 재발하다
47618,postmonernism,no,,1,0,1,0,,,,,포스트모더니즘
47621,mounment,no,monument,2,0,1,0,,,,,기념물 / 기념관
47622,hydrogene,no,hydrogen,1,0,1,0,,,,,수소
47623,circumlocation,no,circumlocution,1,0,1,0,,,,,완곡어법
47625,overswork,no,overwork,3,0,1,0,,,,,과로하다 / 과로 / 초과 근무
47626,commoisseur,no,,2,0,1,0,,,,,감식가 / 감정인
47627,bandge,no,badge|bandage|bande|bandie|bandle|bange,2,0,1,0,,,,,붕대 / 붕대를 감다
47628,prescsribe,no,prescribe,2,0,1,0,,,,,처방을 내리다 / 규정하다
47629,postcript,no,postscript,2,0,1,0,,,,,추신 / 후기
47630,solicite,no,solicit|solicited|solicitee|soliciter,2,0,1,0,,,,,간청하다 / 얻으려고 하다
47631,fractricide,no,fratricide,2,0,1,0,,,,,형자(자매)살해(범) / 동족살해(범)
47632,enumnerate,no,enumerate,2,0,1,0,,,,,열거하다 / 낱낱이 세다
47633,couragenous,no,courageous,1,0,1,0,,,,,용감한
47634,temertiy,no,temerity,2,0,1,0,,,,,무모함 / 저돌성
47635,dilatoty,no,dilatory,2,0,1,0,,,,,느린 / 지연시키는
47637,apothoesis,no,apotheosis|apothesis,2,0,1,0,,,,,신격화 / 전형
47640,affentionate,no,affectionate,1,0,1,0,,,,,자애로운
47641,altrism,no,altruism,2,0,1,0,,,,,이타주의 / 이타심
47642,owenership,no,ownership,1,0,1,0,,,,,소유권
47643,metaphrase,yes,,3,0,1,0,,,,,직역 / 번역 / 직역하다
47644,impecunoius,no,impecunious,2,0,1,0,,,,,돈이 없는 / 가난한
47645,impenertrable,no,impenetrable,2,0,1,0,,,,,관통할 수 없는 / 불가해한
47646,beneficient,no,beneficent,3,0,1,0,,,,,도움을 주는 / 선행을 베푸는 / 친절한
47649,embroiderr,no,embroider|embroiderer|embroidery,1,0,1,0,,,,,수를 놓다
47650,conterculture,no,,2,0,1,0,,,,,반문화 / 반체제
47651,conterbalance,no,counterbalance,3,0,1,0,,,,,균형을 잡아주다 / 평행추 / 균형을 잡아주는 것
47652,conterpart,no,counterpart,2,0,1,0,,,,,대응하는 사람 / 상대
47654,epodemic,no,epidemic,4,0,1,0,,,,,유행성의 / 전염성의 / 유행병 / 급속한 확산
47655,abstrude,no,abstruse,2,0,1,0,,,,,난해한 / 심오한
47656,assmble,no,assemble,3,0,1,0,,,,,모으다 / 모이다 / 조립하다
47657,verifty,no,verify|verity,2,0,1,0,,,,,입증하다 / 확인하다
47658,symmentry,no,symmetry,2,0,1,0,,,,,대칭 / 균형
47659,anthorophobia,no,,1,0,1,0,,,,,대인 공포증
47660,dehybrate,no,dehydrate,3,0,1,0,,,,,탈수하다 / ~에서 수분을 없애다 / 건조시키다
47661,erasion,yes,,3,0,1,0,,,,,삭제 / 말소 / 소파
47662,erective,yes,,2,0,1,0,,,,,곧추서는 힘이 있는 / 직립력이 있는
47663,indefectible,yes,,3,0,1,0,,,,,썩지 않는 / 완벽한 / 흠 없는
47666,expulsive,yes,,3,0,1,0,,,,,추방하는 / 구축력이 있는 / 배제성의
47667,foreunner,no,forerunner,6,0,1,0,,,,,선인 / 선조 / 선구자 / 징조 / 전조 / 예보
47668,beseige,no,besiege,4,0,1,0,,,,,포위하다 / 쇄도하다 / (요구/문제로) 공격하다 / 괴롭히다
47669,astrict,yes,,3,0,1,0,,,,,구속하다 / …을 속박하다 / …을 묶다
47671,maladjstment,no,maladjustment,3,0,1,0,,,,,불량 / 부적응 / 불균형
47672,nepocracy,no,neocracy,2,0,1,0,,,,,친족정치 / 재벌정치
47673,obstrusive,no,obtrusive,2,0,1,0,,,,,강요하는 / 주제넘게 나서는
47674,obciate,no,obviate,3,0,1,0,,,,,예방하다 / 미연에 방지하다 / ~을 불필요하게 하다
47678,retrocede,yes,,3,0,1,0,,,,,반환하다 / 되돌아가다 / 물러가다
47679,tensible,yes,,2,0,1,0,,,,,늘어나는 / 잡아늘일 수 있는
47701,blandshment,no,blandishment,1,0,1,0,,,,,임시 야영지
47713,overword,yes,,2,0,1,0,,,,,후렴 / 되풀이하는 말
47718,paperazzi,no,,1,0,1,0,,,,,페이퍼라치
47724,neuropath,yes,,2,0,1,0,,,,,신경병 환자 / 신경병 소질자
47734,lamebrain,no,,3,0,1,0,,,,,얼간이 / 바보 / 멍청이
47738,compilatory,yes,,3,0,1,0,,,,,편집의 / 편찬의 / 모음집의
47740,dissatisfier,no,dissatisfied,1,0,1,0,,,,,불안요인
47741,hallucinant,no,,2,0,1,0,,,,,환각제 / 환각 물질
47745,misease,yes,,3,0,1,0,,,,,불쾌 / 고통 / 빈곤
47748,opponency,yes,,3,0,1,0,,,,,저항 / 대항 상태 / 반대
47750,chromat,no,achromat|chrobat|chroma|chromate,1,0,1,0,,,,,「색」 「염색질」의 뜻
47754,unruffle,yes,,2,0,2,0,,,,,조용해지다 / 가라앉다
47765,sidetrip,no,,1,0,1,0,,,,,짧은 방문
47788,alveole,yes,,3,0,1,0,,,,,치조 / 폐포 / 선방
47789,periostitis,yes,,1,0,1,0,,,,,골막염
47793,olfactology,yes,,1,0,1,0,,,,,후각학
47794,cholecyst,yes,,1,0,1,0,,,,,담낭
47806,caressive,yes,,3,0,1,0,,,,,애무하듯 하는 / 어루만지는 / 맹목적으로 귀여워하는
47813,foundationer,yes,,1,0,1,0,,,,,장학생
47814,copemate,yes,,2,0,1,0,,,,,적대자 / 동료
47827,inconsumable,yes,,3,0,1,0,,,,,소모할 수 없는 / 소모품이 아닌 / 태워 없앨 수 없는
47829,typhlitis,yes,,1,0,1,0,,,,,맹장염
47932,fairily,yes,,3,0,1,0,,,,,요정처럼 / 요정같이 / 우아하게
47943,adfreeze,no,,1,0,1,0,,,,,빙결력으로 고정시키다
47970,exhibitable,yes,,2,0,1,0,,,,,전시할 수 있는 / 전시할 만한
47989,autophobia,yes,,1,0,1,0,,,,,자기 공포증
47990,ergonomist,no,,1,0,1,0,,,,,인간공학자
47993,newsflow,no,,1,0,1,0,,,,,기업에서 공표하는 소식과 거기에서 파생되는 뉴스
47999,incomunicado,no,incommunicado,3,0,1,0,,,,,독방에 감금된 / 남과의 연락이 끊겨 / 독방에 갇혀
48005,maravedi,yes,,3,0,1,0,,,,,이슬람 시대의 스페인·모로코의 디나르 금화 / 마라베디 / 중세 스페인의 통화 단위
48010,phosphorate,yes,,2,0,1,0,,,,,…을 인과 화합시키다 / …에 인광을 내게 하다
48018,auxotroph,no,autotroph,2,0,1,0,,,,,영양 요구 변이주 / 영양 요구체
48030,nomology,yes,,3,0,1,0,,,,,법률학 / 입법학 / 법칙론
48031,chidingly,yes,,2,0,1,0,,,,,타일러서 / 잔소리하여
48037,reflationary,no,deflationary|relationary,2,0,1,0,,,,,경기 부양의 / 통화 재팽창의
48057,allopath,yes,,1,0,1,0,,,,,대증 요법 의사
48071,contributiveness,yes,,2,0,1,0,,,,,공헌도 / 기여도
48072,unshroud,yes,,2,0,1,0,,,,,수의를 벗기다 / …에 노출시키다
48073,corrodent,yes,,3,0,1,0,,,,,부식성의 / 부식제 / 좀먹는
48076,fluoric,yes,,3,0,1,0,,,,,플루오르의 / 형광석의 / 형석의
48080,vibratile,yes,,3,0,1,0,,,,,진동성의 / 진동 가능한 / 진동의
48113,tattery,yes,,2,0,1,0,,,,,누더기의 / 갈기갈기 찢어진
48116,annullable,yes,,1,0,1,0,,,,,취소할 수 있는
48120,glisteningly,yes,,2,0,1,0,,,,,반짝이며 / 번들거리며
48131,gunport,no,,2,0,1,0,,,,,포문 / 총안
48137,ovality,no,orality,1,0,1,0,,,,,진원도
48139,parenthese,no,parentheses,1,0,1,0,,,,,괄호
48143,equitability,no,,2,0,1,0,,,,,공정성 / 공평성
48157,irreconcilability,yes,,3,0,1,0,,,,,불화 / 부조화 / 대립
48160,syngenesis,yes,,3,0,1,0,,,,,유성 생식 / 동시 생성 / 동생
48171,gerontocrat,yes,,1,0,2,0,,,,,장로 정치인
48177,appraisingly,yes,,2,0,2,0,,,,,살피듯 / 뜯어보듯
48178,photomural,yes,,2,0,1,0,,,,,벽면 사진 / 사진 벽화
48179,hocky,yes,,2,0,1,0,,,,,거짓말 / 허풍
48183,greenmailer,no,,1,0,1,0,,,,,그린메일 행위를 하는 사람
48184,tetched,no,fetched|wetched,2,0,1,0,,,,,좀 돈 / 미친
48197,stagflating,no,,1,0,1,0,,,,,경기 침체하의 인플레이션의
48207,opodeldoc,yes,,1,0,1,0,,,,,오포델도크
48210,despitefulness,yes,,3,0,1,0,,,,,악의적임 / 심술궂음 / 경멸적임
48211,dewfall,yes,,3,0,1,0,,,,,이슬이 내리기 / 결로 / 땅거미질 때
48212,ethnocentricity,no,,1,0,1,0,,,,,자기 민족 중심주의
48216,unacclimated,yes,,1,0,1,0,,,,,순화하지 않은
48259,harpylike,yes,,2,0,1,0,,,,,하피 같은 / 잔인한
48270,fascine,yes,,3,0,1,0,,,,,섶단 / 장작단 / 막대기 다발
48271,aggradation,yes,,2,0,2,0,,,,,퇴적 작용 / 매적 작용
48281,dreep,yes,,2,0,1,0,,,,,쓸모없은 사람 / 가련한 사람
48295,beento,no,,1,0,1,0,,,,,영국에서 산 적이 있는 사람
48299,cliental,yes,,2,0,1,0,,,,,의뢰인의 / 고객 관계의
48300,associste,no,associate,3,0,1,0,,,,,부 / 준 / 동료
48302,desiderium,no,,3,0,1,0,,,,,갈망 / 열망 / 아쉬운 마음
48303,ventage,yes,,3,0,1,0,,,,,작은 구멍 / 배출구 / 분출구
48308,inspirator,yes,,3,0,1,0,,,,,흡입기 / 주입기 / 감화를 주는 사람
48309,flameholder,no,,1,0,1,0,,,,,보염기
48321,brassiness,yes,,3,0,1,0,,,,,귀에 거슬림 / 야함 / 말을 막 함
48335,needleleaf,no,,1,0,1,0,,,,,침엽의
48345,Abolutely,no,absolutely,1,0,1,0,,,,,절대적으로 그렇지요
48352,extravagate,yes,,3,0,1,0,,,,,엉뚱한 짓을 하다 / 상도를 벗어나다 / 잘못을 저지르다
48353,affectionless,no,,1,0,1,0,,,,,애정 없는
48370,sinicize,yes,,1,0,1,0,,,,,중국화하다
48373,confirmity,yes,,2,0,1,0,,,,,동조 / 순응
48377,corrodible,yes,,1,0,1,0,,,,,부식될 수 있는
48378,creepage,yes,,3,0,1,0,,,,,천천히 걷는 걸음걸이 / 몰래 다가가기 / 천천히 걸음
48385,galvanically,yes,,3,0,1,0,,,,,갈바니 전기에 의해 / 전기충격을 가하듯 / 대단히 충격적으로
48388,presideover,no,,1,0,1,0,,,,,사회를 보다
48389,dermatologis,no,dermatologist,1,0,1,0,,,,,피부과 의사
48395,conspirational,no,,2,0,1,0,,,,,음모의 / 모의의
48396,diminishingly,yes,,3,0,1,0,,,,,줄어들어 / 약해져 / 줄이며
48397,bulletheaded,yes,,1,0,1,0,,,,,머리가 조막만한
48399,abubble,no,bubble,3,0,2,0,,,,,거품이 일어 / 들끓어 / 동요하여
48400,uninterest,no,,2,0,1,0,,,,,무관심 / 관계 없음
48402,lionization,yes,,2,0,1,0,,,,,유명 인사 취급 / 치켜세움
48404,semisecret,yes,,2,0,1,0,,,,,반은 공표된 / 비공표이지만 공지된
48420,conicity,yes,,1,0,1,0,,,,,원뿔형
48430,fraternalism,yes,,1,0,1,0,,,,,우애주의
48441,breastpiece,yes,,3,0,1,0,,,,,가슴받이 / 흉판 / 복갑
48449,dysphonic,yes,,1,0,1,0,,,,,발성 곤란의
48464,compoud,no,compound,1,0,1,0,,,,,관저
48465,sequest,yes,,1,0,1,0,,,,,결리하다 은퇴하다
48494,derogatoey,no,derogatory,2,0,1,0,,,,,권위 / 평판을 떨어뜨리는
48516,haredum,no,,1,0,1,0,,,,,정통의 회교종파
48519,prosthese,no,,1,0,1,0,,,,,보철 인공기관
48520,angioimmunoblasticlymphadenopathy,no,,1,0,1,0,,,,,혈관면역모세포림프절병증
48521,angioimmunoblastic,no,,1,0,1,0,,,,,혈관면역모세포의
48522,homophilla,no,,1,0,1,0,,,,,혈우병
48523,cabeat,no,caveat,1,0,1,0,,,,,절차정지신청
48528,fluty,yes,,3,0,2,0,,,,,플루트 같은 / 아름답고 맑은 / 피리 소리 같은
48529,anathma,no,anathema,1,0,1,0,,,,,파문 파기 저주 악담 금기 혐오대상
48531,squir,no,squib|squid|squin|squire|squirk|squirm|squirr|squirt|squit,1,0,1,0,,,,,분출하다
48533,ombudjemen,no,,1,0,1,0,,,,,행정관찰관 민원처리감찰관
48536,bierschnap,no,,1,0,1,0,,,,,모름?
48537,molass,no,molasse|molassy|morass,1,0,1,0,,,,,모름?
48538,colocynth,yes,,1,0,1,0,,,,,콜로신스
48546,buzzormeter,no,,1,0,1,0,,,,,모름?
48549,torper,no,toper|topper|torpor|troper,1,0,1,0,,,,,모름?
48550,voyance,yes,,1,0,1,0,,,,,모름?
48557,perdiem,no,,1,0,1,0,,,,,일당
48562,Authology,no,anthology|autology,1,0,1,0,,,,,명시선집 문집 작품집
48582,fussbudget,no,,1,0,1,0,,,,,공연히 떠드는 사람
48598,iconize,no,ionize|ironize,2,0,1,0,,,,,…을 숭배하다 / 우상화하다
48617,hypercitical,no,hypercritical,1,0,1,0,,,,,혹평적인
48620,complementarily,no,complimentarily,2,0,1,0,,,,,상호 보완적으로 / 상보적으로
48626,nosography,yes,,2,0,1,0,,,,,질병 기술학 / 질병론
48629,pravity,yes,,2,0,1,0,,,,,타락 / 부패
48630,chucklingly,yes,,1,0,1,0,,,,,빙그레 웃으며
48631,trunkful,yes,,3,0,1,0,,,,,트렁크 하나 가득 / 다량 / 다수
48641,gynephobia,yes,,2,0,1,0,,,,,여성 공포 / 여성 공포증
48645,unoppressed,yes,,1,0,1,0,,,,,억압되어 있지 않은
48646,subomject,no,,1,0,1,0,,,,,과목
48647,cludy,no,cloudy,1,0,1,0,,,,,구름이 낀 날
48648,bananan,no,banana,1,0,1,0,,,,,바나나
48651,erodibility,no,,1,0,1,0,,,,,침식 가능성
48652,nominalize,no,,1,0,1,0,,,,,명사화하다
48660,myotome,yes,,3,0,1,0,,,,,근절 / 근판 / 근절개기
48666,euphausiid,yes,,2,0,1,0,,,,,크릴새우 / 크릴새우류의
48669,severalfold,yes,,3,0,1,0,,,,,여러 겹의 / 여러 겹으로 / 수겹의
48679,laitance,yes,,1,0,1,0,,,,,레이턴스
48686,impenetrate,yes,,2,0,1,0,,,,,…에 깊이 침투하다 / 뚫고 들어가다
48688,centipoise,yes,,1,0,1,0,,,,,센티푸아즈
48701,contortedness,yes,,3,0,1,0,,,,,뒤틀림 / 일그러짐 / 왜곡됨
48702,contortedly,yes,,3,0,1,0,,,,,뒤틀려서 / 일그러져서 / 왜곡되어
48710,remitter,yes,,3,0,1,0,,,,,권원 회복 / 반송 / 복권
48713,meteorism,yes,,1,0,1,0,,,,,고창
48716,banqueter,yes,,1,0,1,0,,,,,연회 참석자
48723,wagger,yes,,1,0,1,0,,,,,휴지통
48728,supership,no,,1,0,1,0,,,,,초대형선
48739,pondokkie,yes,,2,0,1,0,,,,,조잡한 판자집 / 엉성한 가건물
48744,hypereutectic,yes,,1,0,1,0,,,,,과공정의
48746,oversquare,no,,1,0,1,0,,,,,엔진이 행정 보다 더 큰 실린더 구멍을 가진 것
48749,termor,yes,,1,0,1,0,,,,,정기부동산권자
48765,viership,no,,1,0,1,0,,,,,시청률
48769,headily,yes,,3,0,1,0,,,,,자극적으로 / 흥분시키며 / 의기양양하게
48771,hypercorrectly,no,,2,0,1,0,,,,,지나치게 까다롭게 / 과잉 의식 어법으로
48772,anableps,yes,,1,0,1,0,,,,,네눈박이속의 물고기
48773,underbudgeted,no,,1,0,1,0,,,,,예산 부족의
48779,exhilarant,yes,,3,0,1,0,,,,,기분을 상쾌하게 하는 음료 / 흥분제 / 명랑한
48782,biorational,no,birational,2,0,1,0,,,,,생물학적 합리 살충제 / 생물학적으로 합리성이 있는
48786,harehearted,yes,,3,0,1,0,,,,,소심한 / 기가 약한 / 겁이 많은
48787,immigrational,no,,3,0,1,0,,,,,이주의 / 이민의 / 출입국 관리의
48791,gweeb,no,gweed,1,0,1,0,,,,,모범생
48795,multiped,yes,,2,0,1,0,,,,,다족의 / 다족 동물
48815,stratal,yes,,2,0,1,0,,,,,지층의 / 층의
48816,reglet,yes,,3,0,1,0,,,,,홈 / 평이랑 / 목인테르
48822,snaggy,yes,,3,0,1,0,,,,,옹이 투성이의 / 유목이 많은 / 뾰족하게 튀어나온
48827,admittee,yes,,1,0,1,0,,,,,입장 허가를 받은 사람
48828,indifferency,yes,,2,0,1,0,,,,,무관심 / 냉담
48838,probusiness,yes,,3,1,1,0,,,,,비즈니스에 호의적인 / 친재계의 / 재계편의
48843,cathodically,yes,,1,0,1,0,,,,,음극으로
48857,schtupp,no,,1,0,1,0,,,,,성교를 하다
48858,compellation,yes,,3,0,1,0,,,,,호칭 / 말을 걸기 / 그 태도
48859,desuete,yes,,2,0,1,0,,,,,시대에 뒤진 / 한물간
48860,immethodical,yes,,3,0,1,0,,,,,무질서한 / 방식이 없는 / 불규칙한
48868,fanfaronade,yes,,3,0,1,0,,,,,허풍 / 허세 / 팡파르
48872,counterscammer,no,,1,0,1,0,,,,,역사기꾼
48878,springly,yes,,1,0,1,0,,,,,탄성이 있는
48882,filate,yes,,3,0,1,0,,,,,실의 / 실 모양의 / 실로 된
48884,distent,yes,,1,0,1,0,,,,,팽창된
48890,gladiate,yes,,1,0,1,0,,,,,검 모양의
48891,pettitoes,yes,,3,0,2,0,,,,,돼지 족발 / 발가락 / 발
48893,hereinbelow,no,,3,0,1,0,,,,,하기에 / 이하에 / 아래에
48896,precompose,yes,,2,0,1,0,,,,,미리 만들다 / 미리 작성해 두다
48903,handfast,yes,,3,0,1,0,,,,,약속 / 꽉 쥔 / 손으로 잡다
48904,coinstantaneous,yes,,1,0,1,0,,,,,동시의
48916,abyssalbenthic,no,,1,0,1,0,,,,,심해저의
48918,abuttal,yes,,3,0,1,0,,,,,경계 / 인접지 / 인접
48920,abustle,no,arustle|bustle,2,0,1,0,,,,,웅성거려 / 술렁거려
48922,abuilding,no,building,2,0,1,0,,,,,건축 중에 / 건축 중인
48926,abstriction,yes,,1,0,1,0,,,,,아포가 형성 분열할 때 아포벽에 의해서 죄어지기
48930,abstersion,yes,,3,0,1,0,,,,,세척 / 하제 사용 / 세정
48931,abstergent,yes,,3,0,1,0,,,,,세척제 / 세척력이 있는 / 하제
48932,absterge,yes,,3,0,1,0,,,,,변을 통하게 하다 / …을 닦아내다 / 청소하다
48935,absorbedly,yes,,2,0,1,0,,,,,열중하여 / 흥미진진하게
48937,absonant,yes,,2,0,1,0,,,,,조화되지 않는 / 맞지 않는
48938,absolutory,yes,,1,0,1,0,,,,,사면의
48939,absolutize,yes,,1,0,1,0,,,,,절대화하다
48941,absinthism,yes,,2,0,1,0,,,,,압신틴 중독 / 압생트 중독
48942,abscisin,no,abscision,2,0,1,0,,,,,아브시진 / 아브시신
48943,abscind,yes,,2,0,1,0,,,,,…을 절단하다 / 잘라내다
48952,abovedeck,yes,,3,0,1,0,,,,,갑판 위에 / 있는 그대로 / 노골적으로
48954,abortuary,no,,1,0,1,0,,,,,임신 중절 병원
48955,aborning,no,borning,3,2,1,0,,,,,태어날 때에 / 태어나는 / 결실되어 가는
48957,abolisher,yes,,1,0,1,0,,,,,철폐시키는 자
48959,aboil,yes,,3,0,1,0,,,,,끓어올라 / 흥분하여 / 끓고 있는
48961,abnormalness,yes,,2,0,1,0,,,,,이상함 / 비정상적임
48962,abnormalize,yes,,2,0,1,0,,,,,이상 상태로 만들다 / 이상하게 하다
48964,abmodality,no,,1,0,1,0,,,,,편차
48965,ablush,yes,,1,0,1,0,,,,,얼굴을 붉히고
48966,ablegate,yes,,1,0,1,0,,,,,교황 특사
48969,ablator,yes,,1,0,1,0,,,,,융제재
48970,ablatively,no,,1,0,1,0,,,,,절제술을 통해
48971,ablatival,yes,,1,0,1,0,,,,,탈격적인
48972,abjectness,yes,,2,0,1,0,,,,,극도로 비참함 / 비굴함
48973,abirritation,yes,,1,0,1,0,,,,,자극제거
48974,abirritate,yes,,1,0,1,0,,,,,…의 자극을 완화하다
48975,abirritant,yes,,2,0,1,0,,,,,자극 완화제 / 진정제
48977,abiosis,yes,,2,0,1,0,,,,,생활력 결여 / 무기력 상태
48979,abiogenically,no,,1,0,1,0,,,,,자연발생적으로
48981,abiogenetically,yes,,1,0,1,0,,,,,자연발생적으로
48984,abiochemistry,no,biochemistry,1,0,1,0,,,,,무기 화학
48986,abidingly,yes,,2,0,1,0,,,,,지속적으로 / 변함없이
48987,abider,yes,,2,0,1,0,,,,,준수자 / 거주자
48991,aberdevine,yes,,1,0,1,0,,,,,검은방울새
48994,abecedarium,yes,,1,0,1,0,,,,,입문서
48998,abbreviatory,yes,,1,0,1,0,,,,,생략의
49003,abask,yes,,3,0,1,0,,,,,알맞게 훈훈해져서 / 쬐어 / 따사롭게
49005,abaptiston,yes,,1,0,1,0,,,,,소원추천두기
49006,abalienate,yes,,1,0,1,0,,,,,양도하다
49007,abaculus,yes,,3,0,1,0,,,,,모자이크용 타일 / 나무 조각 / 작은 주판
49008,abacterial,no,bacterial,1,0,1,0,,,,,비세균성의
49009,aasvogel,no,,2,0,1,0,,,,,흰머리수리의 일종 / 독수리의 일종
49013,guardless,yes,,3,0,1,0,,,,,보호가 없는 / 방호구가 없는 / 방심한
49018,hebetic,yes,,1,0,1,0,,,,,사춘기의
49026,versemonger,yes,,1,0,1,0,,,,,풋내기 시인
49038,acatalepsy,yes,,1,0,1,0,,,,,불가지론
49039,stockbreeder,yes,,1,0,2,0,,,,,목축업자
49055,indistinctive,yes,,3,0,1,0,,,,,특색 없는 / 눈에 띄지 않는 / 차별하기 어려운
49070,sleeky,yes,,4,0,1,0,,,,,매끄러운 / 윤기나는 / 약은 / 말재주 있는
49075,crackbrain,yes,,3,0,1,0,,,,,머리가 돈 사람 / 어리석은 사람 / 미친 사람
49076,punctation,yes,,3,0,2,0,,,,,작은 반점이 있음 / 반점 / 점
49077,fleshment,yes,,1,0,1,0,,,,,처음 성공했을 때의 흥분
49079,consignation,yes,,3,0,1,0,,,,,위탁 / 탁송 / 교부
49088,contemplator,yes,,2,0,1,0,,,,,숙고하는 사람 / 숙고자
49094,liveweight,no,,1,0,1,0,,,,,생체중
49099,compositive,yes,,2,0,2,0,,,,,복합적인 / 합성의
49101,effortfully,no,,3,0,2,0,,,,,노력하여 / 애를 써서 / 억지로
49102,alure,yes,,2,0,1,0,,,,,복도 / 회랑
49109,chillily,yes,,3,0,1,0,,,,,차가운 / 껄끄러운 / 냉정한
49134,overexcite,yes,,1,0,1,0,,,,,지나치게 흥분시키다
49135,overreport,no,,2,0,1,0,,,,,과장 보고 / 과장 보도하다
49145,hermeneutically,yes,,2,0,1,0,,,,,해석으로 / 해석학적으로
49147,historicize,yes,,3,0,1,0,,,,,역사화하다 / 사실에 입각시키다 / 사실을 이용하다
49166,stratopause,no,,1,0,1,0,,,,,성층권 계면
49167,mesopause,no,menopause,2,0,1,0,,,,,중간권 계면 / 메조포즈
49188,indigenize,no,,3,0,1,0,,,,,현지인화하다 / …에 현지인을 우선 채용하다 / 토착화시키다
49194,calorifier,yes,,2,0,1,0,,,,,액체 가열기 / 온수기
49195,yellowbellied,no,,1,0,1,0,,,,,겁많은
49200,squillion,no,squillian,2,0,1,0,,,,,큰돈 / 셀 수 없을 정도로 큰 수
49206,somnambul,no,somnambule,1,0,1,0,,,,,「몽유」 「몽유증 자」의 뜻
49209,maracanda,no,,1,0,1,0,,,,,마라칸다
49213,mandarinate,yes,,3,0,1,0,,,,,고급 관료 / 고급 관료 정치 / 중국 관료
49216,gigglingly,yes,,2,0,1,0,,,,,피식 웃으면서 / 킥킥거리면서
49220,terraqueous,yes,,3,0,1,0,,,,,수륙 양생의 / 수륙으로 이루어진 / 수륙의
49222,penetrameter,no,penetrometer,1,0,1,0,,,,,투과도계
49228,resocialization,no,desocialization,1,0,1,0,,,,,재사회화
49229,schizophrene,yes,,1,0,1,0,,,,,정신 분열증 환자
49230,undetachable,yes,,3,0,1,0,,,,,떼놓을 수 없는 / 분리 불능의 / 불가분의
49231,atheistically,yes,,1,0,1,0,,,,,무신론적으로
49234,demandable,yes,,1,0,1,0,,,,,요구할 수 있는
49235,depurate,yes,,1,0,1,0,,,,,정화하다
49236,fleabite,yes,,3,0,1,0,,,,,사소한 일 / 벼룩에 물린 자국 / 벼룩이 물기
49237,erectility,yes,,1,0,1,0,,,,,발기력
49238,bovinity,yes,,2,0,1,0,,,,,둔감함 / 둔중함
49246,granulo,no,granula|granule,1,0,1,0,,,,,「소립」「미립자」의 뜻
49247,conclusional,yes,,3,0,1,0,,,,,결론적인 / 결말의 / 마무리의
49253,delir,no,deair|delia,1,0,1,0,,,,,섬망 상태가 되다
49254,deliriant,yes,,3,0,1,0,,,,,섬망 발생성의 / 헛소리 발생약 / 섬망 발생 물질
49255,educt,yes,,3,0,1,0,,,,,추론의 결과 / 추출물 / 석출물
49256,obsecrate,yes,,2,0,1,0,,,,,탄원하다 / 정식으로 간청하다
49259,distingue,yes,,3,0,1,0,,,,,품위 있는 / 고상한 / 뛰어난
49265,predatorial,no,prefatorial,3,0,1,0,,,,,약탈하는 / 생물을 잡아먹는 / 육식하는
49269,accreditable,no,,1,0,1,0,,,,,믿을 수 있는
49273,cellulous,yes,,3,0,2,0,,,,,세포가 많은 / 세포로 된 / 세포성의
49280,disintermediate,no,,1,0,1,0,,,,,은행 예금을 대량 인출하다
49285,geezed,no,geezer,2,0,1,0,,,,,몹시 취한 / 마약으로 흥분한
49286,debarrass,yes,,2,0,1,0,,,,,곤란으로부터 해방하다 / 제거해서 …을 편하게 해주다
49288,pluvious,yes,,3,0,1,0,,,,,비의 / 비가 많은 / 비에 의한
49290,pensile,yes,,3,0,1,0,,,,,매달린 / 드리워진 / 매달리게 집을 짓는
49292,dormitive,yes,,3,0,1,0,,,,,잠이 오게 하는 / 최면성의 / 최면성
49301,shewbread,yes,,1,0,1,0,,,,,진설병
49302,purtenance,yes,,1,0,1,0,,,,,내장
49304,palmerworm,no,,2,0,1,0,,,,,등나무잎말이패나방류의 유충 / 나방의 유충
49305,dispend,yes,,2,0,2,0,,,,,지급하다 / 지출하다
49317,ponderation,yes,,2,0,2,0,,,,,숙려 / 고려
49318,imparter,yes,,2,0,1,0,,,,,전하는 사람 / 나누어 주는 사람
49324,progenitive,yes,,3,0,1,0,,,,,번식하는 / 생식력 있는 / 생식의
49325,philanthropize,yes,,2,0,1,0,,,,,자선을 베풀다 / 자비롭게 하다
49337,jokebook,no,,2,0,1,0,,,,,소화집 / 익살을 담은 책
49338,corelate,no,copelate|correlate,2,0,1,0,,,,,서로 관련시키다 / 상관관계를 입증하다
49344,extrapunitive,no,,2,0,1,0,,,,,외벌 혐의 / 외벌형의
49355,forworn,no,foreworn|forlorn|forsworn,3,0,1,0,,,,,피로한 / 지친 / 기진맥진한
49364,bigener,yes,,2,0,1,0,,,,,두 속간 잡종 / 속간 잡종
49367,judicare,no,judicate,1,0,1,0,,,,,법률 서비스
49376,rello,no,cello|hello|rollo,1,0,1,0,,,,,친척
49381,augmentable,yes,,1,0,1,0,,,,,늘릴 수 있는
49382,electrodeposit,yes,,2,0,1,0,,,,,전착물 / …을 전착시키다
49385,Yangyoung,no,,1,0,1,0,,,,,양영
49392,Bosung,no,bosun,1,0,1,0,,,,,보성
49393,Songsan,no,songman,1,0,1,0,,,,,송산
49407,steepy,yes,,1,0,1,0,,,,,가파른
49418,upstretched,no,unstretched,2,0,1,0,,,,,위쪽으로 뻗은 / 위로 뻗친
49428,trichotomous,yes,,3,0,1,0,,,,,3으로 나누는 / 셋으로 갈라진 / 삼차의
49437,clemently,yes,,2,0,1,0,,,,,온화하게 / 관대하게
49450,autokinetic,yes,,1,0,1,0,,,,,자동적인
49457,desolator,no,desolater,1,0,1,0,,,,,황량하게 만드는 사람
49459,alligation,no,allegation,3,0,1,0,,,,,혼합법 / 부착 / 결합
49460,allotee,yes,,2,0,1,0,,,,,할당을 받는 사람 / 피배당자
49462,museumgoer,no,,1,0,1,0,,,,,박물관에 잘 가는 사람
49469,auscultator,yes,,3,0,1,0,,,,,청진기 / 청진법을 쓰는 의사 / 청진자
49471,astrogation,no,,2,0,2,0,,,,,우주 항법 / 우주 항행
49473,eudaemonist,yes,,2,0,1,0,,,,,행복주의자 / 행복설 지지자
49481,incompliance,yes,,3,0,1,0,,,,,승낙하지 않음 / 불순종 / 고집셈
49482,quickchange,no,,2,0,1,0,,,,,여객기에서 화물 수송기로 신속히 개조할 수 있는 / 얼른 변하는
49490,unright,yes,,2,0,1,0,,,,,옳지 않은 / 부정
49499,immersible,yes,,3,0,1,0,,,,,침수 가능의 / 수중용의 / 내수성의
49511,intermesh,yes,,1,0,1,0,,,,,서로 맞물리다
49513,budger,yes,,1,0,1,0,,,,,의견을 바꾸는 사람
49515,conglomerateur,no,,1,0,1,0,,,,,복합 기업 경영자
49519,deforce,yes,,2,0,1,0,,,,,불법 점유하다 / 몰아내다
49520,tranquilite,no,tranquility|tranquilize,2,0,1,0,,,,,트랭퀼라이트 / 티탄·철·마그네슘으로 이루어짐
49527,laryng,no,larynx,1,0,1,0,,,,,「후두」의 뜻
49528,pharyngo,no,,1,0,1,0,,,,,「인두」의 뜻
49534,xantho,no,,1,0,1,0,,,,,「황색」 「크산토겐산」의 뜻
49535,phyte,no,phyle,1,1,1,0,,,,,「…한 습성을 가진 식물」「병적 증식」의 뜻
49545,eggheaded,no,,2,0,1,0,,,,,지식인의 / 지식인 행세를 하는
49549,referendary,yes,,2,0,1,0,,,,,국민 투표의 / 보통선거의
49552,bebopper,no,,1,0,1,0,,,,,비밥 연주자
49565,feminie,yes,,2,0,1,0,,,,,여성 / 부인
49580,reinspect,yes,,1,0,1,0,,,,,재검사 하다
49583,sanitarian,yes,,3,0,1,0,,,,,위생의 / 깨끗하고 건강에 좋은 / 공중 위생학자
49584,ignitability,yes,,2,0,1,0,,,,,가연성 / 점화 가능성
49585,configurated,no,configurate,1,0,1,0,,,,,표면에 무늬가 든
49592,pedodontics,no,pedodontic,1,0,1,0,,,,,소아 치과
49596,consenter,yes,,2,0,1,0,,,,,동의하는 사람 / 승낙자
49599,intramundane,yes,,2,0,1,0,,,,,이 세상의 / 물질 세계 내의
49601,formful,yes,,3,0,1,0,,,,,폼을 잡아 뵈는 / 폼이 볼만한 / 모양이 보기 좋은
49603,disciplinable,yes,,3,0,1,0,,,,,훈련할 수 있는 / 징계되어야 할 / 훈계할 만한
49606,conferree,no,conferee|conferrer,3,0,1,0,,,,,회의 출석자 / 상담 상대 / 수령자
49610,reposal,yes,,3,0,1,0,,,,,위탁 / 두기 / 둠
49611,leadenhearted,yes,,3,0,1,0,,,,,무자비한 / 활기 없는 / 무기력한
49612,descrier,yes,,2,0,1,0,,,,,보게 된 사람 / 발견자
49613,glorifier,yes,,1,0,1,0,,,,,미화하는 사람
49620,contrivable,no,,2,0,1,0,,,,,고안할 수 있는 / 용케 할 수 있는
49629,earbash,no,,1,0,1,0,,,,,계속 지껄여대다
49632,calenture,yes,,3,0,1,0,,,,,열대성 열병 / 일사병 / 열사병
49675,ischiadynia,no,,1,0,1,0,,,,,좌골신경통
49676,psellism,yes,,1,0,1,0,,,,,말더듬
49677,overachiver,no,,2,0,1,0,,,,,지능에 비하여 학력 수준이 높은 학생 / 능력 이상의 성적을 올리는 사람
49679,pilcrow,yes,,1,0,1,0,,,,,단락 기호
49680,limpdick,no,,1,0,1,0,,,,,겁 많고 온순한 사람
49689,hardstuff,no,,3,0,1,0,,,,,중독성이 있는 마약 / 강한 술 / 큰돈
49696,unaging,yes,,2,0,1,0,,,,,늙지 않는 / 불로의
49703,franticness,yes,,2,0,1,0,,,,,정신없이 서두름 / 제정신이 아님
49705,curricle,yes,,2,0,1,0,,,,,말 두필이 끄는 2륜 포장 마차 / 2륜 쌍두마차
49706,dominative,yes,,2,0,2,0,,,,,지배적인 / 우세한
49711,turfman,yes,,3,0,1,0,,,,,경마광 / 경마말의 마주 / 경주마의 마주
49718,abdominopelvic,no,,2,0,1,0,,,,,복부골반 / 배골반
49722,isolative,yes,,3,0,1,0,,,,,독립의 / 유리된 / 고립성의
49730,snooperscope,yes,,1,0,1,0,,,,,암시경
49731,snoopervision,no,,1,0,1,0,,,,,지나친 개입을 특징으로 하는 경영 스타일
49732,seclusive,yes,,3,0,1,0,,,,,나서기를 꺼리는 / 교제를 싫어하는 / 은둔적인
49736,confisticate,no,confusticate,3,0,1,0,,,,,몰수하다 / 압수하다 / 징발하다
49746,strigiform,no,,1,0,1,0,,,,,올빼미류의
49758,diprotodont,yes,,1,0,1,0,,,,,초식 유대류의
49767,anisakiasis,no,,1,0,1,0,,,,,고래회충유충증
49768,chenopod,yes,,2,0,1,0,,,,,명아주속의 식물의 총칭 / 명아주
49777,hutia,yes,,1,0,1,0,,,,,아프리카대나무쥐
49779,dioecism,yes,,2,0,1,0,,,,,암수딴그루 / 자웅이주
49786,intendency,no,intendancy|intendence,1,0,1,0,,,,,행정구
49792,tukkis,no,turkis,1,0,1,0,,,,,엉덩이
49803,deontologist,yes,,1,0,1,0,,,,,의무론자
49820,singnature,no,signature,1,0,1,0,,,,,표준의
49822,distractedness,yes,,2,0,1,0,,,,,산만함 / 산란함
49823,hardhanded,yes,,3,0,1,0,,,,,손이 거칠어진 / 압제적인 / 가혹한
49824,blindage,yes,,1,0,1,0,,,,,방탄벽
49827,bribee,yes,,2,0,1,0,,,,,수회자 / 뇌물 받는 사람
49844,mumeson,no,,1,0,1,0,,,,,뮤중간자
49847,musak,no,musa|musal|musar|musk,2,0,1,0,,,,,무선·유선으로 보내어지는 백그라운드 뮤직 / 녹음 배경 음악
49859,christophany,yes,,1,0,1,0,,,,,예수의 현현
49860,theanthropic,yes,,1,1,1,0,,,,,신과 인간의 양성을 가지는
49864,noncontradiction,yes,,1,0,1,0,,,,,모순이 없음
49868,aseity,yes,,1,0,1,0,,,,,자존성
49871,subapostolic,yes,,1,0,1,0,,,,,사도 시대에 뒤이은
49894,undeeded,yes,,1,0,1,0,,,,,실행되지 않은
49899,adiaphora,no,adiaphoral,1,0,1,0,,,,,아디아포라
49905,capuche,yes,,2,0,1,0,,,,,카푸초 / 두건
49923,neologize,yes,,2,0,1,0,,,,,신조어를 만들다 / 새 교리를 창출하다
49929,proneur,yes,,1,0,1,0,,,,,아첨꾼
49930,infopreneur,no,,1,0,1,0,,,,,정보 통신 기업가
49939,impaint,yes,,1,0,1,0,,,,,그리다
50253,genous,no,genius|genos|genus|venous,1,0,1,0,,,,,「…을 생기게 하는」 「…으로 산출된」의 뜻
50259,triphthong,yes,,3,0,1,0,,,,,삼중모음 / 삼중음자 / 3중모음
50260,monophthong,yes,,1,0,1,0,,,,,단모음
50261,astrometeorology,yes,,1,0,1,0,,,,,천체 기상학
50265,astrophotograph,no,astrophotography,1,0,1,0,,,,,천체 사진
50268,expendability,yes,,2,0,1,0,,,,,소비할 수 있음 / 사용 후 버려도 괜찮음
50272,mammet,no,mammea|mammee|mammer|mammut|maumet|mommet,3,0,1,0,,,,,허수아비 / 인형 / 이상한 사람 모습
50278,uptilt,yes,,1,0,1,0,,,,,…을 위로 기울이다
50286,conjection,no,confection|connection|contection|convection,2,0,1,0,,,,,추측 / 유추
50290,disrupture,yes,,3,0,1,0,,,,,중단 / 두절 / 분열
50291,intimity,yes,,2,0,1,0,,,,,친밀 / 은밀
50306,guttation,yes,,2,0,1,0,,,,,배수 / 일액
50307,glassiness,yes,,3,0,1,0,,,,,유리질 / 유리 같음 / 무표정함
50319,psychache,no,,1,0,1,0,,,,,정신통
50324,atheoretical,no,theoretical,2,0,2,0,,,,,비논리적인 / 비이론적인
50329,tearstain,yes,,1,0,1,0,,,,,눈물 자국
50359,pointille,no,,2,0,1,0,,,,,금의 반점으로 꾸며진 / 점묘 화법의
50367,charlady,yes,,3,0,1,0,,,,,파출부 / 청소부 / 날품팔이 여자
50373,rrhagia,no,,1,0,1,0,,,,,「이상 배출」 「유출 과다」의 뜻
50378,misuser,yes,,3,0,1,0,,,,,남용 / 오용자 / 학대자
50391,gladsomely,yes,,2,0,1,0,,,,,즐겁게 / 기쁘게
50402,hypoth,no,,3,0,1,0,,,,,가설 / 가설의 / 가설상의
50406,hagged,yes,,2,0,1,0,,,,,마녀 같은 / 말라빠진
50408,inspectionism,no,,1,0,1,0,,,,,관음증
50416,theriac,yes,,3,0,1,0,,,,,당밀 / 만병 통치약 / 수십 종의 약품과 벌꿀을 섞은 제독제
50420,reconceptualized,no,,2,0,1,0,,,,,재개념화된 / 재정립된
50426,surroudings,no,surroundings,2,0,1,0,,,,,주변(의 상황) / 환경
50427,technography,yes,,2,0,1,0,,,,,과학사 / 기술사
50440,fernbrake,yes,,1,0,1,0,,,,,양치 덤불
50460,aceldama,yes,,3,0,1,0,,,,,아겔다마 / 예루살렘 근처의 지명 / 살육과 유혈의 땅
50470,codiscoverer,yes,,1,0,1,0,,,,,공동 발견자
50475,tobogganer,yes,,2,0,1,0,,,,,토보건을 타는 사람 / 토보건 경기자
50488,misappreciation,yes,,2,0,1,0,,,,,착오 / 잘못된 인식
50511,topdollar,no,,1,0,1,0,,,,,최고 한도액
50524,haplology,yes,,1,0,1,0,,,,,중음탈락
50565,earnouts,no,,1,0,1,0,,,,,차후정산
50570,reddendum,yes,,1,0,1,0,,,,,보류 조항
50571,habendum,yes,,2,0,1,0,,,,,물건 표시 조항 / 물권 표시 조례
50579,dopenik,no,,1,0,2,0,,,,,마약 중독자
50580,detoxicant,yes,,3,0,2,0,,,,,해독성의 / 해독약 / 해독제
50586,leadenness,yes,,1,0,1,0,,,,,무기력
50590,relentingly,yes,,2,0,1,0,,,,,부드럽게 / 고분고분
50592,disrelish,yes,,3,0,1,0,,,,,…을 싫어하다 / 혐오하다 / 싫음
50598,heterogamy,yes,,3,0,1,0,,,,,이형 배우자 수정 / 이형 접합 / 이형 배우
50599,homozygosis,yes,,3,0,1,0,,,,,동형 접합 / 동형 접합성 / 동형
50611,chromonema,yes,,2,0,1,0,,,,,염색사 / 나선사
50613,qmffhdnjq,no,,1,0,1,0,,,,,블로웝
50614,akskdsfhweiulvrvsefrscdfssx,no,,1,0,1,0,,,,,아크스크프의 권리
50617,undiscernible,yes,,3,0,1,0,,,,,식별할 수 없는 / 인지할 수 없는 / 잘 보이지 않는
50619,nubilous,yes,,3,0,1,0,,,,,흐린 / 안개가 자욱한 / 애매한
50620,indoubted,no,undoubted,2,0,1,0,,,,,의심할 여지 없는 / 확실한
50622,lionheartedness,yes,,1,0,1,0,,,,,용맹한
50624,sanguineless,yes,,2,0,1,0,,,,,혈색이 없는 / 빈혈의
50625,hypothermal,yes,,3,0,1,0,,,,,미지근한 / 저온의 / 심열수의
50629,commensuration,yes,,3,0,1,0,,,,,약분 / 균등 / 균형
50632,racant,no,rasant|recant|vacant,1,0,1,0,,,,,철회하다
50633,privisions,no,,1,0,1,0,,,,,식량
50634,amphibolic,yes,,3,0,1,0,,,,,불명확한 / 불안정한 / 두 가지 뜻으로 해석되는
50637,viperous,yes,,3,0,1,0,,,,,살무사의 / 음흉한 / 살무사 같은
50641,ereate,no,create,1,0,1,0,,,,,재창조
50645,pavid,yes,,3,0,1,0,,,,,겁 많은 / 무서워하고 있는 / 주뼛주뼛하는
50648,embracive,yes,,2,0,1,0,,,,,포옹을 좋아하는 / 포괄적인
50649,cosmical,yes,,2,0,1,0,,,,,우주의 / 지구 세계의
50654,bacony,yes,,3,0,1,0,,,,,비계살이 찐 / 뚱뚱하게 살찐 / 지방질의
50657,standpatter,yes,,1,0,1,0,,,,,보수주의자
50659,waney,no,laney|maney|wandy|wane|waned|wanly|wanny|wanty|wany|wavey,3,0,1,0,,,,,이울어져 가는 / 쇠퇴해 가는 / 둥글게 다듬은
50661,unurged,yes,,2,0,1,0,,,,,자발적으로 / 자유의사로
50664,battlesome,yes,,1,0,1,0,,,,,싸움을 좋아하는
50665,counterposition,yes,,1,0,1,0,,,,,해독제
50666,irremidiable,no,irremediable,1,0,1,0,,,,,치료할 수 없는;구제불능의
50667,conversible,yes,,1,0,1,0,,,,,정반대로 할 수 있는
50671,truebred,yes,,3,0,1,0,,,,,순종의 / 가정 교육이 잘된 / 혈통이 바른
50687,paedomorphism,yes,,1,0,1,0,,,,,유형 보유
50709,kimbab,no,,1,0,1,0,,,,,김밥
50714,konwn,no,known,1,0,1,0,,,,,알려진 유명한
50715,konwing,no,knowing,2,0,1,0,,,,,앎 / 아는것이 많은
50732,forejudge,yes,,2,0,1,0,,,,,…을 미리 판단하다 / 예단하다
50733,forjudge,yes,,2,0,1,0,,,,,실권시키다 / 추방하다
50736,dyskeratosis,yes,,1,0,1,0,,,,,이상각화증
50745,microfilament,no,,2,0,1,0,,,,,미세 섬유 / 마이크로필라멘트
50747,tonofilament,no,monofilament,1,0,1,0,,,,,당김미세섬유
50749,plasmalemma,no,,2,0,1,0,,,,,원형질막 / 세포막
50754,cowardy,yes,,3,0,1,0,,,,,비겁한 / 겁쟁이같이 / 비열한
50774,booziness,yes,,1,0,1,0,,,,,술에 진탕 취함
50784,semierect,yes,,2,0,1,0,,,,,불완전 직립의 / 반직립성의
50785,sundrenched,no,undrenched,1,0,1,0,,,,,햇볕이 강한
50786,boomingly,yes,,2,0,1,0,,,,,우르릉하는 소리를 내며 / 붐을 일으키며
50808,profligte,no,profligate,3,0,1,0,,,,,부도덕한 / 방탕한 / 품행이 나쁜
50819,incoporate,no,incorporate,2,0,1,0,,,,,포함하다 / 결합하다
50828,reconstructible,no,,1,0,1,0,,,,,재현될 수 있는
50830,berefit,no,barefit|benefit|bereft,1,0,1,0,,,,,잃은
50841,warblogs,no,,1,0,1,0,,,,,정치와 관련된 내용을 주로 다루는 블로그
50844,kittyblog,no,,1,0,1,0,,,,,무의미하고 지루한 정보들로 가득한 블로그
50845,standfirst,no,,1,0,1,0,,,,,기사에 관한 추가적인 내용을 서술한 문장. 보통 기사 제목 바로 아래 위치.
50848,flatplan,no,,1,0,1,0,,,,,(주로 신문에서) 기사 및 광고 배치를 정하는 행위
50849,redletter,no,reletter,1,0,1,0,,,,,특종 등을 붉은색 글씨로 강조해 싣는 행위
50850,moblogging,no,,1,0,1,0,,,,,스마트폰을 이용해 이미지 등을 가미한 블로그를 작성하는 행위
50851,bliki,no,,1,0,1,0,,,,,블로그와 위키피디아의 합성어. 제 3자가 참여해 자유롭게 편집이 가능한 블로그를 지칭.
50852,nctj,no,,1,0,1,0,,,,,영국 National Council for Training of Journalists의 줄임말
50853,coverline,no,covelline|coversine|overline,1,0,1,0,,,,,잡지 커버에 달리는 부연 설명
50861,jumpline,no,tumpline,1,0,1,0,,,,,(페이지 변경으로 인해 끊어졌을 경우) 기사가 끝난 것이 아니며 추후 페이지에 이어질 것을 알리는 표시
50866,blawg,no,blaw,1,0,1,0,,,,,법을 전문적으로 다루는 블로그
50867,churnalism,no,,1,0,1,0,,,,,(부정적) 직접 취재 없이 보도자료나 타 기사를 재편집해 기사로 내보내는 행위
50868,dowdification,no,,1,0,1,0,,,,,인용구를 조작하는 행위
50872,glossite,no,glassite|glessite|glossate,1,0,1,0,,,,,(다소 선정적인) 여성 잡지의 웹사이트
50875,cioj,no,cion,1,0,1,0,,,,,영국 Chartered Institute of Journalists의 줄임말
50876,spadia,no,spadix|stadia,1,0,1,0,,,,,불필요하게 신문 1면에 배치되어 읽기를 방해하는 광고 혹은 광고성 글
50877,freesheet,no,,1,0,1,0,,,,,구독료가 없고 무료로 배포되는 대신 광고료로 수익을 올리는 출판물
50879,dogblogging,no,,1,0,1,0,,,,,(다양한 이유로) 블로그 운영이 어려워 짐을 지칭하는 단어
50889,rubious,yes,,1,1,1,0,,,,,루비색의
50894,dwine,yes,,1,0,1,0,,,,,수척해지다
50897,unthrifty,yes,,1,1,1,0,,,,,낭비하는
50900,unbless,yes,,1,0,1,0,,,,,불행하게 하다
51302,juridiction,no,jurisdiction,1,1,1,0,,,,,관할 구역
51305,retainage,no,,1,1,1,0,,,,,지불 유보금
51327,vlsp,no,,1,1,1,0,,,,,자발적 토지 교환 계획
51328,aitc,no,ait|aitch,1,0,1,0,,,,,미국 목재 건설 협회
51331,catchbasin,no,,1,0,1,0,,,,,수쳇 구명
51333,diathermal,yes,,1,1,2,0,,,,,투열의
51346,outgrower,no,,1,1,1,0,,,,,계약 재배자
51351,sarking,yes,,1,1,1,0,,,,,살킹
51353,muntin,yes,,2,1,1,0,,,,,창살 / 문살
51355,awmac,no,,1,0,1,0,,,,,캐나다의 건축 목공 제조업체 협회
51360,micropile,no,micropyle,1,1,1,0,,,,,마이크로 파일
51367,bifma,no,birma,1,0,1,0,,,,,미국 사무가구 생산자 협회
51369,aosa,no,alosa|ansa|asa|dosa|rosa|xosa,1,0,1,0,,,,,공식 종자 분석 협회
51372,bissc,no,,1,0,1,0,,,,,제빵 산업 위생 표준위원회
51373,crsi,no,cris,1,1,1,0,,,,,콘크리트 철근 협회
51374,eima,no,egma|eimak|emma|erma|hima|ima|lima|mima|pima|rima|sima,1,0,1,0,,,,,외부 단열 마감 시스템 산업 회원 연합
51377,erq,no,er|era|erd|ere|erg|err|ers,1,0,1,0,,,,,건축주의 요구사항
51379,hpva,no,hova,1,0,1,0,,,,,견목 합판 및 베니어 협회
51380,cispi,no,,1,0,1,0,,,,,주철 하수관 협회
51381,dasma,no,dama|dasya|desma,1,0,1,0,,,,,도어 및 액세스 시스템 제조업체 협회
51382,clfmi,no,,1,0,1,0,,,,,체인 링크 펜스 제작자 협회
51389,jaloisie,no,jalousie,3,1,1,0,,,,,블라인드 창 / 미늘실 창문 / 배니션 블라인드
51390,sodering,no,sobering|soldering,1,1,1,0,,,,,납땜질
51396,cffa,no,affa|caffa,1,0,1,0,,,,,화학 섬유 필름 협회
51412,aapfco,no,,1,0,1,0,,,,,미국 비료 관리 공무원 연합
51417,ejma,no,egma|ejam|emma|erma|ijma,1,0,1,0,,,,,익스팬션 조인트 제작자 협회
51418,edcf,no,,1,1,1,0,,,,,대외 경제 협력 기금
51421,aeic,no,aeric|amic,1,0,1,0,,,,,에디슨 조명 회사 협회
51423,resubmittal,no,,1,1,1,0,,,,,재 제출물
51426,shearwall,no,,1,0,1,0,,,,,전단벽
51427,revison,no,ravison|revision|revisor,1,1,1,0,,,,,수정
51432,skinnig,no,skinning,1,1,1,0,,,,,스키닝
51434,rqd,no,rad|red|rid|rod|rud,1,1,1,0,,,,,암질지수
51436,cisca,no,circa|cisco|cista,1,0,1,0,,,,,천장 및 인테리어 시스템 건축 협회
51439,awpa,no,apa|awa,1,0,1,0,,,,,미국 목재 보호 협회
51446,cfsei,no,,1,0,1,0,,,,,냉간 압연 엔지니어 협회
51447,strecher,no,stretcher,1,1,1,0,,,,,스트레처
51462,waterstop,no,,1,1,1,0,,,,,지수판
51466,mwfrs,no,,1,1,1,0,,,,,풍하중에 대한 주요 시스템
51467,opng,no,pong,1,0,1,0,,,,,개구부
51475,aatcc,no,,1,0,1,0,,,,,미국 섬유 화학 및 칼라리스트 연합
51479,fabriction,no,fabrication,1,1,1,0,,,,,조립
51490,bhma,no,bema|bhima|boma,1,0,1,0,,,,,미국 건축 철물 제조자 협회
51493,portract,no,portrait|protract,2,0,1,0,,,,,오래 끌다 / 길게 연장하다
51498,ecama,no,lecama,1,0,1,0,,,,,전자 부품 조립 및 재료 협회
51499,resolder,yes,,1,1,1,0,,,,,재접합하다
51502,orthosomnia,no,,1,1,1,0,,,,,오쏘 썸니아
51506,deligence,no,diligence,1,1,1,0,,,,,부지런함
51513,fermente,no,ferment|fermenter,1,1,1,0,,,,,발효하다
51520,leafer,yes,,1,1,1,0,,,,,단풍 관광객
51522,anaerobiosis,yes,,1,1,1,0,,,,,무산소 생활
51524,eccentic,no,eccentric,1,1,1,0,,,,,괴짜의
51525,uncensorable,yes,,1,1,1,0,,,,,검열하지 않는
51547,hysterie,no,hysteria|hysteric,1,0,1,0,,,,,히스테리
51554,golftel,no,,2,1,1,0,,,,,골프텔 / 골프장을 갖춘 호텔
51560,putterhead,no,butterhead|cutterhead,2,1,1,0,,,,,퍼터헤드 / 퍼팅하는 퍼터의 클럽의 머리
51564,coporal,no,caporal|corporal,1,0,1,0,,,,,상병
51565,katusa,no,katuka,2,1,1,0,,,,,카투사 / 주한 미육군 증원한국군
51575,aidman,no,adman|airman,2,0,1,0,,,,,위생병 / 응급 요원
51579,yummylicious,no,,1,0,1,0,,,,,아주 맛있는
51589,levigator,yes,,3,0,1,0,,,,,고운 가루로 만드는 도구 / 매끄럽게 만드는 사람 / 고운 가루로 만드는 사람
51604,uncomfortalbe,no,uncomfortable,1,1,1,0,,,,,불편한
51613,distoclusion,yes,,1,0,1,0,,,,,비근후문상
51614,apexification,no,,1,0,1,0,,,,,근관증
51615,apicoectomy,yes,,1,0,1,0,,,,,아치와이어 조정
51618,abfraction,no,,2,0,1,0,,,,,치경부 굴곡파절 / 치경부 마모증
51619,facebow,no,,1,0,1,0,,,,,페이스보우 (안면 교합기)
51623,bondfill,no,,1,0,1,0,,,,,본드필
51625,gingivectomy,yes,,1,0,1,0,,,,,잇몸 부분 절제
51638,shimstock,no,,1,0,1,0,,,,,심스탁 (높이 체크 얇은 종이)
51639,edentulism,no,,1,0,1,0,,,,,무치증
51643,dentinogenesis,no,,1,0,1,0,,,,,치아형성
51647,alveoloplasty,no,,1,0,1,0,,,,,치조성형술
51650,prophy,no,trophy,1,0,1,0,,,,,프로피
51651,endosseous,no,,1,0,1,0,,,,,내골
51652,praque,no,paque|plaque|puraque,1,0,1,0,,,,,치태
51655,orthopantomogram,no,,1,0,1,0,,,,,전면투사 영상
51657,cariostatic,no,,1,0,1,0,,,,,치근억제제
51660,interocclusal,no,,1,0,1,0,,,,,교차 교합
51667,microabrasion,no,,1,0,1,0,,,,,미세 마모
51677,pneumatization,no,,1,0,1,0,,,,,공기화
51678,debubblizer,no,,1,0,1,0,,,,,디버블라이저
51679,promixal,no,,1,0,1,0,,,,,인접면 (치아와 치아 사이의)
51681,distalization,no,,1,0,1,0,,,,,후방 이동
51683,genioplasty,yes,,1,0,1,0,,,,,턱성형술
51687,diagnodent,no,,1,0,1,0,,,,,디아노덴트
51689,buccolingual,yes,,1,0,1,0,,,,,앞뒤 방향
51690,enameloplasty,no,,1,0,1,0,,,,,에나멜 형성
51694,distolingual,no,,1,0,1,0,,,,,근뒤쪽선
51702,odontoplasty,no,odontoplast,1,0,1,0,,,,,치과성형술
51706,gingivoplasty,no,,1,0,1,0,,,,,치조유화술
51717,sialolithiasis,yes,,1,0,1,0,,,,,타액석증
51721,photobiomodulation,no,,1,0,1,0,,,,,광생체조절
51723,hemisection,yes,,1,0,1,0,,,,,치과 절단기법
51726,palatoplasty,yes,,1,0,1,0,,,,,구개성형술
51729,frenectomy,no,,1,0,1,0,,,,,결합막 절제술
51737,sialorrhea,yes,,1,0,1,0,,,,,타액과다증
51743,autotransplantation,yes,,1,0,1,0,,,,,자가 이식
51744,mesiodens,no,,1,0,1,0,,,,,중점치
51747,pericoronitis,no,,1,0,1,0,,,,,치주농양
51751,recontouring,no,,1,0,1,0,,,,,재형성
51755,overdenture,no,,1,0,1,0,,,,,오버덴처
51756,dentulous,no,edentulous,1,0,1,0,,,,,덴츨러스
51759,anodontia,yes,,1,0,1,0,,,,,결손치
51764,supraocclusion,yes,,1,0,1,0,,,,,치석
51767,sialogogue,no,sialagogue,1,0,1,0,,,,,구순염
51773,microleakage,no,,1,0,1,0,,,,,미세 누출
51774,pulpectomy,yes,,1,0,1,0,,,,,펄펙토미
51776,fissurotomy,no,,1,0,1,0,,,,,외회전 운동
51876,newstopia,no,,1,0,1,0,,,,,정보가 자유롭게 흐르는 이상 세계
51877,clandescent,no,candescent,3,1,1,0,,,,,비밀히 한 / 날몰래 하는 / 첩보활동
51880,hyperthetical,yes,,2,0,1,0,,,,,가상의 / 가설의
51897,percipitation,no,precipitation,2,1,1,0,,,,,강수량 / 침전
51898,ominpotent,no,omnipotent,1,1,1,0,,,,,전능한
51917,deleteriousness,yes,,2,1,1,0,,,,,해로움 / 유해함
51918,bellicism,yes,,2,1,1,0,,,,,호전성 / 투쟁적 성격(태도)
51926,bigfooting,no,,2,0,1,0,,,,,권력지배 / 권위 휘두르기
52015,revolutionalize,no,,1,0,1,0,,,,,대변혁을 일으키다
52026,antipredatory,no,,1,0,1,0,,,,,포식자 방어의
52594,Workstream,no,,2,1,0,1,,,,,작업 흐름 / 작업 스트림
53508,tentsite,no,,2,1,0,1,,,,,텐트 장소 / 야영지
